{"epoch": 14, "train_loss_epoch": 0.4423575699329376, "train_auc_epoch": 0.8584194267162796, "train_acc_epoch": 0.7987075255367938, "valid_auc_epoch": 0.7933516965068236, "valid_acc_epoch": 0.7187639946260636, "_timestamp": 1670126437.9092436, "_runtime": 143.6139554977417, "_step": 14, "best_epoch": 4, "best_train_loss": 0.4688994586467743, "best_train_auc": 0.8378516205498558, "best_train_acc": 0.7844277673545966, "best_valid_auc": 0.8000292141396436, "best_valid_acc": 0.7344379758172862, "_wandb": {"runtime": 143}}