{"epoch": 19, "train_loss_epoch": 0.6086638569831848, "train_auc_epoch": 0.7282384012500605, "train_acc_epoch": 0.6422781569965871, "valid_auc_epoch": 0.7157888681601291, "valid_acc_epoch": 0.6442786069651741, "_timestamp": 1668601282.7943954, "_runtime": 63.98245048522949, "_step": 19, "_wandb": {"runtime": 63}}