{"epoch": 49, "train_loss_epoch": 0.5694102644920349, "train_auc_epoch": 0.7998228486166541, "train_acc_epoch": 0.6493675030746379, "valid_auc_epoch": 0.7792189551611111, "valid_acc_epoch": 0.4890282131661442, "_timestamp": 1670525474.9812477, "_runtime": 3087.3817586898804, "_step": 49, "best_epoch": 39, "best_train_loss": 0.5694350600242615, "best_train_auc": 0.7991848526678572, "best_train_acc": 0.6493675030746379, "best_valid_auc": 0.7794200030177243, "best_valid_acc": 0.4890282131661442, "_wandb": {"runtime": 3087}}