{"epoch": 17, "train_loss_epoch": 0.4801240861415863, "train_auc_epoch": 0.8264633666301913, "train_acc_epoch": 0.7779512530147423, "valid_auc_epoch": 0.8011327702388176, "valid_acc_epoch": 0.7299596954769368, "_timestamp": 1670024858.5778148, "_runtime": 1216.6243789196014, "_step": 17, "best_epoch": 7, "best_train_loss": 0.48145171999931335, "best_train_auc": 0.825605843960639, "best_train_acc": 0.7776158379785654, "best_valid_auc": 0.8063271084743477, "best_valid_acc": 0.716077026421854, "_wandb": {"runtime": 1216}}