{"epoch": 30, "train_loss_epoch": 0.45030373334884644, "train_auc_epoch": 0.8514120933190746, "train_acc_epoch": 0.794907377525334, "valid_auc_epoch": 0.808410622389588, "valid_acc_epoch": 0.735333631885356, "_timestamp": 1670117916.7961605, "_runtime": 345.1735165119171, "_step": 30, "best_epoch": 20, "best_train_loss": 0.4542188346385956, "best_train_auc": 0.8483842301722255, "best_train_acc": 0.7919140902342994, "best_valid_auc": 0.8110920630640175, "best_valid_acc": 0.7348858038513211, "_wandb": {"runtime": 344}}