{"epoch": 23, "train_loss_epoch": 0.4586898982524872, "train_auc_epoch": 0.8430676883314554, "train_acc_epoch": 0.789855295303504, "valid_auc_epoch": 0.8096899448783761, "valid_acc_epoch": 0.7330944917151814, "_timestamp": 1669893800.9297895, "_runtime": 5739.514490604401, "_step": 23, "best_epoch": 13, "best_train_loss": 0.46044206619262695, "best_train_auc": 0.8410842638105768, "best_train_acc": 0.7869304494900312, "best_valid_auc": 0.810982911333481, "best_valid_acc": 0.7411553963278101, "_wandb": {"runtime": 5742}}