{"epoch": 52, "train_loss_epoch": 0.4578409194946289, "train_auc_epoch": 0.8442214518252381, "train_acc_epoch": 0.7906531009918701, "valid_auc_epoch": 0.8197848747804927, "valid_acc_epoch": 0.7384684281236006, "_timestamp": 1669831238.2342532, "_runtime": 1765.1704452037811, "_step": 52, "best_epoch": 42, "best_train_loss": 0.4577895998954773, "best_train_auc": 0.8442232516519237, "best_train_acc": 0.7903376511364181, "best_valid_auc": 0.8198651334058871, "best_valid_acc": 0.7384684281236006, "_wandb": {"runtime": 1765}}