{"epoch": 28, "train_loss_epoch": 0.42821556329727173, "train_auc_epoch": 0.8729660858946475, "train_acc_epoch": 0.8076827572506953, "valid_auc_epoch": 0.7652531517562193, "valid_acc_epoch": 0.6932377966860725, "_timestamp": 1669730161.397979, "_runtime": 395.93262910842896, "_step": 28, "best_epoch": 18, "best_train_loss": 0.4658403694629669, "best_train_auc": 0.8454809572909535, "best_train_acc": 0.7878923321414382, "best_valid_auc": 0.7668310363314745, "best_valid_acc": 0.6914464845499328, "_wandb": {"runtime": 395}}