{"epoch": 27, "train_loss_epoch": 0.5653738975524902, "train_auc_epoch": 0.8017743526374448, "train_acc_epoch": 0.6512333549631227, "valid_auc_epoch": 0.7759191217780175, "valid_acc_epoch": 0.4890282131661442, "_timestamp": 1670444169.0439463, "_runtime": 1517.3981142044067, "_step": 27, "best_epoch": 17, "best_train_loss": 0.5655152201652527, "best_train_auc": 0.8019879591959403, "best_train_acc": 0.6512333549631227, "best_valid_auc": 0.7811355311355312, "best_valid_acc": 0.4890282131661442, "_wandb": {"runtime": 1517}}