{"epoch": 70, "train_loss_epoch": 0.6640312075614929, "train_auc_epoch": 0.4979213329840929, "train_acc_epoch": 0.6360746920937624, "valid_auc_epoch": 0.4797968975225767, "valid_acc_epoch": 0.4890282131661442, "_timestamp": 1670008277.2183535, "_runtime": 307.8197674751282, "_step": 70, "best_epoch": 60, "best_train_loss": 0.6686520576477051, "best_train_auc": 0.4990612929512872, "best_train_acc": 0.6360746920937624, "best_valid_auc": 0.4877260484184235, "best_valid_acc": 0.4890282131661442, "_wandb": {"runtime": 307}}