{"epoch": 17, "train_loss_epoch": 0.5669124126434326, "train_auc_epoch": 0.8050489564220326, "train_acc_epoch": 0.6493675030746379, "valid_auc_epoch": 0.7685646226399951, "valid_acc_epoch": 0.4890282131661442, "_timestamp": 1670407568.7221365, "_runtime": 1095.3869314193726, "_step": 17, "best_epoch": 7, "best_train_loss": 0.566696047782898, "best_train_auc": 0.8027576897629282, "best_train_acc": 0.6493675030746379, "best_valid_auc": 0.7759411929000009, "best_valid_acc": 0.4890282131661442, "_wandb": {"runtime": 1095}}