{"epoch": 59, "train_loss_epoch": 0.4535420536994934, "train_auc_epoch": 0.8482890764347183, "train_acc_epoch": 0.790949991347984, "valid_auc_epoch": 0.8058038222367758, "valid_acc_epoch": 0.7371249440214958, "_timestamp": 1669795981.5615964, "_runtime": 4738.732182502747, "_step": 59, "best_epoch": 49, "best_train_loss": 0.45611950755119324, "best_train_auc": 0.8461225441379515, "best_train_acc": 0.7899030974216993, "best_valid_auc": 0.8068768800582998, "best_valid_acc": 0.7362292879534259, "_wandb": {"runtime": 4739}}