{"epoch": 31, "train_loss_epoch": 0.4844968616962433, "train_auc_epoch": 0.8241921475774419, "train_acc_epoch": 0.7769552623109108, "valid_auc_epoch": 0.796827697572658, "valid_acc_epoch": 0.7272727272727273, "_timestamp": 1669804546.2151637, "_runtime": 258.97975063323975, "_step": 31, "best_epoch": 21, "best_train_loss": 0.485090970993042, "best_train_auc": 0.8237633060155607, "best_train_acc": 0.7767593512545304, "best_valid_auc": 0.7988181114824411, "best_valid_acc": 0.7254814151365876, "_wandb": {"runtime": 258}}