{"epoch": 26, "train_loss_epoch": 0.5679139494895935, "train_auc_epoch": 0.8002861302085893, "train_acc_epoch": 0.6512333549631227, "valid_auc_epoch": 0.7759773092814284, "valid_acc_epoch": 0.4890282131661442, "_timestamp": 1670413745.6435673, "_runtime": 1821.9048464298248, "_step": 26, "best_epoch": 16, "best_train_loss": 0.5683927536010742, "best_train_auc": 0.8000608513301178, "best_train_acc": 0.6512333549631227, "best_valid_auc": 0.7788642120368676, "best_valid_acc": 0.4890282131661442, "_wandb": {"runtime": 1822}}