{"epoch": 38, "train_loss_epoch": 0.44775015115737915, "train_auc_epoch": 0.8571653162791342, "train_acc_epoch": 0.794409565738401, "valid_auc_epoch": 0.8083271534191778, "valid_acc_epoch": 0.7339901477832512, "_timestamp": 1670102018.9343548, "_runtime": 333.8432056903839, "_step": 38, "best_epoch": 28, "best_train_loss": 0.4578811228275299, "best_train_auc": 0.849610559350148, "best_train_acc": 0.7891994685700888, "best_valid_auc": 0.8101626681819496, "best_valid_acc": 0.7371249440214958, "_wandb": {"runtime": 333}}