{"epoch": 54, "train_loss_epoch": 0.46737420558929443, "train_auc_epoch": 0.8391281738036133, "train_acc_epoch": 0.78269035961506, "valid_auc_epoch": 0.8029612177856289, "valid_acc_epoch": 0.7407960199004975, "_timestamp": 1669721590.06884, "_runtime": 438.3155720233917, "_step": 54, "best_epoch": 49, "best_train_loss": 0.46880555152893066, "best_train_auc": 0.8376687735128274, "best_train_acc": 0.7822260678710113, "best_valid_auc": 0.8036980868290633, "best_valid_acc": 0.7402985074626866, "_wandb": {"runtime": 437}}