{"epoch": 34, "train_loss_epoch": 0.4655083417892456, "train_auc_epoch": 0.844999243933172, "train_acc_epoch": 0.7848582285881321, "valid_auc_epoch": 0.8020824516628844, "valid_acc_epoch": 0.7388059701492538, "_timestamp": 1669717772.6737978, "_runtime": 175.1100628376007, "_step": 34, "best_epoch": 29, "best_train_loss": 0.46978968381881714, "best_train_auc": 0.8414764879143005, "best_train_acc": 0.7819058754750073, "best_valid_auc": 0.8021108310787465, "best_valid_acc": 0.7378109452736319, "_wandb": {"runtime": 174}}