{"epoch": 16, "train_loss_epoch": 0.4174359440803528, "train_auc_epoch": 0.8768253113426344, "train_acc_epoch": 0.809133592417395, "valid_auc_epoch": 0.7956607371594225, "valid_acc_epoch": 0.7227944469323779, "_timestamp": 1669746895.9110324, "_runtime": 230.00237345695496, "_step": 16, "best_epoch": 6, "best_train_loss": 0.4576229453086853, "best_train_auc": 0.8479964200253642, "best_train_acc": 0.7906167021295303, "best_valid_auc": 0.7991820843486049, "best_valid_acc": 0.729064039408867, "_wandb": {"runtime": 229}}