{"epoch": 17, "train_loss_epoch": 0.45444491505622864, "train_auc_epoch": 0.8479598212830866, "train_acc_epoch": 0.7938228276375756, "valid_auc_epoch": 0.7954006992131444, "valid_acc_epoch": 0.7232422749664129, "_timestamp": 1669758541.506906, "_runtime": 256.9430649280548, "_step": 17, "best_epoch": 7, "best_train_loss": 0.4676949083805084, "best_train_auc": 0.8375137884203409, "best_train_acc": 0.7855159005693654, "best_valid_auc": 0.79926755978465, "best_valid_acc": 0.7277205553067622, "_wandb": {"runtime": 256}}