{"epoch": 27, "train_loss_epoch": 0.47664764523506165, "train_auc_epoch": 0.829462648413546, "train_acc_epoch": 0.7803272272790396, "valid_auc_epoch": 0.8025549530808076, "valid_acc_epoch": 0.7313031795790417, "_timestamp": 1670096562.9261036, "_runtime": 915.7321736812592, "_step": 27, "best_epoch": 17, "best_train_loss": 0.4760304391384125, "best_train_auc": 0.8300971994810633, "best_train_acc": 0.7802009821868174, "best_valid_auc": 0.8077147801074182, "best_valid_acc": 0.729064039408867, "_wandb": {"runtime": 915}}