{"epoch": 23, "train_loss_epoch": 0.5682440400123596, "train_auc_epoch": 0.799473367052351, "train_acc_epoch": 0.6512333549631227, "valid_auc_epoch": 0.7779629076736877, "valid_acc_epoch": 0.4890282131661442, "_timestamp": 1670491429.0168822, "_runtime": 1281.7725701332092, "_step": 23, "best_epoch": 13, "best_train_loss": 0.5686740875244141, "best_train_auc": 0.7992835788944348, "best_train_acc": 0.6512333549631227, "best_valid_auc": 0.7798369465766486, "best_valid_acc": 0.4890282131661442, "_wandb": {"runtime": 1282}}