{"epoch": 17, "train_loss_epoch": 0.3917871117591858, "train_auc_epoch": 0.8937721931942522, "train_acc_epoch": 0.817197630673177, "valid_auc_epoch": 0.7793417508579648, "valid_acc_epoch": 0.7111509180474698, "_timestamp": 1669757966.1078022, "_runtime": 111.71394515037537, "_step": 17, "best_epoch": 7, "best_train_loss": 0.44273239374160767, "best_train_auc": 0.8603691292034276, "best_train_acc": 0.7964259985591932, "best_valid_auc": 0.7948396914216371, "best_valid_acc": 0.7205553067622034, "_wandb": {"runtime": 111}}