{"epoch": 28, "train_loss_epoch": 0.450705349445343, "train_auc_epoch": 0.8498116029312643, "train_acc_epoch": 0.7956716049608379, "valid_auc_epoch": 0.8187029885101752, "valid_acc_epoch": 0.7384684281236006, "_timestamp": 1669965178.8056698, "_runtime": 639.8328628540039, "_step": 28, "best_epoch": 18, "best_train_loss": 0.45069220662117004, "best_train_auc": 0.8490285254798612, "best_train_acc": 0.7946936947640677, "best_valid_auc": 0.8230305335914452, "best_valid_acc": 0.7438423645320197, "_wandb": {"runtime": 639}}