{"epoch": 17, "train_loss_epoch": 0.4491858184337616, "train_auc_epoch": 0.851721702643893, "train_acc_epoch": 0.7977673534145517, "valid_auc_epoch": 0.8100711733489998, "valid_acc_epoch": 0.7304075235109718, "_timestamp": 1669755972.445146, "_runtime": 488.88560009002686, "_step": 17, "best_epoch": 7, "best_train_loss": 0.4593603312969208, "best_train_auc": 0.8422128908948553, "best_train_acc": 0.790802504138243, "best_valid_auc": 0.8169718099604165, "best_valid_acc": 0.7357814599193909, "_wandb": {"runtime": 488}}