{"epoch": 33, "train_loss_epoch": 0.46841612458229065, "train_auc_epoch": 0.8362310627405369, "train_acc_epoch": 0.7844752468856903, "valid_auc_epoch": 0.8163730806149737, "valid_acc_epoch": 0.742498880429915, "_timestamp": 1670047682.8765802, "_runtime": 1437.9870331287384, "_step": 33, "best_epoch": 23, "best_train_loss": 0.46789053082466125, "best_train_auc": 0.8366393365502027, "best_train_acc": 0.7852417220680308, "best_valid_auc": 0.8178618781160412, "best_valid_acc": 0.7429467084639498, "_wandb": {"runtime": 1437}}