{"epoch": 16, "train_loss_epoch": 0.43735194206237793, "train_auc_epoch": 0.8631050438776822, "train_acc_epoch": 0.7999636264435755, "valid_auc_epoch": 0.7962891621962613, "valid_acc_epoch": 0.7210031347962382, "_timestamp": 1670033374.606864, "_runtime": 171.0692219734192, "_step": 16, "best_epoch": 6, "best_train_loss": 0.46474501490592957, "best_train_auc": 0.8421123402929086, "best_train_acc": 0.7853414567609348, "best_valid_auc": 0.8006319564163561, "best_valid_acc": 0.7304075235109718, "_wandb": {"runtime": 170}}