{"epoch": 18, "train_loss_epoch": 0.46457239985466003, "train_auc_epoch": 0.8396138174652603, "train_acc_epoch": 0.7872190899072018, "valid_auc_epoch": 0.8006496133139428, "valid_acc_epoch": 0.7277205553067622, "_timestamp": 1670044562.732536, "_runtime": 877.6532921791077, "_step": 18, "best_epoch": 8, "best_train_loss": 0.46976667642593384, "best_train_auc": 0.8355251472900391, "best_train_acc": 0.7842722292322191, "best_valid_auc": 0.8038214341895324, "best_valid_acc": 0.735333631885356, "_wandb": {"runtime": 877}}