{"epoch": 23, "train_loss_epoch": 0.5699597597122192, "train_auc_epoch": 0.7857436582574141, "train_acc_epoch": 0.6501230889936267, "valid_auc_epoch": 0.7683061898662249, "valid_acc_epoch": 0.4890282131661442, "_timestamp": 1670533939.5929976, "_runtime": 2055.8280465602875, "_step": 23, "best_epoch": 13, "best_train_loss": 0.570380687713623, "best_train_auc": 0.7846779063257889, "best_train_acc": 0.6501230889936267, "best_valid_auc": 0.7757830834079738, "best_valid_acc": 0.4890282131661442, "_wandb": {"runtime": 2056}}