{"epoch": 100, "train_loss_epoch": 0.4560059607028961, "train_auc_epoch": 0.8457564749444879, "train_acc_epoch": 0.7927556403251027, "valid_auc_epoch": 0.8120944932951943, "valid_acc_epoch": 0.7326466636811464, "_timestamp": 1669939104.0134804, "_runtime": 6192.235715389252, "_step": 100, "best_epoch": 93, "best_train_loss": 0.4568733870983124, "best_train_auc": 0.84499474958972, "best_train_acc": 0.7928014617019205, "best_valid_auc": 0.8134139450966795, "best_valid_acc": 0.7330944917151814, "_wandb": {"runtime": 6192}}