{"epoch": 25, "train_loss_epoch": 0.6510534882545471, "train_auc_epoch": 0.4994755854637722, "train_acc_epoch": 0.6441482960800881, "valid_auc_epoch": 0.5, "valid_acc_epoch": 0.4890282131661442, "_timestamp": 1669725863.6767704, "_runtime": 1825.2978954315186, "_step": 24}