{"epoch": 21, "train_loss_epoch": 0.41094061732292175, "train_auc_epoch": 0.880211881394054, "train_acc_epoch": 0.8109173771667051, "valid_auc_epoch": 0.7973485760514682, "valid_acc_epoch": 0.7259292431706225, "_timestamp": 1669978235.9440846, "_runtime": 252.96682572364807, "_step": 21, "best_epoch": 11, "best_train_loss": 0.4394814968109131, "best_train_auc": 0.8608570138180718, "best_train_acc": 0.7985252323527152, "best_valid_auc": 0.8056978808512549, "best_valid_acc": 0.7281683833407971, "_wandb": {"runtime": 252}}