{"epoch": 32, "train_loss_epoch": 0.47186392545700073, "train_auc_epoch": 0.8329151497909559, "train_acc_epoch": 0.7830942835694549, "valid_auc_epoch": 0.8077468835575761, "valid_acc_epoch": 0.7299596954769368, "_timestamp": 1669954434.3082595, "_runtime": 747.6396343708038, "_step": 32, "best_epoch": 22, "best_train_loss": 0.4719572365283966, "best_train_auc": 0.8327845158253422, "best_train_acc": 0.7832779632321232, "best_valid_auc": 0.8080309990914724, "best_valid_acc": 0.735333631885356, "_wandb": {"runtime": 747}}