{"epoch": 12, "train_loss_epoch": 0.6585511565208435, "train_auc_epoch": 0.5003556396113981, "train_acc_epoch": 0.6313789520558112, "valid_auc_epoch": 0.5, "valid_acc_epoch": 0.4890282131661442, "_timestamp": 1669806273.5983667, "_runtime": 126.14782667160034, "_step": 12, "best_epoch": 2, "best_train_loss": 0.6741974949836731, "best_train_auc": 0.49735546265305824, "best_train_acc": 0.6194448567611697, "best_valid_auc": 0.5541838018831884, "best_valid_acc": 0.4890282131661442, "_wandb": {"runtime": 125}}