{"epoch": 51, "train_loss_epoch": 0.476049542427063, "train_auc_epoch": 0.8337071975402082, "train_acc_epoch": 0.7803208030989143, "valid_auc_epoch": 0.8034386005464008, "valid_acc_epoch": 0.7321988356471115, "_timestamp": 1669772839.0436015, "_runtime": 355.89330554008484, "_step": 51, "best_epoch": 41, "best_train_loss": 0.4778765141963959, "best_train_auc": 0.8332434701150027, "best_train_acc": 0.7798570571225926, "best_valid_auc": 0.8072629240464473, "best_valid_acc": 0.7348858038513211, "_wandb": {"runtime": 355}}