{"epoch": 92, "train_loss_epoch": 0.47714963555336, "train_auc_epoch": 0.833425823593583, "train_acc_epoch": 0.7769681383054722, "valid_auc_epoch": 0.7899086780270631, "valid_acc_epoch": 0.7308457711442786, "_timestamp": 1669714788.283488, "_runtime": 457.78716111183167, "_step": 92, "best_epoch": 87, "best_train_loss": 0.47858232259750366, "best_train_auc": 0.83233349457496, "best_train_acc": 0.7763966280897271, "best_valid_auc": 0.7900490814529066, "best_valid_acc": 0.7313432835820896, "_wandb": {"runtime": 457}}