{"epoch": 23, "train_loss_epoch": 0.4285368025302887, "train_auc_epoch": 0.8674699988893091, "train_acc_epoch": 0.8051888878465847, "valid_auc_epoch": 0.7984469153399916, "valid_acc_epoch": 0.7272727272727273, "_timestamp": 1669867641.4093645, "_runtime": 327.97965836524963, "_step": 23, "best_epoch": 13, "best_train_loss": 0.44958946108818054, "best_train_auc": 0.8519293468693943, "best_train_acc": 0.793811393575535, "best_valid_auc": 0.7995845813549582, "best_valid_acc": 0.7254814151365876, "_wandb": {"runtime": 327}}