{"epoch": 16, "train_loss_epoch": 0.42015305161476135, "train_auc_epoch": 0.875618969854173, "train_acc_epoch": 0.8065188225080894, "valid_auc_epoch": 0.7983630450764544, "valid_acc_epoch": 0.7196596506941334, "_timestamp": 1669755730.4018264, "_runtime": 112.75734543800354, "_step": 16, "best_epoch": 6, "best_train_loss": 0.46137234568595886, "best_train_auc": 0.8457323963393288, "best_train_acc": 0.7878462631205114, "best_valid_auc": 0.7994730218656599, "best_valid_acc": 0.7281683833407971, "_wandb": {"runtime": 112}}