{"epoch": 28, "train_loss_epoch": 0.48009026050567627, "train_auc_epoch": 0.8264517650882476, "train_acc_epoch": 0.7810260878478806, "valid_auc_epoch": 0.8015645616434398, "valid_acc_epoch": 0.7308553515450067, "_timestamp": 1670116081.0773954, "_runtime": 708.1434915065765, "_step": 28, "best_epoch": 18, "best_train_loss": 0.48011016845703125, "best_train_auc": 0.8264270361933436, "best_train_acc": 0.7817880511848018, "best_valid_auc": 0.8034273643388455, "best_valid_acc": 0.7317510076130765, "_wandb": {"runtime": 707}}