{"epoch": 19, "train_loss_epoch": 0.5561195015907288, "train_auc_epoch": 0.7453806496387834, "train_acc_epoch": 0.730549183399289, "valid_auc_epoch": 0.7386731001980782, "valid_acc_epoch": 0.6314375279892521, "_timestamp": 1669925959.9306836, "_runtime": 570.0309875011444, "_step": 19, "best_epoch": 9, "best_train_loss": 0.5564368963241577, "best_train_auc": 0.7446776937700862, "best_train_acc": 0.7309513146951571, "best_valid_auc": 0.7437550763580562, "best_valid_acc": 0.658307210031348, "_wandb": {"runtime": 569}}