{"epoch": 42, "train_loss_epoch": 0.45235854387283325, "train_auc_epoch": 0.8486074988232667, "train_acc_epoch": 0.7929091664137744, "valid_auc_epoch": 0.8171467737637764, "valid_acc_epoch": 0.7371249440214958, "_timestamp": 1669776998.5202916, "_runtime": 932.3286335468292, "_step": 42, "best_epoch": 32, "best_train_loss": 0.4519685208797455, "best_train_auc": 0.8487681640966878, "best_train_acc": 0.793280518775256, "best_valid_auc": 0.8171828901452038, "best_valid_acc": 0.7344379758172862, "_wandb": {"runtime": 931}}