{"epoch": 33, "train_loss_epoch": 0.4555964767932892, "train_auc_epoch": 0.8464902275853807, "train_acc_epoch": 0.7927597710143733, "valid_auc_epoch": 0.8043736135322463, "valid_acc_epoch": 0.7241379310344828, "_timestamp": 1669965853.4647486, "_runtime": 727.2831757068634, "_step": 33, "best_epoch": 23, "best_train_loss": 0.47232943773269653, "best_train_auc": 0.8323288187216624, "best_train_acc": 0.7833285284790577, "best_valid_auc": 0.8075582757878988, "best_valid_acc": 0.729511867442902, "_wandb": {"runtime": 726}}