{"epoch": 24, "train_loss_epoch": 0.42827844619750977, "train_auc_epoch": 0.8699586139376325, "train_acc_epoch": 0.8039718478913198, "valid_auc_epoch": 0.8082035551360705, "valid_acc_epoch": 0.7245857590685177, "_timestamp": 1669828261.3181524, "_runtime": 509.37890553474426, "_step": 24, "best_epoch": 14, "best_train_loss": 0.44621142745018005, "best_train_auc": 0.8572055025569549, "best_train_acc": 0.796333678869551, "best_valid_auc": 0.8105422914800654, "best_valid_acc": 0.7245857590685177, "_wandb": {"runtime": 509}}