{"epoch": 42, "train_loss_epoch": 0.4370036721229553, "train_auc_epoch": 0.8576857612268076, "train_acc_epoch": 0.7965694565458801, "valid_auc_epoch": 0.8187607747204592, "valid_acc_epoch": 0.7407075682937752, "_timestamp": 1670022465.178668, "_runtime": 1270.985995054245, "_step": 42, "best_epoch": 32, "best_train_loss": 0.45504793524742126, "best_train_auc": 0.8446635080112643, "best_train_acc": 0.7908256880733945, "best_valid_auc": 0.8258131001338715, "best_valid_acc": 0.7456336766681594, "_wandb": {"runtime": 1270}}