{"epoch": 59, "train_loss_epoch": 0.4411230683326721, "train_auc_epoch": 0.8578956956535618, "train_acc_epoch": 0.7989111508369512, "valid_auc_epoch": 0.8113208001463919, "valid_acc_epoch": 0.7384684281236006, "_timestamp": 1669770225.7153196, "_runtime": 1189.5911266803741, "_step": 59, "best_epoch": 49, "best_train_loss": 0.448932409286499, "best_train_auc": 0.8521665261483953, "best_train_acc": 0.7952081350265828, "best_valid_auc": 0.8128826329965682, "best_valid_acc": 0.7326466636811464, "_wandb": {"runtime": 1189}}