{"epoch": 22, "train_loss_epoch": 0.4392986595630646, "train_auc_epoch": 0.8605491283733762, "train_acc_epoch": 0.800093808630394, "valid_auc_epoch": 0.7996816942916856, "valid_acc_epoch": 0.7192118226600985, "_timestamp": 1669738638.4023147, "_runtime": 259.56723260879517, "_step": 22, "best_epoch": 12, "best_train_loss": 0.4602269232273102, "best_train_auc": 0.8445622207761612, "best_train_acc": 0.7889514279758182, "best_valid_auc": 0.8024269405733034, "best_valid_acc": 0.7236901030004478, "_wandb": {"runtime": 259}}