{"epoch": 27, "train_loss_epoch": 0.454469233751297, "train_auc_epoch": 0.8458788526144401, "train_acc_epoch": 0.7933327268902547, "valid_auc_epoch": 0.8228090197853563, "valid_acc_epoch": 0.7398119122257053, "_timestamp": 1669989188.0923564, "_runtime": 1611.2429385185242, "_step": 27, "best_epoch": 17, "best_train_loss": 0.45638638734817505, "best_train_auc": 0.8442367910510468, "best_train_acc": 0.7917749262318848, "best_valid_auc": 0.8232440215349944, "best_valid_acc": 0.74205105239588, "_wandb": {"runtime": 1611}}