{"epoch": 47, "train_loss_epoch": 0.44675782322883606, "train_auc_epoch": 0.8555415080204097, "train_acc_epoch": 0.7965666694994477, "valid_auc_epoch": 0.8096145017705052, "valid_acc_epoch": 0.7339901477832512, "_timestamp": 1670001053.3661475, "_runtime": 385.8473525047302, "_step": 47, "best_epoch": 37, "best_train_loss": 0.4546929895877838, "best_train_auc": 0.8493291810032205, "best_train_acc": 0.7920285544318858, "best_valid_auc": 0.8116037118009072, "best_valid_acc": 0.7384684281236006, "_wandb": {"runtime": 385}}