{"epoch": 72, "train_loss_epoch": 0.4813736379146576, "train_auc_epoch": 0.8281992095799229, "train_acc_epoch": 0.7769269912040515, "valid_auc_epoch": 0.8021472392638036, "valid_acc_epoch": 0.7313031795790417, "_timestamp": 1669967687.8673527, "_runtime": 519.8186616897583, "_step": 72, "best_epoch": 62, "best_train_loss": 0.4823322594165802, "best_train_auc": 0.8278956928924797, "best_train_acc": 0.7786958734158812, "best_valid_auc": 0.8063150696805386, "best_valid_acc": 0.7299596954769368, "_wandb": {"runtime": 519}}