{"epoch": 43, "train_loss_epoch": 0.4460411071777344, "train_auc_epoch": 0.8534983507413185, "train_acc_epoch": 0.7986093212135792, "valid_auc_epoch": 0.8061248567383537, "valid_acc_epoch": 0.7321988356471115, "_timestamp": 1669944552.5441222, "_runtime": 1185.0439713001251, "_step": 43, "best_epoch": 33, "best_train_loss": 0.46196481585502625, "best_train_auc": 0.8407200123450652, "best_train_acc": 0.7889753767376325, "best_valid_auc": 0.8193707402734571, "best_valid_acc": 0.7438423645320197, "_wandb": {"runtime": 1184}}