{"epoch": 34, "train_loss_epoch": 0.4566953778266907, "train_auc_epoch": 0.8444972399455575, "train_acc_epoch": 0.7911125766818846, "valid_auc_epoch": 0.8176676522425864, "valid_acc_epoch": 0.7447380206000895, "_timestamp": 1669769002.4048774, "_runtime": 1803.7488884925842, "_step": 34, "best_epoch": 24, "best_train_loss": 0.4576459527015686, "best_train_auc": 0.843889200311769, "best_train_acc": 0.7905554071033436, "best_valid_auc": 0.8198338325419834, "best_valid_acc": 0.7380206000895656, "_wandb": {"runtime": 1804}}