{"epoch": 100, "train_loss_epoch": 0.4976333677768707, "train_auc_epoch": 0.8161475886819849, "train_acc_epoch": 0.7716044511088311, "valid_auc_epoch": 0.778263074932663, "valid_acc_epoch": 0.7017465293327362, "_timestamp": 1669800530.319626, "_runtime": 628.7423541545868, "_step": 100, "best_epoch": 100, "best_train_loss": 0.4976333677768707, "best_train_auc": 0.8161475886819849, "best_train_acc": 0.7716044511088311, "best_valid_auc": 0.778263074932663, "best_valid_acc": 0.7017465293327362, "_wandb": {"runtime": 628}}