{"epoch": 20, "train_loss_epoch": 0.5659739375114441, "train_auc_epoch": 0.7969224687673624, "train_acc_epoch": 0.6470398165520117, "valid_auc_epoch": 0.7723925577781845, "valid_acc_epoch": 0.4890282131661442, "_timestamp": 1670472230.8727455, "_runtime": 205.5768654346466, "_step": 20, "best_epoch": 10, "best_train_loss": 0.5663444995880127, "best_train_auc": 0.7969288178537991, "best_train_acc": 0.6470398165520117, "best_valid_auc": 0.7787606784101087, "best_valid_acc": 0.4890282131661442, "_wandb": {"runtime": 205}}