{"epoch": 57, "train_loss_epoch": 0.5350285172462463, "train_auc_epoch": 0.77443651343955, "train_acc_epoch": 0.7469110683634211, "valid_auc_epoch": 0.7431314668387412, "valid_acc_epoch": 0.6686072548141514, "_timestamp": 1669727310.1201415, "_runtime": 605.108526468277, "_step": 57, "best_epoch": 47, "best_train_loss": 0.5352805852890015, "best_train_auc": 0.773904392779623, "best_train_acc": 0.7463561704646345, "best_valid_auc": 0.7456688432805874, "best_valid_acc": 0.6744290192566055, "_wandb": {"runtime": 608}}