{"epoch": 12, "train_loss_epoch": 0.6522688269615173, "train_auc_epoch": 0.49623983255680504, "train_acc_epoch": 0.6430150066547005, "valid_auc_epoch": 0.5, "valid_acc_epoch": 0.4890282131661442, "_timestamp": 1669722955.8880544, "_runtime": 117.65820527076721, "_step": 11, "_wandb": {"runtime": 118}}