{"epoch": 31, "train_loss_epoch": 0.45283350348472595, "train_auc_epoch": 0.8484375665222648, "train_acc_epoch": 0.7924302952926157, "valid_auc_epoch": 0.8151250589900897, "valid_acc_epoch": 0.741603224361845, "_timestamp": 1669830311.6359327, "_runtime": 541.9687376022339, "_step": 31, "best_epoch": 21, "best_train_loss": 0.45542269945144653, "best_train_auc": 0.8466084541527717, "best_train_acc": 0.7910248754169927, "best_valid_auc": 0.8154854202181109, "best_valid_acc": 0.7326466636811464, "_wandb": {"runtime": 541}}