{"epoch": 34, "train_loss_epoch": 0.4261960983276367, "train_auc_epoch": 0.8679581652056029, "train_acc_epoch": 0.8058900653349933, "valid_auc_epoch": 0.812927577826789, "valid_acc_epoch": 0.74205105239588, "_timestamp": 1669741559.9881866, "_runtime": 1684.8845655918121, "_step": 34, "best_epoch": 24, "best_train_loss": 0.43944841623306274, "best_train_auc": 0.8585646721034788, "best_train_acc": 0.8002269647323248, "best_valid_auc": 0.8189550005939138, "best_valid_acc": 0.7407075682937752, "_wandb": {"runtime": 1684}}