{"epoch": 43, "train_loss_epoch": 0.46448615193367004, "train_auc_epoch": 0.838774316661568, "train_acc_epoch": 0.7864883642926735, "valid_auc_epoch": 0.8127477985059054, "valid_acc_epoch": 0.7380206000895656, "_timestamp": 1669976762.5619984, "_runtime": 11000.390733480453, "_step": 43, "best_epoch": 33, "best_train_loss": 0.46247735619544983, "best_train_auc": 0.8405462888198906, "best_train_acc": 0.7868237793288505, "best_valid_auc": 0.815569691774775, "best_valid_acc": 0.7393640841916704, "_wandb": {"runtime": 11003}}