{"epoch": 22, "train_loss_epoch": 0.48310014605522156, "train_auc_epoch": 0.8253076004962536, "train_acc_epoch": 0.777769637471458, "valid_auc_epoch": 0.7998751175788863, "valid_acc_epoch": 0.7281683833407971, "_timestamp": 1669743240.4532876, "_runtime": 196.97351264953613, "_step": 22, "best_epoch": 12, "best_train_loss": 0.4834439754486084, "best_train_auc": 0.8251950518874616, "best_train_acc": 0.7765974333614174, "best_valid_auc": 0.8043535488758976, "best_valid_acc": 0.728616211374832, "_wandb": {"runtime": 196}}