{"epoch": 22, "train_loss_epoch": 0.47542184591293335, "train_auc_epoch": 0.8298087714718687, "train_acc_epoch": 0.7818894687297221, "valid_auc_epoch": 0.8023631349661149, "valid_acc_epoch": 0.728616211374832, "_timestamp": 1669969989.7540956, "_runtime": 1015.3493795394897, "_step": 22, "best_epoch": 12, "best_train_loss": 0.4752848744392395, "best_train_auc": 0.829796715996951, "best_train_acc": 0.7817066817770547, "best_valid_auc": 0.8084924861874905, "best_valid_acc": 0.7330944917151814, "_wandb": {"runtime": 1015}}