{"epoch": 35, "train_loss_epoch": 0.44403931498527527, "train_auc_epoch": 0.8548762129382678, "train_acc_epoch": 0.7966312364623414, "valid_auc_epoch": 0.8095125733162544, "valid_acc_epoch": 0.7326466636811464, "_timestamp": 1670018698.7568238, "_runtime": 2292.8451538085938, "_step": 35, "best_epoch": 25, "best_train_loss": 0.447483092546463, "best_train_auc": 0.8518077100377075, "best_train_acc": 0.7941956003180493, "best_valid_auc": 0.813205272670654, "best_valid_acc": 0.7393640841916704, "_wandb": {"runtime": 2293}}