{"epoch": 11, "train_loss_epoch": 0.6374149322509766, "train_auc_epoch": 0.6863477031325353, "train_acc_epoch": 0.6085750853242321, "valid_auc_epoch": 0.706499110845307, "valid_acc_epoch": 0.6562189054726368, "_timestamp": 1668602290.189051, "_runtime": 34.8773148059845, "_step": 11, "_wandb": {"runtime": 34}}