{"epoch": 35, "train_loss_epoch": 0.4814494848251343, "train_auc_epoch": 0.8242037488391927, "train_acc_epoch": 0.7799943868813398, "valid_auc_epoch": 0.7984786174970224, "valid_acc_epoch": 0.7259292431706225, "_timestamp": 1670117532.8857718, "_runtime": 1247.1278347969055, "_step": 35, "best_epoch": 25, "best_train_loss": 0.4822152853012085, "best_train_auc": 0.823584173213549, "best_train_acc": 0.7788774908214054, "best_valid_auc": 0.8016223478537239, "best_valid_acc": 0.7263770712046574, "_wandb": {"runtime": 1246}}