{"epoch": 34, "train_loss_epoch": 0.46110665798187256, "train_auc_epoch": 0.8410218891000709, "train_acc_epoch": 0.7877142263891773, "valid_auc_epoch": 0.8202006144600359, "valid_acc_epoch": 0.7433945364979848, "_timestamp": 1669837976.1392825, "_runtime": 1501.1438255310059, "_step": 34, "best_epoch": 24, "best_train_loss": 0.4612492620944977, "best_train_auc": 0.8407454998796372, "best_train_acc": 0.7879258573048603, "best_valid_auc": 0.8217905378291006, "best_valid_acc": 0.7393640841916704, "_wandb": {"runtime": 1501}}