{"epoch": 19, "train_loss_epoch": 0.38392749428749084, "train_auc_epoch": 0.8952842582485021, "train_acc_epoch": 0.8286243563749872, "valid_auc_epoch": 0.7924544050749134, "valid_acc_epoch": 0.716524854455889, "_timestamp": 1669860704.791231, "_runtime": 813.8602838516235, "_step": 19, "best_epoch": 9, "best_train_loss": 0.4473280906677246, "best_train_auc": 0.8532765684045716, "best_train_acc": 0.7961987834940268, "best_valid_auc": 0.8101454125774896, "best_valid_acc": 0.735333631885356, "_wandb": {"runtime": 813}}