{"epoch": 25, "train_loss_epoch": 0.3982003331184387, "train_auc_epoch": 0.890782473937449, "train_acc_epoch": 0.818938666200914, "valid_auc_epoch": 0.7936029060043084, "valid_acc_epoch": 0.7268248992386923, "_timestamp": 1669983559.4869545, "_runtime": 360.48124837875366, "_step": 25, "best_epoch": 15, "best_train_loss": 0.4333854913711548, "best_train_auc": 0.8674151528536109, "best_train_acc": 0.8024044479375891, "best_valid_auc": 0.8006311538301021, "best_valid_acc": 0.7281683833407971, "_wandb": {"runtime": 359}}