{"epoch": 30, "train_loss_epoch": 0.4615846872329712, "train_auc_epoch": 0.840981920045421, "train_acc_epoch": 0.7880879418269476, "valid_auc_epoch": 0.8061746170860983, "valid_acc_epoch": 0.728616211374832, "_timestamp": 1670023124.7290168, "_runtime": 1363.438622713089, "_step": 30, "best_epoch": 20, "best_train_loss": 0.46083229780197144, "best_train_auc": 0.8417109288653196, "best_train_acc": 0.7885001336069908, "best_valid_auc": 0.8076955180373235, "best_valid_acc": 0.735333631885356, "_wandb": {"runtime": 1363}}