{"epoch": 50, "train_loss_epoch": 0.561185896396637, "train_auc_epoch": 0.8136275798465108, "train_acc_epoch": 0.6441482960800881, "valid_auc_epoch": 0.7739090445050129, "valid_acc_epoch": 0.4890282131661442, "_timestamp": 1670479566.736743, "_runtime": 368.638827085495, "_step": 50, "best_epoch": 40, "best_train_loss": 0.5653061866760254, "best_train_auc": 0.8100779175650364, "best_train_acc": 0.6441482960800881, "best_valid_auc": 0.7750583480206618, "best_valid_acc": 0.4890282131661442, "_wandb": {"runtime": 368}}