{"epoch": 14, "train_loss_epoch": 0.43986478447914124, "train_auc_epoch": 0.8615469706133168, "train_acc_epoch": 0.7969062675098055, "valid_auc_epoch": 0.793520239620152, "valid_acc_epoch": 0.7232422749664129, "_timestamp": 1670114292.6446843, "_runtime": 215.75590324401855, "_step": 14, "best_epoch": 4, "best_train_loss": 0.4718016982078552, "best_train_auc": 0.8367918920199817, "best_train_acc": 0.7812374929960778, "best_valid_auc": 0.8010894305811046, "best_valid_acc": 0.7259292431706225, "_wandb": {"runtime": 215}}