{"epoch": 100, "train_loss_epoch": 0.5692326426506042, "train_auc_epoch": 0.8082750172928219, "train_acc_epoch": 0.6426106909152716, "valid_auc_epoch": 0.7616756235292607, "valid_acc_epoch": 0.4890282131661442, "_timestamp": 1670497318.0430627, "_runtime": 589.9371347427368, "_step": 100, "best_epoch": 100, "best_train_loss": 0.5692326426506042, "best_train_auc": 0.8082750172928219, "best_train_acc": 0.6426106909152716, "best_valid_auc": 0.7616756235292607, "best_valid_acc": 0.4890282131661442, "_wandb": {"runtime": 589}}