{"epoch": 11, "train_loss_epoch": 0.6529547572135925, "train_auc_epoch": 0.5001092167928567, "train_acc_epoch": 0.6427402639904003, "valid_auc_epoch": 0.5, "valid_acc_epoch": 0.4890282131661442, "_timestamp": 1669731345.099688, "_runtime": 169.1786389350891, "_step": 11, "best_epoch": 1, "best_train_loss": 0.6543269157409668, "best_train_auc": 0.502255214730285, "best_train_acc": 0.6424784553288971, "best_valid_auc": 0.5, "best_valid_acc": 0.4890282131661442, "_wandb": {"runtime": 172}}