{"epoch": 92, "train_loss_epoch": 0.45538702607154846, "train_auc_epoch": 0.845467081199382, "train_acc_epoch": 0.7931223669473361, "valid_auc_epoch": 0.8142101106605927, "valid_acc_epoch": 0.7389162561576355, "_timestamp": 1669753555.886795, "_runtime": 2908.3697350025177, "_step": 92, "best_epoch": 82, "best_train_loss": 0.45573022961616516, "best_train_auc": 0.8449409695845311, "best_train_acc": 0.7928409394561343, "best_valid_auc": 0.8160745185285061, "best_valid_acc": 0.7366771159874608, "_wandb": {"runtime": 2908}}