{"epoch": 62, "train_loss_epoch": 0.44618451595306396, "train_auc_epoch": 0.8551296808670674, "train_acc_epoch": 0.7954763393787784, "valid_auc_epoch": 0.8089924974236982, "valid_acc_epoch": 0.7362292879534259, "_timestamp": 1669860618.5816476, "_runtime": 588.5598976612091, "_step": 62, "best_epoch": 52, "best_train_loss": 0.4516373872756958, "best_train_auc": 0.8510648952600228, "best_train_acc": 0.7927871586408172, "best_valid_auc": 0.8117766691386322, "best_valid_acc": 0.7366771159874608, "_wandb": {"runtime": 588}}