{"epoch": 23, "train_loss_epoch": 0.4387661814689636, "train_auc_epoch": 0.8622123199100032, "train_acc_epoch": 0.7987272872808773, "valid_auc_epoch": 0.7970997743127454, "valid_acc_epoch": 0.729511867442902, "_timestamp": 1670092163.5553112, "_runtime": 358.55460810661316, "_step": 23, "best_epoch": 13, "best_train_loss": 0.4617231786251068, "best_train_auc": 0.8447313330035632, "best_train_acc": 0.7868006083406708, "best_valid_auc": 0.80182299441721, "best_valid_acc": 0.7281683833407971, "_wandb": {"runtime": 358}}