{"epoch": 31, "train_loss_epoch": 0.44972068071365356, "train_auc_epoch": 0.848359923766371, "train_acc_epoch": 0.7917834543376788, "valid_auc_epoch": 0.8195858333895144, "valid_acc_epoch": 0.74205105239588, "_timestamp": 1669948561.8289695, "_runtime": 1819.7338984012604, "_step": 31, "best_epoch": 21, "best_train_loss": 0.4544319808483124, "best_train_auc": 0.8448402960003294, "best_train_acc": 0.7906946994979789, "best_valid_auc": 0.8221163878482021, "best_valid_acc": 0.7442901925660547, "_wandb": {"runtime": 1819}}