{"epoch": 25, "train_loss_epoch": 0.47116419672966003, "train_auc_epoch": 0.8348291822995014, "train_acc_epoch": 0.7833445545933647, "valid_auc_epoch": 0.8091899336421685, "valid_acc_epoch": 0.7254814151365876, "_timestamp": 1669746631.173795, "_runtime": 341.0105369091034, "_step": 25, "best_epoch": 15, "best_train_loss": 0.4731140732765198, "best_train_auc": 0.8330619990040566, "best_train_acc": 0.7811738211872867, "best_valid_auc": 0.810998160472306, "best_valid_acc": 0.735333631885356, "_wandb": {"runtime": 340}}