{"epoch": 21, "train_loss_epoch": 0.4688544273376465, "train_auc_epoch": 0.835797718968971, "train_acc_epoch": 0.7855260425817374, "valid_auc_epoch": 0.8039000876424189, "valid_acc_epoch": 0.7268248992386923, "_timestamp": 1669815108.8615344, "_runtime": 471.8942334651947, "_step": 21, "best_epoch": 11, "best_train_loss": 0.46972161531448364, "best_train_auc": 0.835561817270691, "best_train_acc": 0.7844958392563369, "best_valid_auc": 0.8043246557707557, "best_valid_acc": 0.7304075235109718, "_wandb": {"runtime": 471}}