{"epoch": 30, "train_loss_epoch": 0.45895907282829285, "train_auc_epoch": 0.8466072415308726, "train_acc_epoch": 0.7896901368503155, "valid_auc_epoch": 0.7976543614142213, "valid_acc_epoch": 0.7263770712046574, "_timestamp": 1669767780.429552, "_runtime": 251.23351097106934, "_step": 30, "best_epoch": 20, "best_train_loss": 0.4644738435745239, "best_train_auc": 0.8422980244700593, "best_train_acc": 0.7872320310099507, "best_valid_auc": 0.8002378865656692, "best_valid_acc": 0.7250335871025526, "_wandb": {"runtime": 250}}