{"epoch": 55, "train_loss_epoch": 0.4516965448856354, "train_auc_epoch": 0.8479838623806581, "train_acc_epoch": 0.7924682636153432, "valid_auc_epoch": 0.8192262747477471, "valid_acc_epoch": 0.7357814599193909, "_timestamp": 1669870765.9002457, "_runtime": 2106.8947677612305, "_step": 55, "best_epoch": 45, "best_train_loss": 0.4516688883304596, "best_train_auc": 0.8479200508786662, "best_train_acc": 0.7933593500095963, "best_valid_auc": 0.8211669283097855, "best_valid_acc": 0.74205105239588, "_wandb": {"runtime": 2106}}