{"epoch": 32, "train_loss_epoch": 0.47540006041526794, "train_auc_epoch": 0.832973893056629, "train_acc_epoch": 0.7820175065862157, "valid_auc_epoch": 0.8039963979928924, "valid_acc_epoch": 0.7250335871025526, "_timestamp": 1670115123.5351152, "_runtime": 534.5530371665955, "_step": 32, "best_epoch": 22, "best_train_loss": 0.47710561752319336, "best_train_auc": 0.8315218147672658, "best_train_acc": 0.7822894535565564, "best_valid_auc": 0.810897837190563, "best_valid_acc": 0.7281683833407971, "_wandb": {"runtime": 534}}