{"epoch": 49, "train_loss_epoch": 0.5651871562004089, "train_auc_epoch": 0.8165260889160093, "train_acc_epoch": 0.6384846860958819, "valid_auc_epoch": 0.7692107045744205, "valid_acc_epoch": 0.4890282131661442, "_timestamp": 1670388790.67086, "_runtime": 247.25132608413696, "_step": 49, "best_epoch": 39, "best_train_loss": 0.5710207223892212, "best_train_auc": 0.8110187100449334, "best_train_acc": 0.6384846860958819, "best_valid_auc": 0.7725386284764023, "best_valid_acc": 0.4890282131661442, "_wandb": {"runtime": 246}}