{"epoch": 15, "train_loss_epoch": 0.42046552896499634, "train_auc_epoch": 0.8756110823025671, "train_acc_epoch": 0.805371007764348, "valid_auc_epoch": 0.7936863749747185, "valid_acc_epoch": 0.7214509628302732, "_timestamp": 1669962527.2066221, "_runtime": 140.99974513053894, "_step": 15, "best_epoch": 5, "best_train_loss": 0.4645763337612152, "best_train_auc": 0.8429064143755912, "best_train_acc": 0.785099655807252, "best_valid_auc": 0.7991604145197485, "best_valid_acc": 0.716077026421854, "_wandb": {"runtime": 140}}