{"epoch": 36, "train_loss_epoch": 0.44549939036369324, "train_auc_epoch": 0.8545753146119872, "train_acc_epoch": 0.7957537763185439, "valid_auc_epoch": 0.8113288260089312, "valid_acc_epoch": 0.7321988356471115, "_timestamp": 1669779290.7593749, "_runtime": 597.6243009567261, "_step": 36, "best_epoch": 26, "best_train_loss": 0.4564546048641205, "best_train_auc": 0.8460130329747154, "best_train_acc": 0.7905644370503399, "best_valid_auc": 0.8122365510621428, "best_valid_acc": 0.7321988356471115, "_wandb": {"runtime": 597}}