{"epoch": 83, "train_loss_epoch": 0.4680725336074829, "train_auc_epoch": 0.843784794951761, "train_acc_epoch": 0.789613142554319, "valid_auc_epoch": 0.7959047233806217, "valid_acc_epoch": 0.7214509628302732, "_timestamp": 1670087319.1046653, "_runtime": 440.8014552593231, "_step": 83, "best_epoch": 73, "best_train_loss": 0.4733637273311615, "best_train_auc": 0.8388577247613045, "best_train_acc": 0.7846205338465401, "best_valid_auc": 0.796612604456601, "best_valid_acc": 0.7254814151365876, "_wandb": {"runtime": 440}}