{"epoch": 19, "train_loss_epoch": 0.40324580669403076, "train_auc_epoch": 0.887942511625001, "train_acc_epoch": 0.8182412949187041, "valid_auc_epoch": 0.7930916585605456, "valid_acc_epoch": 0.7183161665920287, "_timestamp": 1670031875.6408858, "_runtime": 165.80053091049194, "_step": 19, "best_epoch": 9, "best_train_loss": 0.4431300759315491, "best_train_auc": 0.8603609816975201, "best_train_acc": 0.7980324214301292, "best_valid_auc": 0.8031368281149175, "best_valid_acc": 0.7308553515450067, "_wandb": {"runtime": 165}}