{"epoch": 27, "train_loss_epoch": 0.49849215149879456, "train_auc_epoch": 0.8134118125840697, "train_acc_epoch": 0.7700112062755143, "valid_auc_epoch": 0.7924287223147872, "valid_acc_epoch": 0.7115987460815048, "_timestamp": 1670056227.0871465, "_runtime": 472.2533845901489, "_step": 27, "best_epoch": 17, "best_train_loss": 0.5007868409156799, "best_train_auc": 0.811039888400216, "best_train_acc": 0.7690906907868407, "best_valid_auc": 0.7941109431030553, "best_valid_acc": 0.7236901030004478, "_wandb": {"runtime": 471}}