{"epoch": 16, "train_loss_epoch": 0.6531392335891724, "train_auc_epoch": 0.5001172504211713, "train_acc_epoch": 0.641778184184149, "valid_auc_epoch": 0.5, "valid_acc_epoch": 0.4890282131661442, "_timestamp": 1669732729.9961083, "_runtime": 301.34658122062683, "_step": 16, "best_epoch": 6, "best_train_loss": 0.6721963286399841, "best_train_auc": 0.49842750588486257, "best_train_acc": 0.6337594738600595, "best_valid_auc": 0.5033182928669344, "best_valid_acc": 0.4890282131661442, "_wandb": {"runtime": 300}}