{"epoch": 38, "train_loss_epoch": 0.45120975375175476, "train_auc_epoch": 0.8479492638577031, "train_acc_epoch": 0.7916673321726908, "valid_auc_epoch": 0.8186548333349386, "valid_acc_epoch": 0.7411553963278101, "_timestamp": 1669843181.9554358, "_runtime": 3048.7990708351135, "_step": 38, "best_epoch": 28, "best_train_loss": 0.4611910283565521, "best_train_auc": 0.841084055178217, "best_train_acc": 0.787742177642192, "best_valid_auc": 0.8230064560038267, "best_valid_acc": 0.7438423645320197, "_wandb": {"runtime": 3049}}