{"epoch": 24, "train_loss_epoch": 0.4336817264556885, "train_auc_epoch": 0.8608250118288032, "train_acc_epoch": 0.802574350869014, "valid_auc_epoch": 0.8123850295191224, "valid_acc_epoch": 0.7272727272727273, "_timestamp": 1669771093.270464, "_runtime": 829.7049179077148, "_step": 24, "best_epoch": 14, "best_train_loss": 0.4467681050300598, "best_train_auc": 0.8515179861277226, "best_train_acc": 0.7955216073773801, "best_valid_auc": 0.8166122513186491, "best_valid_acc": 0.7362292879534259, "_wandb": {"runtime": 829}}