{"epoch": 76, "train_loss_epoch": 0.45859256386756897, "train_auc_epoch": 0.8474275553836278, "train_acc_epoch": 0.7862248919572722, "valid_auc_epoch": 0.8002716457770931, "valid_acc_epoch": 0.736318407960199, "_timestamp": 1669718754.4906073, "_runtime": 540.0055482387543, "_step": 76, "best_epoch": 71, "best_train_loss": 0.4603896141052246, "best_train_auc": 0.8459764510019422, "best_train_acc": 0.7868228642874616, "best_valid_auc": 0.8006570083714297, "best_valid_acc": 0.7402985074626866, "_wandb": {"runtime": 539}}