{"epoch": 28, "train_loss_epoch": 0.4307337701320648, "train_auc_epoch": 0.869257464945755, "train_acc_epoch": 0.8036990561405423, "valid_auc_epoch": 0.7930723964904508, "valid_acc_epoch": 0.7201074787281684, "_timestamp": 1669783469.1815531, "_runtime": 302.5148620605469, "_step": 28, "best_epoch": 18, "best_train_loss": 0.4589919149875641, "best_train_auc": 0.8484506326841007, "best_train_acc": 0.7897321185007365, "best_valid_auc": 0.7977956165949155, "best_valid_acc": 0.7210031347962382, "_wandb": {"runtime": 297}}