{"epoch": 29, "train_loss_epoch": 0.46070441603660583, "train_auc_epoch": 0.8407907780460864, "train_acc_epoch": 0.7887448106196504, "valid_auc_epoch": 0.8215096326402199, "valid_acc_epoch": 0.7375727720555306, "_timestamp": 1670063134.2955587, "_runtime": 3035.918321609497, "_step": 29, "best_epoch": 19, "best_train_loss": 0.46101731061935425, "best_train_auc": 0.8406143489057649, "best_train_acc": 0.7890318281994773, "best_valid_auc": 0.8232488370525182, "best_valid_acc": 0.7438423645320197, "_wandb": {"runtime": 3036}}