{"epoch": 31, "train_loss_epoch": 0.4276899993419647, "train_auc_epoch": 0.8671515484837462, "train_acc_epoch": 0.8062127086573956, "valid_auc_epoch": 0.8166708401151871, "valid_acc_epoch": 0.7451858486341245, "_timestamp": 1670023605.4272995, "_runtime": 720.6235404014587, "_step": 31, "best_epoch": 21, "best_train_loss": 0.4458709955215454, "best_train_auc": 0.8542757269880038, "best_train_acc": 0.7965430780303207, "best_valid_auc": 0.8183057083144726, "best_valid_acc": 0.735333631885356, "_wandb": {"runtime": 720}}