{"epoch": 7, "train_loss_epoch": 0.5158209204673767, "train_auc_epoch": 0.7871724790873177, "train_acc_epoch": 0.7452358217018997, "valid_auc_epoch": 0.7950255835287793, "valid_acc_epoch": 0.7619362459348347, "_timestamp": 1669345620.7764335, "_runtime": 3583.8228895664215, "_step": 7, "_wandb": {"runtime": 3585}}