{"epoch": 16, "train_loss_epoch": 0.44740357995033264, "train_auc_epoch": 0.8512011040584047, "train_acc_epoch": 0.7938699975552763, "valid_auc_epoch": 0.8121956191631916, "valid_acc_epoch": 0.7241379310344828, "_timestamp": 1669990936.7605736, "_runtime": 1715.5953545570374, "_step": 16, "best_epoch": 6, "best_train_loss": 0.4551154375076294, "best_train_auc": 0.8449672319775485, "best_train_acc": 0.7909931832007686, "best_valid_auc": 0.8160985961161247, "best_valid_acc": 0.7362292879534259, "_wandb": {"runtime": 1716}}