{"epoch": 15, "train_loss_epoch": 0.4168911278247833, "train_auc_epoch": 0.8793659082021139, "train_acc_epoch": 0.8115157337059354, "valid_auc_epoch": 0.7853242287948686, "valid_acc_epoch": 0.7129422301836095, "_timestamp": 1670049048.9418874, "_runtime": 137.63023447990417, "_step": 15, "best_epoch": 5, "best_train_loss": 0.4695433974266052, "best_train_auc": 0.8408729368157568, "best_train_acc": 0.7830174948330568, "best_valid_auc": 0.8008526676361909, "best_valid_acc": 0.7236901030004478, "_wandb": {"runtime": 137}}