{"epoch": 36, "train_loss_epoch": 0.4572582244873047, "train_auc_epoch": 0.8453234615833575, "train_acc_epoch": 0.7914573123017997, "valid_auc_epoch": 0.8023005332383071, "valid_acc_epoch": 0.729064039408867, "_timestamp": 1669950531.178722, "_runtime": 960.4312980175018, "_step": 36, "best_epoch": 26, "best_train_loss": 0.4596197307109833, "best_train_auc": 0.8434558362092033, "best_train_acc": 0.7901136691240064, "best_valid_auc": 0.8049225825299445, "best_valid_acc": 0.7335423197492164, "_wandb": {"runtime": 960}}