{"epoch": 34, "train_loss_epoch": 0.46496066451072693, "train_auc_epoch": 0.8433024451289164, "train_acc_epoch": 0.7886066861988009, "valid_auc_epoch": 0.7854406038016906, "valid_acc_epoch": 0.716524854455889, "_timestamp": 1670037342.599021, "_runtime": 215.40694999694824, "_step": 34, "best_epoch": 24, "best_train_loss": 0.4758460521697998, "best_train_auc": 0.8347250354330888, "best_train_acc": 0.7812142261200256, "best_valid_auc": 0.7874567004715998, "best_valid_acc": 0.7236901030004478, "_wandb": {"runtime": 214}}