{"epoch": 27, "train_loss_epoch": 0.5686647295951843, "train_auc_epoch": 0.7941606445190543, "train_acc_epoch": 0.6426106909152716, "valid_auc_epoch": 0.7698098352129904, "valid_acc_epoch": 0.4890282131661442, "_timestamp": 1670496693.6879537, "_runtime": 661.8580167293549, "_step": 27, "best_epoch": 17, "best_train_loss": 0.5686876177787781, "best_train_auc": 0.7926017773060093, "best_train_acc": 0.6426106909152716, "best_valid_auc": 0.7781302469076352, "best_valid_acc": 0.4890282131661442, "_wandb": {"runtime": 661}}