{"epoch": 34, "train_loss_epoch": 0.563981294631958, "train_auc_epoch": 0.8045378632623477, "train_acc_epoch": 0.6493812034100738, "valid_auc_epoch": 0.7828342049420051, "valid_acc_epoch": 0.4890282131661442, "_timestamp": 1670517281.8393679, "_runtime": 1801.8728168010712, "_step": 34, "best_epoch": 24, "best_train_loss": 0.5640448331832886, "best_train_auc": 0.8039648423400605, "best_train_acc": 0.6493812034100738, "best_valid_auc": 0.7831797183243284, "best_valid_acc": 0.4890282131661442, "_wandb": {"runtime": 1802}}