{"epoch": 17, "train_loss_epoch": 0.46798011660575867, "train_auc_epoch": 0.835578936683298, "train_acc_epoch": 0.786079647378402, "valid_auc_epoch": 0.8142534503183058, "valid_acc_epoch": 0.7214509628302732, "_timestamp": 1670031604.3542979, "_runtime": 664.3085629940033, "_step": 17, "best_epoch": 7, "best_train_loss": 0.4684749245643616, "best_train_auc": 0.835183037180631, "best_train_acc": 0.7852595971503255, "best_valid_auc": 0.8160400073195866, "best_valid_acc": 0.7321988356471115, "_wandb": {"runtime": 664}}