{"epoch": 31, "train_loss_epoch": 0.4354313313961029, "train_auc_epoch": 0.8601993072732141, "train_acc_epoch": 0.8004650660359659, "valid_auc_epoch": 0.8144689447274898, "valid_acc_epoch": 0.7335423197492164, "_timestamp": 1669979723.9500198, "_runtime": 2114.769702911377, "_step": 31, "best_epoch": 21, "best_train_loss": 0.4378049969673157, "best_train_auc": 0.8582967874008016, "best_train_acc": 0.7989584340123601, "best_valid_auc": 0.8165825556272535, "best_valid_acc": 0.7344379758172862, "_wandb": {"runtime": 2114}}