{"epoch": 14, "train_loss_epoch": 0.5063499212265015, "train_auc_epoch": 0.8015780048301526, "train_acc_epoch": 0.7626876993520203, "valid_auc_epoch": 0.7860473590096728, "valid_acc_epoch": 0.696820420958352, "_timestamp": 1670092460.544631, "_runtime": 946.2547249794006, "_step": 14, "best_epoch": 4, "best_train_loss": 0.5091338157653809, "best_train_auc": 0.7988268059827927, "best_train_acc": 0.7608049937395469, "best_valid_auc": 0.7895811462857913, "best_valid_acc": 0.7174205105239588, "_wandb": {"runtime": 946}}