{"epoch": 61, "train_loss_epoch": 0.4545919597148895, "train_auc_epoch": 0.8510625298367074, "train_acc_epoch": 0.7921734262887384, "valid_auc_epoch": 0.7975556433049861, "valid_acc_epoch": 0.7321988356471115, "_timestamp": 1669868318.1379893, "_runtime": 639.15966629982, "_step": 61, "best_epoch": 51, "best_train_loss": 0.46354174613952637, "best_train_auc": 0.8440401852740047, "best_train_acc": 0.7874153987074449, "best_valid_auc": 0.7990596899448784, "best_valid_acc": 0.7147335423197492, "_wandb": {"runtime": 638}}