{"epoch": 22, "train_loss_epoch": 0.5358648896217346, "train_auc_epoch": 0.7713287512985424, "train_acc_epoch": 0.7457893539424608, "valid_auc_epoch": 0.7582265091029332, "valid_acc_epoch": 0.6798029556650246, "_timestamp": 1669898792.616256, "_runtime": 299.2445321083069, "_step": 22, "best_epoch": 12, "best_train_loss": 0.529085636138916, "best_train_auc": 0.7788686090706388, "best_train_acc": 0.7497535315651952, "best_valid_auc": 0.7761759493792798, "best_valid_acc": 0.7124944021495746, "_wandb": {"runtime": 298}}