{"epoch": 32, "train_loss_epoch": 0.5728426575660706, "train_auc_epoch": 0.8016651377186599, "train_acc_epoch": 0.6440296105568072, "valid_auc_epoch": 0.7664273354457403, "valid_acc_epoch": 0.4890282131661442, "_timestamp": 1670514354.0007684, "_runtime": 616.5062534809113, "_step": 32, "best_epoch": 22, "best_train_loss": 0.5738314390182495, "best_train_auc": 0.7997616726594674, "best_train_acc": 0.6440296105568072, "best_valid_auc": 0.7676187747397213, "best_valid_acc": 0.4890282131661442, "_wandb": {"runtime": 616}}