{"epoch": 19, "train_loss_epoch": 0.44922155141830444, "train_auc_epoch": 0.8498751104580339, "train_acc_epoch": 0.7935203452177225, "valid_auc_epoch": 0.8119572510457698, "valid_acc_epoch": 0.729511867442902, "_timestamp": 1669852422.5017958, "_runtime": 2700.566070795059, "_step": 19, "best_epoch": 9, "best_train_loss": 0.45330938696861267, "best_train_auc": 0.846485723055096, "best_train_acc": 0.7913257793267344, "best_valid_auc": 0.817152793160681, "best_valid_acc": 0.7384684281236006, "_wandb": {"runtime": 2701}}