{"epoch": 18, "train_loss_epoch": 0.5614103674888611, "train_auc_epoch": 0.809806904346874, "train_acc_epoch": 0.648698026184255, "valid_auc_epoch": 0.7738444363115704, "valid_acc_epoch": 0.4890282131661442, "_timestamp": 1670409713.9347622, "_runtime": 393.184855222702, "_step": 18, "best_epoch": 8, "best_train_loss": 0.5661419034004211, "best_train_auc": 0.8054204400445001, "best_train_acc": 0.648698026184255, "best_valid_auc": 0.7747629962792101, "best_valid_acc": 0.4890282131661442, "_wandb": {"runtime": 392}}