{"epoch": 28, "train_loss_epoch": 0.5624297261238098, "train_auc_epoch": 0.8068763104367891, "train_acc_epoch": 0.6512333549631227, "valid_auc_epoch": 0.7771077520201096, "valid_acc_epoch": 0.4890282131661442, "_timestamp": 1670408463.809162, "_runtime": 858.2248649597168, "_step": 28, "best_epoch": 18, "best_train_loss": 0.5626785159111023, "best_train_auc": 0.8059956841276598, "best_train_acc": 0.6512333549631227, "best_valid_auc": 0.7830557187480939, "best_valid_acc": 0.4890282131661442, "_wandb": {"runtime": 858}}