{"epoch": 31, "train_loss_epoch": 0.5598804950714111, "train_auc_epoch": 0.8111088254214273, "train_acc_epoch": 0.6489345960343297, "valid_auc_epoch": 0.7749716687052357, "valid_acc_epoch": 0.4890282131661442, "_timestamp": 1670438287.4883492, "_runtime": 488.74132108688354, "_step": 31, "best_epoch": 21, "best_train_loss": 0.5627792477607727, "best_train_auc": 0.8069292179500794, "best_train_acc": 0.6489345960343297, "best_valid_auc": 0.7777755037833916, "best_valid_acc": 0.4890282131661442, "_wandb": {"runtime": 488}}