{"epoch": 11, "train_loss_epoch": 0.6481260061264038, "train_auc_epoch": 0.49833821123981153, "train_acc_epoch": 0.6493675030746379, "valid_auc_epoch": 0.5, "valid_acc_epoch": 0.4890282131661442, "_timestamp": 1670454755.117444, "_runtime": 730.4210619926453, "_step": 11, "best_epoch": 1, "best_train_loss": 0.6400431990623474, "best_train_auc": 0.5502145724530598, "best_train_acc": 0.6493675030746379, "best_valid_auc": 0.5, "best_valid_acc": 0.4890282131661442, "_wandb": {"runtime": 730}}