{"epoch": 21, "train_loss_epoch": 0.5594346523284912, "train_auc_epoch": 0.8087689083161722, "train_acc_epoch": 0.6512702236345309, "valid_auc_epoch": 0.7718905400763421, "valid_acc_epoch": 0.4890282131661442, "_timestamp": 1670499927.2458124, "_runtime": 539.7365174293518, "_step": 21, "best_epoch": 11, "best_train_loss": 0.5643501281738281, "best_train_auc": 0.805186245789405, "best_train_acc": 0.6512702236345309, "best_valid_auc": 0.7764717024138584, "best_valid_acc": 0.4890282131661442, "_wandb": {"runtime": 539}}