{"epoch": 21, "train_loss_epoch": 0.43246954679489136, "train_auc_epoch": 0.8665035900187328, "train_acc_epoch": 0.8024169349118883, "valid_auc_epoch": 0.8052741153091723, "valid_acc_epoch": 0.7259292431706225, "_timestamp": 1669826087.1647873, "_runtime": 529.7521452903748, "_step": 21, "best_epoch": 11, "best_train_loss": 0.46296262741088867, "best_train_auc": 0.8440274546811053, "best_train_acc": 0.785612963063997, "best_valid_auc": 0.8111763346206817, "best_valid_acc": 0.7380206000895656, "_wandb": {"runtime": 529}}