{"epoch": 20, "train_loss_epoch": 0.38514411449432373, "train_auc_epoch": 0.8952995148958216, "train_acc_epoch": 0.82348571030576, "valid_auc_epoch": 0.7923011111004099, "valid_acc_epoch": 0.7142857142857143, "_timestamp": 1669836535.570568, "_runtime": 854.3198940753937, "_step": 20, "best_epoch": 10, "best_train_loss": 0.4272381663322449, "best_train_auc": 0.8682210600956964, "best_train_acc": 0.8044134376523576, "best_valid_auc": 0.8046938454475703, "best_valid_acc": 0.7299596954769368, "_wandb": {"runtime": 854}}