{"epoch": 58, "train_loss_epoch": 0.4602721035480499, "train_auc_epoch": 0.8415876765563629, "train_acc_epoch": 0.7896990412824333, "valid_auc_epoch": 0.8188281919657906, "valid_acc_epoch": 0.7411553963278101, "_timestamp": 1669883646.6395643, "_runtime": 4172.787841320038, "_step": 58, "best_epoch": 48, "best_train_loss": 0.4606969952583313, "best_train_auc": 0.8413099813923375, "best_train_acc": 0.7890181598837475, "best_valid_auc": 0.8216203895432641, "best_valid_acc": 0.7398119122257053, "_wandb": {"runtime": 4172}}