{"epoch": 29, "train_loss_epoch": 0.43094953894615173, "train_auc_epoch": 0.8635742877842578, "train_acc_epoch": 0.8045504811866528, "valid_auc_epoch": 0.8115391036074647, "valid_acc_epoch": 0.735333631885356, "_timestamp": 1669854225.1223636, "_runtime": 1769.0405144691467, "_step": 29, "best_epoch": 19, "best_train_loss": 0.44031596183776855, "best_train_auc": 0.8569040250473413, "best_train_acc": 0.7990348848899166, "best_valid_auc": 0.8157318141980718, "best_valid_acc": 0.7348858038513211, "_wandb": {"runtime": 1768}}