{"epoch": 65, "train_loss_epoch": 0.4396818280220032, "train_auc_epoch": 0.8560918546735455, "train_acc_epoch": 0.7957562400697042, "valid_auc_epoch": 0.814206097729323, "valid_acc_epoch": 0.7335423197492164, "_timestamp": 1669789260.0125377, "_runtime": 4100.248942613602, "_step": 65, "best_epoch": 55, "best_train_loss": 0.4568975865840912, "best_train_auc": 0.8436215805034468, "best_train_acc": 0.7898279602959014, "best_valid_auc": 0.8227399973675169, "best_valid_acc": 0.7402597402597403, "_wandb": {"runtime": 4100}}