{"epoch": 30, "train_loss_epoch": 0.47355979681015015, "train_auc_epoch": 0.8318493738135986, "train_acc_epoch": 0.7834054334659976, "valid_auc_epoch": 0.8154581322854767, "valid_acc_epoch": 0.7407075682937752, "_timestamp": 1670105986.4384458, "_runtime": 1092.1042938232422, "_step": 30, "best_epoch": 20, "best_train_loss": 0.4736443758010864, "best_train_auc": 0.8320167124294613, "best_train_acc": 0.7829814846859319, "best_valid_auc": 0.8165616883846507, "best_valid_acc": 0.741603224361845, "_wandb": {"runtime": 1092}}