{"epoch": 46, "train_loss_epoch": 0.43597155809402466, "train_auc_epoch": 0.8622441143919062, "train_acc_epoch": 0.8016438830247448, "valid_auc_epoch": 0.8073191050842234, "valid_acc_epoch": 0.7304075235109718, "_timestamp": 1669984992.2455344, "_runtime": 781.4154913425446, "_step": 46, "best_epoch": 36, "best_train_loss": 0.45913833379745483, "best_train_auc": 0.843886870183334, "best_train_acc": 0.7899290534694584, "best_valid_auc": 0.8185826005720834, "best_valid_acc": 0.7438423645320197, "_wandb": {"runtime": 781}}