{"epoch": 33, "train_loss_epoch": 0.42957669496536255, "train_auc_epoch": 0.8657674013786789, "train_acc_epoch": 0.802919277262489, "valid_auc_epoch": 0.7984449088743568, "valid_acc_epoch": 0.7317510076130765, "_timestamp": 1670090230.7344878, "_runtime": 691.0173296928406, "_step": 33, "best_epoch": 23, "best_train_loss": 0.4678191542625427, "best_train_auc": 0.8362511705150135, "best_train_acc": 0.7848410036490966, "best_valid_auc": 0.8085133534300931, "best_valid_acc": 0.7299596954769368, "_wandb": {"runtime": 690}}