{"epoch": 37, "train_loss_epoch": 0.4763513505458832, "train_auc_epoch": 0.8280655466680922, "train_acc_epoch": 0.7809158048541979, "valid_auc_epoch": 0.8012298831755449, "valid_acc_epoch": 0.7227944469323779, "_timestamp": 1670110055.1924465, "_runtime": 1114.076313495636, "_step": 37, "best_epoch": 27, "best_train_loss": 0.47647160291671753, "best_train_auc": 0.828156097843868, "best_train_acc": 0.7810152994217944, "best_valid_auc": 0.8071457464533714, "best_valid_acc": 0.7263770712046574, "_wandb": {"runtime": 1113}}