{"epoch": 25, "train_loss_epoch": 0.4612906575202942, "train_auc_epoch": 0.8412383899142822, "train_acc_epoch": 0.7862039363219755, "valid_auc_epoch": 0.8060742938043552, "valid_acc_epoch": 0.7272727272727273, "_timestamp": 1669836434.4548533, "_runtime": 2866.0896923542023, "_step": 25, "best_epoch": 15, "best_train_loss": 0.4672752022743225, "best_train_auc": 0.8366164696075233, "best_train_acc": 0.7838431530974234, "best_valid_auc": 0.808992497423698, "best_valid_acc": 0.729064039408867, "_wandb": {"runtime": 2866}}