{"epoch": 48, "train_loss_epoch": 0.4563532769680023, "train_auc_epoch": 0.8459815903069151, "train_acc_epoch": 0.7902088259829437, "valid_auc_epoch": 0.8092581534737537, "valid_acc_epoch": 0.7313031795790417, "_timestamp": 1669961448.0567951, "_runtime": 1123.4616792201996, "_step": 48, "best_epoch": 38, "best_train_loss": 0.4592239260673523, "best_train_auc": 0.843665072815661, "best_train_acc": 0.7891264331363884, "best_valid_auc": 0.8101105000754432, "best_valid_acc": 0.7317510076130765, "_wandb": {"runtime": 1123}}