{"epoch": 63, "train_loss_epoch": 0.4733729064464569, "train_auc_epoch": 0.8334529041978372, "train_acc_epoch": 0.7826803773264214, "valid_auc_epoch": 0.8083375870404793, "valid_acc_epoch": 0.7317510076130765, "_timestamp": 1669777413.7885928, "_runtime": 380.0210528373718, "_step": 63, "best_epoch": 53, "best_train_loss": 0.47217464447021484, "best_train_auc": 0.834794376528688, "best_train_acc": 0.7835981983513215, "best_valid_auc": 0.8104861104422892, "best_valid_acc": 0.7362292879534259, "_wandb": {"runtime": 379}}