{"epoch": 33, "train_loss_epoch": 0.6519954204559326, "train_auc_epoch": 0.4954657717306447, "train_acc_epoch": 0.6440296105568072, "valid_auc_epoch": 0.5507395029743847, "valid_acc_epoch": 0.4890282131661442, "_timestamp": 1669731950.125702, "_runtime": 271.4744408130646, "_step": 33, "best_epoch": 23, "best_train_loss": 0.6530885696411133, "best_train_auc": 0.500350968986121, "best_train_acc": 0.6440296105568072, "best_valid_auc": 0.5870962589849531, "best_valid_acc": 0.4890282131661442, "_wandb": {"runtime": 270}}