{"epoch": 22, "train_loss_epoch": 0.5493088960647583, "train_auc_epoch": 0.7537328911403338, "train_acc_epoch": 0.7346864162096595, "valid_auc_epoch": 0.7514422474983385, "valid_acc_epoch": 0.6547245857590686, "_timestamp": 1669908814.425878, "_runtime": 1744.8231019973755, "_step": 22, "best_epoch": 12, "best_train_loss": 0.5512722730636597, "best_train_auc": 0.7509751219348413, "best_train_acc": 0.7337296909435703, "best_valid_auc": 0.7527536734372843, "best_valid_acc": 0.6359158083296015, "_wandb": {"runtime": 1744}}