{"epoch": 37, "train_loss_epoch": 0.4463738799095154, "train_auc_epoch": 0.8567666198556566, "train_acc_epoch": 0.7944706808343172, "valid_auc_epoch": 0.7973778704497374, "valid_acc_epoch": 0.7142857142857143, "_timestamp": 1670007930.5079908, "_runtime": 519.7060887813568, "_step": 37, "best_epoch": 27, "best_train_loss": 0.4629231095314026, "best_train_auc": 0.8437758511295335, "best_train_acc": 0.7882231404958677, "best_valid_auc": 0.8059001325872491, "best_valid_acc": 0.7326466636811464, "_wandb": {"runtime": 519}}