{"epoch": 20, "train_loss_epoch": 0.4474657475948334, "train_auc_epoch": 0.8513644598881756, "train_acc_epoch": 0.7946621092814132, "valid_auc_epoch": 0.8160761237010141, "valid_acc_epoch": 0.7389162561576355, "_timestamp": 1670072848.8695946, "_runtime": 825.8240895271301, "_step": 20, "best_epoch": 10, "best_train_loss": 0.45690080523490906, "best_train_auc": 0.8443716250656468, "best_train_acc": 0.7901499784376048, "best_valid_auc": 0.8173658798111033, "best_valid_acc": 0.7339901477832512, "_wandb": {"runtime": 825}}