{"epoch": 100, "train_loss_epoch": 0.4832611382007599, "train_auc_epoch": 0.8267361503125646, "train_acc_epoch": 0.7817594329789451, "valid_auc_epoch": 0.7849381848067212, "valid_acc_epoch": 0.7223466188983431, "_timestamp": 1670016144.5695682, "_runtime": 1101.3489022254944, "_step": 100, "best_epoch": 97, "best_train_loss": 0.48358434438705444, "best_train_auc": 0.8266218417818403, "best_train_acc": 0.7814884302689181, "best_valid_auc": 0.7849486184280223, "best_valid_acc": 0.7205553067622034, "_wandb": {"runtime": 1100}}