{"epoch": 14, "train_loss_epoch": 0.5605995059013367, "train_auc_epoch": 0.817687122436356, "train_acc_epoch": 0.6360746920937624, "valid_auc_epoch": 0.7455877820689389, "valid_acc_epoch": 0.4890282131661442, "_timestamp": 1670387322.353574, "_runtime": 68.57194495201111, "_step": 14, "best_epoch": 4, "best_train_loss": 0.5799070596694946, "best_train_auc": 0.7953951493816809, "best_train_acc": 0.6360746920937624, "best_valid_auc": 0.7671320061767037, "best_valid_acc": 0.4890282131661442, "_wandb": {"runtime": 69}}