{"epoch": 75, "train_loss_epoch": 0.43731606006622314, "train_auc_epoch": 0.8582661317594174, "train_acc_epoch": 0.7972336245587696, "valid_auc_epoch": 0.8164477211365906, "valid_acc_epoch": 0.7344379758172862, "_timestamp": 1669945515.5188234, "_runtime": 2759.752171278, "_step": 75, "best_epoch": 65, "best_train_loss": 0.4517698585987091, "best_train_auc": 0.8481284964350843, "best_train_acc": 0.7918430257630692, "best_valid_auc": 0.8228210585791655, "best_valid_acc": 0.7460815047021944, "_wandb": {"runtime": 2759}}