{"epoch": 31, "train_loss_epoch": 0.45997095108032227, "train_auc_epoch": 0.8480054975332545, "train_acc_epoch": 0.7872697974217311, "valid_auc_epoch": 0.8059234075886137, "valid_acc_epoch": 0.7357814599193909, "_timestamp": 1669814599.730496, "_runtime": 374.14237999916077, "_step": 31, "best_epoch": 21, "best_train_loss": 0.4704388976097107, "best_train_auc": 0.839808738358203, "best_train_acc": 0.7818600368324126, "best_valid_auc": 0.8070438179991203, "best_valid_acc": 0.741603224361845, "_wandb": {"runtime": 373}}