{"epoch": 55, "train_loss_epoch": 0.45183226466178894, "train_auc_epoch": 0.8541462161072472, "train_acc_epoch": 0.7920705615230111, "valid_auc_epoch": 0.8022852840994823, "valid_acc_epoch": 0.7281683833407971, "_timestamp": 1669835643.757149, "_runtime": 797.0619139671326, "_step": 55, "best_epoch": 45, "best_train_loss": 0.45807909965515137, "best_train_auc": 0.8491258872668133, "best_train_acc": 0.7890140599074317, "best_valid_auc": 0.8028743824098776, "best_valid_acc": 0.7277205553067622, "_wandb": {"runtime": 796}}