{"epoch": 64, "train_loss_epoch": 0.4580448269844055, "train_auc_epoch": 0.8434550588182949, "train_acc_epoch": 0.790841459736604, "valid_auc_epoch": 0.8208820101896351, "valid_acc_epoch": 0.741603224361845, "_timestamp": 1669809726.2329319, "_runtime": 2097.592969894409, "_step": 64, "best_epoch": 54, "best_train_loss": 0.46025288105010986, "best_train_auc": 0.8417303958650465, "best_train_acc": 0.7896350658489997, "best_valid_auc": 0.8228174469410228, "best_valid_acc": 0.7433945364979848, "_wandb": {"runtime": 2097}}