{"epoch": 19, "train_loss_epoch": 0.7850521802902222, "train_auc_epoch": 0.4998952679245104, "train_acc_epoch": 0.6122843621189762, "valid_auc_epoch": 0.5, "valid_acc_epoch": 0.4890282131661442, "_timestamp": 1670107369.772066, "_runtime": 390.322124004364, "_step": 19, "best_epoch": 9, "best_train_loss": 3.893665075302124, "best_train_auc": 0.4982569394422793, "best_train_acc": 0.519490102284871, "best_valid_auc": 0.558763760341324, "best_valid_acc": 0.4890282131661442, "_wandb": {"runtime": 389}}