{"epoch": 33, "train_loss_epoch": 0.5547794699668884, "train_auc_epoch": 0.828241542380537, "train_acc_epoch": 0.6365070479873798, "valid_auc_epoch": 0.772747702195555, "valid_acc_epoch": 0.4890282131661442, "_timestamp": 1670514665.0540826, "_runtime": 276.0053277015686, "_step": 33, "best_epoch": 23, "best_train_loss": 0.5645021796226501, "best_train_auc": 0.8198901184272446, "best_train_acc": 0.6365070479873798, "best_valid_auc": 0.7804758052347887, "best_valid_acc": 0.4890282131661442, "_wandb": {"runtime": 275}}