{"epoch": 15, "train_loss_epoch": 0.45157602429389954, "train_auc_epoch": 0.8548569352173319, "train_acc_epoch": 0.7971717847878839, "valid_auc_epoch": 0.7985990054351142, "valid_acc_epoch": 0.7205553067622034, "_timestamp": 1670062650.1592584, "_runtime": 263.22532844543457, "_step": 15, "best_epoch": 5, "best_train_loss": 0.48691022396087646, "best_train_auc": 0.827175579638994, "best_train_acc": 0.7756673081750481, "best_valid_auc": 0.8029811263816522, "best_valid_acc": 0.7205553067622034, "_wandb": {"runtime": 262}}