{"epoch": 37, "train_loss_epoch": 0.46319571137428284, "train_auc_epoch": 0.8444878762291371, "train_acc_epoch": 0.787538174414659, "valid_auc_epoch": 0.8042773031817729, "valid_acc_epoch": 0.7411553963278101, "_timestamp": 1669766077.065026, "_runtime": 190.60449600219727, "_step": 37, "best_epoch": 27, "best_train_loss": 0.4638734757900238, "best_train_auc": 0.844279659159, "best_train_acc": 0.7883440787241263, "best_valid_auc": 0.804697457085713, "best_valid_acc": 0.7330944917151814, "_wandb": {"runtime": 190}}