{"epoch": 52, "train_loss_epoch": 0.458171546459198, "train_auc_epoch": 0.8445927561681699, "train_acc_epoch": 0.790284581728432, "valid_auc_epoch": 0.8171291168661896, "valid_acc_epoch": 0.7339901477832512, "_timestamp": 1669816658.4292023, "_runtime": 924.5424902439117, "_step": 52, "best_epoch": 42, "best_train_loss": 0.4557271897792816, "best_train_auc": 0.8465391391664314, "best_train_acc": 0.7922366403649826, "best_valid_auc": 0.8185127755679903, "best_valid_acc": 0.7402597402597403, "_wandb": {"runtime": 924}}