{"epoch": 56, "train_loss_epoch": 0.4624519348144531, "train_auc_epoch": 0.8407527837699786, "train_acc_epoch": 0.7882243317820518, "valid_auc_epoch": 0.8175135556818292, "valid_acc_epoch": 0.7456336766681594, "_timestamp": 1669896916.9237711, "_runtime": 1295.4075481891632, "_step": 56, "best_epoch": 46, "best_train_loss": 0.46226632595062256, "best_train_auc": 0.8408855366164993, "best_train_acc": 0.7878176351880071, "best_valid_auc": 0.8184268988388183, "best_valid_acc": 0.7451858486341245, "_wandb": {"runtime": 1295}}