{"epoch": 20, "train_loss_epoch": 0.4973728656768799, "train_auc_epoch": 0.8188023409831359, "train_acc_epoch": 0.7671347070622867, "valid_auc_epoch": 0.7916373722683976, "valid_acc_epoch": 0.7187639946260636, "_timestamp": 1669959810.9265122, "_runtime": 194.5228042602539, "_step": 20, "best_epoch": 10, "best_train_loss": 0.4908510446548462, "best_train_auc": 0.8229877794371796, "best_train_acc": 0.7722666527730743, "best_valid_auc": 0.799530808075944, "best_valid_acc": 0.7304075235109718, "_wandb": {"runtime": 194}}