{"epoch": 56, "train_loss_epoch": 0.6523399353027344, "train_auc_epoch": 0.49724634805428514, "train_acc_epoch": 0.6426106909152716, "valid_auc_epoch": 0.5, "valid_acc_epoch": 0.4890282131661442, "_timestamp": 1669724399.9930985, "_runtime": 331.04075860977173, "_step": 56, "best_epoch": 31, "best_train_loss": 0.7258233428001404, "best_train_auc": 0.5042763551279945, "best_train_acc": 0.6089912467068922, "best_valid_auc": 0.5772469204765436, "best_valid_acc": 0.5109717868338558, "_wandb": {"runtime": 331}}