{"epoch": 46, "train_loss_epoch": 0.4602416157722473, "train_auc_epoch": 0.8419565154507832, "train_acc_epoch": 0.7892095057488938, "valid_auc_epoch": 0.8177021634515063, "valid_acc_epoch": 0.7407075682937752, "_timestamp": 1669814013.8577206, "_runtime": 1167.980982542038, "_step": 46, "best_epoch": 36, "best_train_loss": 0.45868927240371704, "best_train_auc": 0.8432578899369811, "best_train_acc": 0.7901867322706849, "best_valid_auc": 0.8183121290045041, "best_valid_acc": 0.742498880429915, "_wandb": {"runtime": 1167}}