{"epoch": 20, "train_loss_epoch": 0.4340086281299591, "train_auc_epoch": 0.8668984310327816, "train_acc_epoch": 0.8027575177494003, "valid_auc_epoch": 0.794709672448498, "valid_acc_epoch": 0.7218987908643081, "_timestamp": 1669981959.7043006, "_runtime": 155.6457016468048, "_step": 20, "best_epoch": 10, "best_train_loss": 0.46559035778045654, "best_train_auc": 0.842574303944367, "best_train_acc": 0.7865952652111755, "best_valid_auc": 0.8048294825244869, "best_valid_acc": 0.7308553515450067, "_wandb": {"runtime": 155}}