{"epoch": 24, "train_loss_epoch": 0.44432976841926575, "train_auc_epoch": 0.8543913878451495, "train_acc_epoch": 0.7968280151897864, "valid_auc_epoch": 0.80365208848995, "valid_acc_epoch": 0.7214509628302732, "_timestamp": 1669968938.1465938, "_runtime": 377.2546947002411, "_step": 24, "best_epoch": 14, "best_train_loss": 0.45138317346572876, "best_train_auc": 0.8492460197144014, "best_train_acc": 0.7938152596640148, "best_valid_auc": 0.8072966326691131, "best_valid_acc": 0.7317510076130765, "_wandb": {"runtime": 376}}