{"epoch": 36, "train_loss_epoch": 0.41585272550582886, "train_auc_epoch": 0.8782479465006219, "train_acc_epoch": 0.8129195905100398, "valid_auc_epoch": 0.7935274628964375, "valid_acc_epoch": 0.7241379310344828, "_timestamp": 1669740782.1517355, "_runtime": 363.2990255355835, "_step": 36, "best_epoch": 26, "best_train_loss": 0.4357258081436157, "best_train_auc": 0.8644858610316628, "best_train_acc": 0.8034417813420821, "best_valid_auc": 0.7965716725576498, "best_valid_acc": 0.7232422749664129, "_wandb": {"runtime": 362}}