{"epoch": 43, "train_loss_epoch": 0.4773944318294525, "train_auc_epoch": 0.8284125048793569, "train_acc_epoch": 0.7814068177885447, "valid_auc_epoch": 0.8020493237408224, "valid_acc_epoch": 0.7187639946260636, "_timestamp": 1669867310.7860742, "_runtime": 482.0502121448517, "_step": 43, "best_epoch": 33, "best_train_loss": 0.47789254784584045, "best_train_auc": 0.8279926922435636, "best_train_acc": 0.7807492645786468, "best_valid_auc": 0.8058367282731875, "best_valid_acc": 0.7344379758172862, "_wandb": {"runtime": 481}}