{"epoch": 41, "train_loss_epoch": 0.4340481758117676, "train_auc_epoch": 0.865409806513258, "train_acc_epoch": 0.8010133805588351, "valid_auc_epoch": 0.8107999216675816, "valid_acc_epoch": 0.7380206000895656, "_timestamp": 1669864102.8508537, "_runtime": 737.8406357765198, "_step": 41, "best_epoch": 31, "best_train_loss": 0.4430432617664337, "best_train_auc": 0.8587783157910829, "best_train_acc": 0.7970123311032402, "best_valid_auc": 0.8149179917365719, "best_valid_acc": 0.7398119122257053, "_wandb": {"runtime": 737}}