{"epoch": 20, "train_loss_epoch": 0.4692637026309967, "train_auc_epoch": 0.8343357452705311, "train_acc_epoch": 0.7860485362933943, "valid_auc_epoch": 0.8157631150619759, "valid_acc_epoch": 0.7433945364979848, "_timestamp": 1669993836.166048, "_runtime": 1100.1598980426788, "_step": 20, "best_epoch": 10, "best_train_loss": 0.46935340762138367, "best_train_auc": 0.8344502339250873, "best_train_acc": 0.7854127646900471, "best_valid_auc": 0.8178410108734386, "best_valid_acc": 0.7362292879534259, "_wandb": {"runtime": 1100}}