{"epoch": 71, "train_loss_epoch": 0.4545081555843353, "train_auc_epoch": 0.8503185043170477, "train_acc_epoch": 0.7915337646951609, "valid_auc_epoch": 0.8086361491269466, "valid_acc_epoch": 0.7281683833407971, "_timestamp": 1669844973.4296803, "_runtime": 478.28637742996216, "_step": 71, "best_epoch": 61, "best_train_loss": 0.4588746428489685, "best_train_auc": 0.8465768677506641, "best_train_acc": 0.7898629970533735, "best_valid_auc": 0.8096955629821537, "best_valid_acc": 0.7330944917151814, "_wandb": {"runtime": 477}}