{"epoch": 60, "train_loss_epoch": 0.4356197714805603, "train_auc_epoch": 0.861251657766971, "train_acc_epoch": 0.8013612056392805, "valid_auc_epoch": 0.8186965678201437, "valid_acc_epoch": 0.7393640841916704, "_timestamp": 1669755447.427225, "_runtime": 894.9950451850891, "_step": 60, "best_epoch": 50, "best_train_loss": 0.44108352065086365, "best_train_auc": 0.8572151623344977, "best_train_acc": 0.7989828353464717, "best_valid_auc": 0.8194726687277081, "best_valid_acc": 0.742498880429915, "_wandb": {"runtime": 894}}