{"epoch": 22, "train_loss_epoch": 0.44353100657463074, "train_auc_epoch": 0.8563114961057495, "train_acc_epoch": 0.7974795258217718, "valid_auc_epoch": 0.8051296497834624, "valid_acc_epoch": 0.7299596954769368, "_timestamp": 1669847327.06559, "_runtime": 275.9997179508209, "_step": 22, "best_epoch": 12, "best_train_loss": 0.45455142855644226, "best_train_auc": 0.8479562656459493, "best_train_acc": 0.7913092255338244, "best_valid_auc": 0.8082918396240044, "best_valid_acc": 0.741603224361845, "_wandb": {"runtime": 275}}