{"epoch": 34, "train_loss_epoch": 0.43613195419311523, "train_auc_epoch": 0.8646523891270024, "train_acc_epoch": 0.8028360608433983, "valid_auc_epoch": 0.7968614061953238, "valid_acc_epoch": 0.7236901030004478, "_timestamp": 1670021079.470068, "_runtime": 337.5026330947876, "_step": 34, "best_epoch": 24, "best_train_loss": 0.45331263542175293, "best_train_auc": 0.8518020062128175, "best_train_acc": 0.7926748835483738, "best_valid_auc": 0.8029514306902563, "best_valid_acc": 0.7245857590685177, "_wandb": {"runtime": 337}}