{"epoch": 46, "train_loss_epoch": 0.594783365726471, "train_auc_epoch": 0.7368725364138135, "train_acc_epoch": 0.6496382975067443, "valid_auc_epoch": 0.7343680275319189, "valid_acc_epoch": 0.4890282131661442, "_timestamp": 1670458967.2896478, "_runtime": 3388.0566618442535, "_step": 46, "best_epoch": 36, "best_train_loss": 0.5945140719413757, "best_train_auc": 0.738285069906337, "best_train_acc": 0.6496382975067443, "best_valid_auc": 0.7344133736552667, "best_valid_acc": 0.4890282131661442, "_wandb": {"runtime": 3388}}