{"epoch": 100, "train_loss_epoch": 0.45709866285324097, "train_auc_epoch": 0.8444869435036013, "train_acc_epoch": 0.7888009142951279, "valid_auc_epoch": 0.807486043025044, "valid_acc_epoch": 0.7304075235109718, "_timestamp": 1669876641.919847, "_runtime": 2865.372570991516, "_step": 100, "best_epoch": 99, "best_train_loss": 0.4572887122631073, "best_train_auc": 0.8443671273814728, "best_train_acc": 0.7891355380750381, "best_valid_auc": 0.8078929542557938, "best_valid_acc": 0.729064039408867, "_wandb": {"runtime": 2865}}