{"epoch": 32, "train_loss_epoch": 0.5616191029548645, "train_auc_epoch": 0.8144844565407887, "train_acc_epoch": 0.6414805461289559, "valid_auc_epoch": 0.7762413601589763, "valid_acc_epoch": 0.4890282131661442, "_timestamp": 1670455393.6632602, "_runtime": 601.7924652099609, "_step": 32, "best_epoch": 22, "best_train_loss": 0.5649875402450562, "best_train_auc": 0.8100757914298338, "best_train_acc": 0.6414805461289559, "best_valid_auc": 0.7783621943350251, "best_valid_acc": 0.4890282131661442, "_wandb": {"runtime": 601}}