{"epoch": 46, "train_loss_epoch": 0.4484245479106903, "train_auc_epoch": 0.851657246565037, "train_acc_epoch": 0.7941523209398204, "valid_auc_epoch": 0.8108914165005314, "valid_acc_epoch": 0.7357814599193909, "_timestamp": 1669910622.8975267, "_runtime": 1215.3129618167877, "_step": 46, "best_epoch": 36, "best_train_loss": 0.4521123766899109, "best_train_auc": 0.8489268804114278, "best_train_acc": 0.7930561396493598, "best_valid_auc": 0.8140106679764876, "best_valid_acc": 0.7380206000895656, "_wandb": {"runtime": 1215}}