{"epoch": 18, "train_loss_epoch": 0.4369086027145386, "train_auc_epoch": 0.8661913212270613, "train_acc_epoch": 0.8049016686531585, "valid_auc_epoch": 0.775723692025182, "valid_acc_epoch": 0.7084639498432602, "_timestamp": 1669973148.8992586, "_runtime": 89.97957253456116, "_step": 18, "best_epoch": 8, "best_train_loss": 0.4726802110671997, "best_train_auc": 0.8392138810516728, "best_train_acc": 0.7867997616209773, "best_valid_auc": 0.7830416734886498, "best_valid_acc": 0.7075682937751904, "_wandb": {"runtime": 89}}