{"epoch": 26, "train_loss_epoch": 0.5815394520759583, "train_auc_epoch": 0.7946249203813494, "train_acc_epoch": 0.6365070479873798, "valid_auc_epoch": 0.7568520801430529, "valid_acc_epoch": 0.4890282131661442, "_timestamp": 1670552979.5052218, "_runtime": 280.56092977523804, "_step": 26, "best_epoch": 16, "best_train_loss": 0.5815837979316711, "best_train_auc": 0.7962000511748638, "best_train_acc": 0.6365070479873798, "best_valid_auc": 0.7616587692179277, "best_valid_acc": 0.4890282131661442, "_wandb": {"runtime": 280}}