{"epoch": 17, "train_loss_epoch": 0.5200751423835754, "train_auc_epoch": 0.7882568943400969, "train_acc_epoch": 0.7520612304170297, "valid_auc_epoch": 0.7817438915160212, "valid_acc_epoch": 0.6802507836990596, "_timestamp": 1670085645.1158884, "_runtime": 1460.1864824295044, "_step": 17, "best_epoch": 7, "best_train_loss": 0.5282362699508667, "best_train_auc": 0.7789463459427509, "best_train_acc": 0.7471990159397263, "best_valid_auc": 0.7857014443342226, "best_valid_acc": 0.7039856695029109, "_wandb": {"runtime": 1460}}