{"epoch": 17, "train_loss_epoch": 0.5877878069877625, "train_auc_epoch": 0.7649099230168264, "train_acc_epoch": 0.646922448104421, "valid_auc_epoch": 0.7431378875287727, "valid_acc_epoch": 0.4890282131661442, "_timestamp": 1670465302.5573592, "_runtime": 366.86080622673035, "_step": 17, "best_epoch": 7, "best_train_loss": 0.5900572538375854, "best_train_auc": 0.7616316089181205, "best_train_acc": 0.646922448104421, "best_valid_auc": 0.7461363497735102, "best_valid_acc": 0.4890282131661442, "_wandb": {"runtime": 366}}