{"epoch": 30, "train_loss_epoch": 0.4671286642551422, "train_auc_epoch": 0.8369716178157627, "train_acc_epoch": 0.78743127768081, "valid_auc_epoch": 0.814859402940034, "valid_acc_epoch": 0.7375727720555306, "_timestamp": 1669971864.594451, "_runtime": 987.3638789653778, "_step": 30, "best_epoch": 20, "best_train_loss": 0.46767061948776245, "best_train_auc": 0.8367008822918247, "best_train_acc": 0.787533614950338, "best_valid_auc": 0.816165210775202, "best_valid_acc": 0.7375727720555306, "_wandb": {"runtime": 987}}