{"epoch": 13, "train_loss_epoch": 0.47515472769737244, "train_auc_epoch": 0.8354310099083335, "train_acc_epoch": 0.7800594169305606, "valid_auc_epoch": 0.8058260451342247, "valid_acc_epoch": 0.7343283582089553, "_timestamp": 1669721811.1774254, "_runtime": 120.09296941757202, "_step": 13, "best_epoch": 8, "best_train_loss": 0.4815868139266968, "best_train_auc": 0.8308009616547689, "best_train_acc": 0.7753582971499461, "best_valid_auc": 0.8132664309349574, "best_valid_acc": 0.7393034825870647, "_wandb": {"runtime": 119}}