{"epoch": 26, "train_loss_epoch": 0.4741795063018799, "train_auc_epoch": 0.8313815499892329, "train_acc_epoch": 0.7811427278718194, "valid_auc_epoch": 0.8073985611233638, "valid_acc_epoch": 0.7308553515450067, "_timestamp": 1669725930.4996133, "_runtime": 748.8649413585663, "_step": 25}