{"epoch": 32, "train_loss_epoch": 0.4484609067440033, "train_auc_epoch": 0.8515071527757625, "train_acc_epoch": 0.7947065432831298, "valid_auc_epoch": 0.8085318129139338, "valid_acc_epoch": 0.7227944469323779, "_timestamp": 1669946708.3898892, "_runtime": 1874.514148235321, "_step": 32, "best_epoch": 22, "best_train_loss": 0.452838659286499, "best_train_auc": 0.8478652077269574, "best_train_acc": 0.7925666889699663, "best_valid_auc": 0.8123384795163937, "best_valid_acc": 0.728616211374832, "_wandb": {"runtime": 1874}}