{"epoch": 40, "train_loss_epoch": 0.46041226387023926, "train_auc_epoch": 0.8413868728695146, "train_acc_epoch": 0.7887190216557033, "valid_auc_epoch": 0.8200601618655957, "valid_acc_epoch": 0.735333631885356, "_timestamp": 1669840092.9491572, "_runtime": 2079.7991032600403, "_step": 40, "best_epoch": 30, "best_train_loss": 0.4598086178302765, "best_train_auc": 0.842084485955732, "best_train_acc": 0.7892136517917551, "best_valid_auc": 0.8223860568295275, "best_valid_acc": 0.7469771607702642, "_wandb": {"runtime": 2079}}