{"epoch": 19, "train_loss_epoch": 0.47830867767333984, "train_auc_epoch": 0.8268935865048568, "train_acc_epoch": 0.7801454326308069, "valid_auc_epoch": 0.802099886674821, "valid_acc_epoch": 0.729064039408867, "_timestamp": 1669776030.4156232, "_runtime": 624.5448942184448, "_step": 19, "best_epoch": 9, "best_train_loss": 0.4783708155155182, "best_train_auc": 0.8267811794766755, "best_train_acc": 0.7804297028239401, "best_valid_auc": 0.8043880600848173, "best_valid_acc": 0.7339901477832512, "_wandb": {"runtime": 623}}