{"epoch": 57, "train_loss_epoch": 0.45207536220550537, "train_auc_epoch": 0.8506272718769641, "train_acc_epoch": 0.7928601209089013, "valid_auc_epoch": 0.8101409983530928, "valid_acc_epoch": 0.7326466636811464, "_timestamp": 1669846435.6184072, "_runtime": 1687.467035293579, "_step": 57, "best_epoch": 47, "best_train_loss": 0.45466378331184387, "best_train_auc": 0.8485195266941851, "best_train_acc": 0.7913174900979779, "best_valid_auc": 0.8103789651773876, "best_valid_acc": 0.7402597402597403, "_wandb": {"runtime": 1687}}