{"epoch": 22, "train_loss_epoch": 0.4401162266731262, "train_auc_epoch": 0.8631764815979549, "train_acc_epoch": 0.7991252302025783, "valid_auc_epoch": 0.801867136661177, "valid_acc_epoch": 0.7366771159874608, "_timestamp": 1669779573.8433418, "_runtime": 112.25399374961853, "_step": 22, "best_epoch": 12, "best_train_loss": 0.4687940776348114, "best_train_auc": 0.8413552528118048, "best_train_acc": 0.7837476979742173, "best_valid_auc": 0.8033158048495472, "best_valid_acc": 0.7371249440214958, "_wandb": {"runtime": 111}}