{"epoch": 18, "train_loss_epoch": 0.4694920480251312, "train_auc_epoch": 0.8346350264531935, "train_acc_epoch": 0.7842872493447572, "valid_auc_epoch": 0.8066946929786544, "valid_acc_epoch": 0.7330944917151814, "_timestamp": 1669859353.0492277, "_runtime": 1383.439103603363, "_step": 18, "best_epoch": 8, "best_train_loss": 0.46953073143959045, "best_train_auc": 0.8348334506654106, "best_train_acc": 0.7842872493447572, "best_valid_auc": 0.8092268526098501, "best_valid_acc": 0.7308553515450067, "_wandb": {"runtime": 1383}}