{"epoch": 92, "train_loss_epoch": 0.45280733704566956, "train_auc_epoch": 0.8539642054922535, "train_acc_epoch": 0.7950799096309932, "valid_auc_epoch": 0.8039562686801951, "valid_acc_epoch": 0.7263770712046574, "_timestamp": 1669872174.657084, "_runtime": 402.11223006248474, "_step": 92, "best_epoch": 82, "best_train_loss": 0.4587351381778717, "best_train_auc": 0.8504639007028871, "best_train_acc": 0.7925138761052074, "best_valid_auc": 0.8051794101312068, "best_valid_acc": 0.7308553515450067, "_wandb": {"runtime": 401}}