{"epoch": 39, "train_loss_epoch": 0.476859986782074, "train_auc_epoch": 0.8285029586226234, "train_acc_epoch": 0.7813794761763836, "valid_auc_epoch": 0.8026970108477558, "valid_acc_epoch": 0.7330944917151814, "_timestamp": 1669732424.7862391, "_runtime": 437.70707416534424, "_step": 39, "best_epoch": 29, "best_train_loss": 0.47686848044395447, "best_train_auc": 0.828594057349821, "best_train_acc": 0.7815089523527671, "best_valid_auc": 0.8066593791834809, "best_valid_acc": 0.7357814599193909, "_wandb": {"runtime": 437}}