{"epoch": 21, "train_loss_epoch": 0.47288042306900024, "train_auc_epoch": 0.8319510609457086, "train_acc_epoch": 0.7827211493643583, "valid_auc_epoch": 0.8078126956303994, "valid_acc_epoch": 0.729064039408867, "_timestamp": 1669952291.4176848, "_runtime": 577.4847319126129, "_step": 21, "best_epoch": 11, "best_train_loss": 0.4731745719909668, "best_train_auc": 0.831638359624564, "best_train_acc": 0.7828491002312254, "best_valid_auc": 0.81024212422109, "best_valid_acc": 0.7330944917151814, "_wandb": {"runtime": 577}}