{"epoch": 86, "train_loss_epoch": 0.5612045526504517, "train_auc_epoch": 0.8224658554404214, "train_acc_epoch": 0.6343032797561674, "valid_auc_epoch": 0.771366451252516, "valid_acc_epoch": 0.4890282131661442, "_timestamp": 1670401485.6977396, "_runtime": 370.2019155025482, "_step": 86, "best_epoch": 76, "best_train_loss": 0.5648157000541687, "best_train_auc": 0.8189754116410594, "best_train_acc": 0.6343032797561674, "best_valid_auc": 0.7726413595169073, "best_valid_acc": 0.4890282131661442, "_wandb": {"runtime": 369}}