{"epoch": 41, "train_loss_epoch": 0.4571337401866913, "train_auc_epoch": 0.8473856326620164, "train_acc_epoch": 0.7908958814120175, "valid_auc_epoch": 0.8083054835903215, "valid_acc_epoch": 0.7330944917151814, "_timestamp": 1669827737.5547209, "_runtime": 440.9029688835144, "_step": 41, "best_epoch": 31, "best_train_loss": 0.4640386998653412, "best_train_auc": 0.8418899480627462, "best_train_acc": 0.7870740075949058, "best_valid_auc": 0.8104660457859405, "best_valid_acc": 0.7348858038513211, "_wandb": {"runtime": 440}}