{"epoch": 31, "train_loss_epoch": 0.5749823451042175, "train_auc_epoch": 0.7964569414501507, "train_acc_epoch": 0.6430150066547005, "valid_auc_epoch": 0.7655075715987197, "valid_acc_epoch": 0.4890282131661442, "_timestamp": 1670548761.6453679, "_runtime": 675.1516387462616, "_step": 31, "best_epoch": 21, "best_train_loss": 0.5756620764732361, "best_train_auc": 0.7951559730764766, "best_train_acc": 0.6430150066547005, "best_valid_auc": 0.7663498858722347, "best_valid_acc": 0.4890282131661442, "_wandb": {"runtime": 674}}