{"epoch": 36, "train_loss_epoch": 0.4503729045391083, "train_auc_epoch": 0.8517130389852088, "train_acc_epoch": 0.7960413377548277, "valid_auc_epoch": 0.8076473628620868, "valid_acc_epoch": 0.7335423197492164, "_timestamp": 1669953651.1210127, "_runtime": 852.0674786567688, "_step": 36, "best_epoch": 26, "best_train_loss": 0.46484512090682983, "best_train_auc": 0.8398645964572131, "best_train_acc": 0.7887403567070438, "best_valid_auc": 0.8148850857001603, "best_valid_acc": 0.74205105239588, "_wandb": {"runtime": 851}}