{"epoch": 17, "train_loss_epoch": 0.4480440616607666, "train_auc_epoch": 0.8511973472168916, "train_acc_epoch": 0.7966343771889361, "valid_auc_epoch": 0.81155033981502, "valid_acc_epoch": 0.7317510076130765, "_timestamp": 1669987523.2572656, "_runtime": 1681.7365624904633, "_step": 17, "best_epoch": 7, "best_train_loss": 0.45700040459632874, "best_train_auc": 0.843965790608023, "best_train_acc": 0.7903678266960518, "best_valid_auc": 0.815381084005098, "best_valid_acc": 0.7326466636811464, "_wandb": {"runtime": 1682}}