{"epoch": 22, "train_loss_epoch": 0.46631062030792236, "train_auc_epoch": 0.8377727707805821, "train_acc_epoch": 0.7850967354847593, "valid_auc_epoch": 0.8148272994898762, "valid_acc_epoch": 0.7371249440214958, "_timestamp": 1670060060.6813562, "_runtime": 796.3422222137451, "_step": 22, "best_epoch": 12, "best_train_loss": 0.46666446328163147, "best_train_auc": 0.8373789347907089, "best_train_acc": 0.785077063805093, "best_valid_auc": 0.8181604402025086, "best_valid_acc": 0.7389162561576355, "_wandb": {"runtime": 796}}