{"epoch": 100, "train_loss_epoch": 0.4690890312194824, "train_auc_epoch": 0.8395014075463361, "train_acc_epoch": 0.7877421114849504, "valid_auc_epoch": 0.7934801103074547, "valid_acc_epoch": 0.7250335871025526, "_timestamp": 1669913733.8713214, "_runtime": 1070.21191740036, "_step": 100, "best_epoch": 100, "best_train_loss": 0.4690890312194824, "best_train_auc": 0.8395014075463361, "best_train_acc": 0.7877421114849504, "best_valid_auc": 0.7934801103074547, "best_valid_acc": 0.7250335871025526, "_wandb": {"runtime": 1069}}