{"epoch": 16, "train_loss_epoch": 0.5597624778747559, "train_auc_epoch": 0.8217333355268929, "train_acc_epoch": 0.6339307112614172, "valid_auc_epoch": 0.7671291971248151, "valid_acc_epoch": 0.4890282131661442, "_timestamp": 1670548049.7972577, "_runtime": 219.17888975143433, "_step": 16, "best_epoch": 6, "best_train_loss": 0.5733287334442139, "best_train_auc": 0.8086116576489226, "best_train_acc": 0.6339307112614172, "best_valid_auc": 0.774214428574639, "best_valid_acc": 0.4890282131661442, "_wandb": {"runtime": 218}}