{"epoch": 19, "train_loss_epoch": 0.5807833671569824, "train_auc_epoch": 0.7740640071728806, "train_acc_epoch": 0.646922448104421, "valid_auc_epoch": 0.7586033233491603, "valid_acc_epoch": 0.4890282131661442, "_timestamp": 1670530619.1538284, "_runtime": 371.9675793647766, "_step": 19, "best_epoch": 9, "best_train_loss": 0.5797967314720154, "best_train_auc": 0.7782255326179133, "best_train_acc": 0.646922448104421, "best_valid_auc": 0.7644401318809733, "best_valid_acc": 0.4890282131661442, "_wandb": {"runtime": 371}}