{"epoch": 26, "train_loss_epoch": 0.5629872679710388, "train_auc_epoch": 0.8092329963220211, "train_acc_epoch": 0.6480011966642982, "valid_auc_epoch": 0.7701806300623129, "valid_acc_epoch": 0.4890282131661442, "_timestamp": 1670390862.9483073, "_runtime": 338.6482243537903, "_step": 26, "best_epoch": 16, "best_train_loss": 0.5685622692108154, "best_train_auc": 0.8043084718919512, "best_train_acc": 0.6480011966642982, "best_valid_auc": 0.7718801064550408, "best_valid_acc": 0.4890282131661442, "_wandb": {"runtime": 338}}