{"epoch": 23, "train_loss_epoch": 0.4667639136314392, "train_auc_epoch": 0.8371269598563624, "train_acc_epoch": 0.7867098132174015, "valid_auc_epoch": 0.8163237215603562, "valid_acc_epoch": 0.742498880429915, "_timestamp": 1669966993.0941997, "_runtime": 727.7974057197571, "_step": 23, "best_epoch": 13, "best_train_loss": 0.46600642800331116, "best_train_auc": 0.8376417444510357, "best_train_acc": 0.7863163796240742, "best_valid_auc": 0.8182029772739676, "best_valid_acc": 0.7429467084639498, "_wandb": {"runtime": 727}}