{"epoch": 46, "train_loss_epoch": 0.4519585371017456, "train_auc_epoch": 0.849282825629859, "train_acc_epoch": 0.7942907569199317, "valid_auc_epoch": 0.8136916399405445, "valid_acc_epoch": 0.735333631885356, "_timestamp": 1669852630.5625787, "_runtime": 1143.6868796348572, "_step": 46, "best_epoch": 36, "best_train_loss": 0.46095916628837585, "best_train_auc": 0.8420845213548269, "best_train_acc": 0.7896508489194844, "best_valid_auc": 0.8186299531610661, "best_valid_acc": 0.7402597402597403, "_wandb": {"runtime": 1143}}