{"epoch": 26, "train_loss_epoch": 0.47721096873283386, "train_auc_epoch": 0.8284973057299154, "train_acc_epoch": 0.7805327880589492, "valid_auc_epoch": 0.8063816843396161, "valid_acc_epoch": 0.7304075235109718, "_timestamp": 1669803095.8874981, "_runtime": 1418.9031882286072, "_step": 26, "best_epoch": 16, "best_train_loss": 0.47741883993148804, "best_train_auc": 0.828183027657931, "best_train_acc": 0.78025213212594, "best_valid_auc": 0.8094804698660965, "best_valid_acc": 0.7308553515450067, "_wandb": {"runtime": 1419}}