{"epoch": 13, "train_loss_epoch": 0.5585821270942688, "train_auc_epoch": 0.8148264012399467, "train_acc_epoch": 0.6440296105568072, "valid_auc_epoch": 0.7586839832676817, "valid_acc_epoch": 0.4890282131661442, "_timestamp": 1670552664.1451879, "_runtime": 95.77423095703125, "_step": 13, "best_epoch": 3, "best_train_loss": 0.5732986927032471, "best_train_auc": 0.8025002648895867, "best_train_acc": 0.6440296105568072, "best_valid_auc": 0.7712328206412342, "best_valid_acc": 0.4890282131661442, "_wandb": {"runtime": 95}}