{"epoch": 17, "train_loss_epoch": 0.437247633934021, "train_auc_epoch": 0.8612812810897681, "train_acc_epoch": 0.7999593074874223, "valid_auc_epoch": 0.8011375857563412, "valid_acc_epoch": 0.7214509628302732, "_timestamp": 1669753827.9120502, "_runtime": 175.06367015838623, "_step": 17, "best_epoch": 7, "best_train_loss": 0.45914027094841003, "best_train_auc": 0.8443383343471078, "best_train_acc": 0.7894717372003551, "best_valid_auc": 0.8062167528644304, "best_valid_acc": 0.729511867442902, "_wandb": {"runtime": 174}}