{"epoch": 34, "train_loss_epoch": 0.5659116506576538, "train_auc_epoch": 0.7983845633829232, "train_acc_epoch": 0.6480011966642982, "valid_auc_epoch": 0.7820215863598861, "valid_acc_epoch": 0.4890282131661442, "_timestamp": 1670540959.4925199, "_runtime": 408.34167194366455, "_step": 34, "best_epoch": 24, "best_train_loss": 0.5664247870445251, "best_train_auc": 0.7982752183945631, "best_train_acc": 0.6480011966642982, "best_valid_auc": 0.7832712131572781, "best_valid_acc": 0.4890282131661442, "_wandb": {"runtime": 407}}