{"epoch": 37, "train_loss_epoch": 0.41850563883781433, "train_auc_epoch": 0.8754413453662, "train_acc_epoch": 0.8080027351429234, "valid_auc_epoch": 0.8003671029525542, "valid_acc_epoch": 0.7272727272727273, "_timestamp": 1669899728.048621, "_runtime": 898.7775828838348, "_step": 37, "best_epoch": 27, "best_train_loss": 0.4639955163002014, "best_train_auc": 0.8416604302078023, "best_train_acc": 0.7864390637019671, "best_valid_auc": 0.8137309666669877, "best_valid_acc": 0.7366771159874608, "_wandb": {"runtime": 898}}