{"epoch": 18, "train_loss_epoch": 0.5627374053001404, "train_auc_epoch": 0.8052198152296705, "train_acc_epoch": 0.6512333549631227, "valid_auc_epoch": 0.7746723040325144, "valid_acc_epoch": 0.4890282131661442, "_timestamp": 1670460638.3549519, "_runtime": 371.0453999042511, "_step": 18, "best_epoch": 8, "best_train_loss": 0.5665665864944458, "best_train_auc": 0.8029220214838347, "best_train_acc": 0.6512333549631227, "best_valid_auc": 0.7783140391597885, "best_valid_acc": 0.4890282131661442, "_wandb": {"runtime": 370}}