{"epoch": 18, "train_loss_epoch": 0.563920795917511, "train_auc_epoch": 0.8048939632579243, "train_acc_epoch": 0.6501230889936267, "valid_auc_epoch": 0.7778381055111991, "valid_acc_epoch": 0.4890282131661442, "_timestamp": 1670462744.7594862, "_runtime": 871.7182672023773, "_step": 18, "best_epoch": 8, "best_train_loss": 0.5650137662887573, "best_train_auc": 0.8029685334278984, "best_train_acc": 0.6501230889936267, "best_valid_auc": 0.7814830509834891, "best_valid_acc": 0.4890282131661442, "_wandb": {"runtime": 871}}