{"epoch": 30, "train_loss_epoch": 0.45181211829185486, "train_auc_epoch": 0.8490626516521564, "train_acc_epoch": 0.7922742736667252, "valid_auc_epoch": 0.8028342530971804, "valid_acc_epoch": 0.7308553515450067, "_timestamp": 1669746634.454391, "_runtime": 990.3612790107727, "_step": 30, "best_epoch": 20, "best_train_loss": 0.46177053451538086, "best_train_auc": 0.8413037923992843, "best_train_acc": 0.7876862751361625, "best_valid_auc": 0.803406497096243, "best_valid_acc": 0.7308553515450067, "_wandb": {"runtime": 989}}