{"epoch": 17, "train_loss_epoch": 0.43349984288215637, "train_auc_epoch": 0.8672748574776036, "train_acc_epoch": 0.8033515327708053, "valid_auc_epoch": 0.7831672782373922, "valid_acc_epoch": 0.7169726824899239, "_timestamp": 1670047959.7369049, "_runtime": 100.1185028553009, "_step": 17, "best_epoch": 7, "best_train_loss": 0.4651614725589752, "best_train_auc": 0.8435396141925868, "best_train_acc": 0.7871374884776289, "best_valid_auc": 0.7906935308337587, "best_valid_acc": 0.7174205105239588, "_wandb": {"runtime": 99}}