{"epoch": 37, "train_loss_epoch": 0.4780869781970978, "train_auc_epoch": 0.8280614611873426, "train_acc_epoch": 0.7813635577089462, "valid_auc_epoch": 0.8021889737490087, "valid_acc_epoch": 0.7254814151365876, "_timestamp": 1669756179.6463675, "_runtime": 413.9267394542694, "_step": 37, "best_epoch": 27, "best_train_loss": 0.4782511591911316, "best_train_auc": 0.8280441169470227, "best_train_acc": 0.7809742169925593, "best_valid_auc": 0.8060654653555618, "best_valid_acc": 0.7308553515450067, "_wandb": {"runtime": 413}}