{"epoch": 38, "train_loss_epoch": 0.4713294208049774, "train_auc_epoch": 0.8344729240560251, "train_acc_epoch": 0.7813095644701035, "valid_auc_epoch": 0.8112076354845855, "valid_acc_epoch": 0.7299596954769368, "_timestamp": 1669985847.0718133, "_runtime": 358.84301233291626, "_step": 38, "best_epoch": 28, "best_train_loss": 0.47148069739341736, "best_train_auc": 0.8347310389067575, "best_train_acc": 0.7827088130625915, "best_valid_auc": 0.8130808718012924, "best_valid_acc": 0.7335423197492164, "_wandb": {"runtime": 358}}