{"epoch": 32, "train_loss_epoch": 0.4153178036212921, "train_auc_epoch": 0.8775961043742038, "train_acc_epoch": 0.8121847556135904, "valid_auc_epoch": 0.7978100631474865, "valid_acc_epoch": 0.7281683833407971, "_timestamp": 1669759309.0624008, "_runtime": 433.5128948688507, "_step": 32, "best_epoch": 22, "best_train_loss": 0.4308483600616455, "best_train_auc": 0.8666551405528672, "best_train_acc": 0.8046444939447475, "best_valid_auc": 0.7991074438269881, "best_valid_acc": 0.7227944469323779, "_wandb": {"runtime": 433}}