{"epoch": 89, "train_loss_epoch": 0.44515568017959595, "train_auc_epoch": 0.8550235196394227, "train_acc_epoch": 0.798493896049791, "valid_auc_epoch": 0.7956775914707555, "valid_acc_epoch": 0.716077026421854, "_timestamp": 1669872714.9558518, "_runtime": 1311.428104877472, "_step": 89, "best_epoch": 79, "best_train_loss": 0.4478333294391632, "best_train_auc": 0.8530221397696727, "best_train_acc": 0.797433437275126, "best_valid_auc": 0.7964801777247001, "best_valid_acc": 0.7174205105239588, "_wandb": {"runtime": 1311}}