{"epoch": 17, "train_loss_epoch": 0.582483172416687, "train_auc_epoch": 0.7604054183594453, "train_acc_epoch": 0.641778184184149, "valid_auc_epoch": 0.7444200190694494, "valid_acc_epoch": 0.4890282131661442, "_timestamp": 1670389514.7418354, "_runtime": 102.01590132713318, "_step": 17, "best_epoch": 7, "best_train_loss": 0.5808214545249939, "best_train_auc": 0.7657819038650224, "best_train_acc": 0.641778184184149, "best_valid_auc": 0.757879390548102, "best_valid_acc": 0.4890282131661442, "_wandb": {"runtime": 101}}