{"epoch": 32, "train_loss_epoch": 0.47966837882995605, "train_auc_epoch": 0.8296551740853808, "train_acc_epoch": 0.778149014366856, "valid_auc_epoch": 0.8039859643715911, "valid_acc_epoch": 0.7281683833407971, "_timestamp": 1670088608.8911672, "_runtime": 536.2937932014465, "_step": 32, "best_epoch": 22, "best_train_loss": 0.4794747829437256, "best_train_auc": 0.8298886984125317, "best_train_acc": 0.7787820704450736, "best_valid_auc": 0.8075771365648665, "best_valid_acc": 0.7321988356471115, "_wandb": {"runtime": 535}}