{"epoch": 19, "train_loss_epoch": 0.45735177397727966, "train_auc_epoch": 0.8445528684943597, "train_acc_epoch": 0.7911690751527857, "valid_auc_epoch": 0.8008326029798423, "valid_acc_epoch": 0.7232422749664129, "_timestamp": 1670065917.2886233, "_runtime": 313.5876262187958, "_step": 19, "best_epoch": 9, "best_train_loss": 0.4630342125892639, "best_train_auc": 0.8402288720476623, "best_train_acc": 0.7885057076252499, "best_valid_auc": 0.8040622100657158, "best_valid_acc": 0.7205553067622034, "_wandb": {"runtime": 313}}