{"epoch": 21, "train_loss_epoch": 0.5688050389289856, "train_auc_epoch": 0.8007814277751587, "train_acc_epoch": 0.6512333549631227, "valid_auc_epoch": 0.7677130786245597, "valid_acc_epoch": 0.4890282131661442, "_timestamp": 1670461837.8916314, "_runtime": 1163.8493902683258, "_step": 21, "best_epoch": 11, "best_train_loss": 0.5702991485595703, "best_train_auc": 0.7988866033449152, "best_train_acc": 0.6512333549631227, "best_valid_auc": 0.7702869727409605, "best_valid_acc": 0.4890282131661442, "_wandb": {"runtime": 1164}}