{"epoch": 12, "train_loss_epoch": 0.652327835559845, "train_auc_epoch": 0.5049352632369936, "train_acc_epoch": 0.6427402639904003, "valid_auc_epoch": 0.5, "valid_acc_epoch": 0.4890282131661442, "_timestamp": 1669727796.6962762, "_runtime": 451.81711411476135, "_step": 12, "best_epoch": 2, "best_train_loss": 1.6991353034973145, "best_train_auc": 0.4976087778486031, "best_train_acc": 0.5312097741900295, "best_valid_auc": 0.5, "best_valid_acc": 0.5109717868338558, "_wandb": {"runtime": 451}}