{"epoch": 100, "train_loss_epoch": 0.4696536362171173, "train_auc_epoch": 0.8370042769375866, "train_acc_epoch": 0.7874023555854258, "valid_auc_epoch": 0.8023599246210991, "valid_acc_epoch": 0.7245857590685177, "_timestamp": 1669867281.5515542, "_runtime": 3145.1075451374054, "_step": 100, "best_epoch": 90, "best_train_loss": 0.47192618250846863, "best_train_auc": 0.8350901295780859, "best_train_acc": 0.7849233718585767, "best_valid_auc": 0.8032780832956118, "best_valid_acc": 0.728616211374832, "_wandb": {"runtime": 3144}}