{"epoch": 15, "train_loss_epoch": 0.6074944138526917, "train_auc_epoch": 0.7308546668040226, "train_acc_epoch": 0.6390784982935154, "valid_auc_epoch": 0.7079754150958929, "valid_acc_epoch": 0.6298507462686567, "_timestamp": 1668602408.565032, "_runtime": 44.73296904563904, "_step": 15, "_wandb": {"runtime": 44}}