{"epoch": 32, "train_loss_epoch": 0.45071980357170105, "train_auc_epoch": 0.8494339328436142, "train_acc_epoch": 0.7928921080908983, "valid_auc_epoch": 0.8048455342495657, "valid_acc_epoch": 0.7335423197492164, "_timestamp": 1669765852.3246582, "_runtime": 1034.1376161575317, "_step": 32, "best_epoch": 22, "best_train_loss": 0.4548608362674713, "best_train_auc": 0.8462759094903015, "best_train_acc": 0.7909960259027, "best_valid_auc": 0.8064996645189458, "best_valid_acc": 0.7335423197492164, "_wandb": {"runtime": 1033}}