{"epoch": 16, "train_loss_epoch": 0.5054569840431213, "train_auc_epoch": 0.8076969376076668, "train_acc_epoch": 0.7675728630908646, "valid_auc_epoch": 0.8050354045659991, "valid_acc_epoch": 0.7338308457711443, "_timestamp": 1669720779.702299, "_runtime": 137.37767910957336, "_step": 16, "best_epoch": 11, "best_train_loss": 0.5070034265518188, "best_train_auc": 0.8069807932275821, "best_train_acc": 0.7642052412441832, "best_valid_auc": 0.8090244550903212, "best_valid_acc": 0.7233830845771144, "_wandb": {"runtime": 136}}