{"epoch": 19, "train_loss_epoch": 0.5540270209312439, "train_auc_epoch": 0.8233651811613205, "train_acc_epoch": 0.6371368339431535, "valid_auc_epoch": 0.7687953661880043, "valid_acc_epoch": 0.4890282131661442, "_timestamp": 1670555577.7593174, "_runtime": 165.04257249832153, "_step": 19, "best_epoch": 9, "best_train_loss": 0.5638938546180725, "best_train_auc": 0.8111498411502754, "best_train_acc": 0.6371368339431535, "best_valid_auc": 0.7760611795449657, "best_valid_acc": 0.4890282131661442, "_wandb": {"runtime": 164}}