{"epoch": 15, "train_loss_epoch": 0.44353917241096497, "train_auc_epoch": 0.8539409390116752, "train_acc_epoch": 0.7953769668392189, "valid_auc_epoch": 0.8128192286825064, "valid_acc_epoch": 0.7321988356471115, "_timestamp": 1670021156.9271276, "_runtime": 1413.1713817119598, "_step": 15, "best_epoch": 5, "best_train_loss": 0.4561447501182556, "best_train_auc": 0.8442860099725633, "best_train_acc": 0.7898211265440008, "best_valid_auc": 0.8161571849126625, "best_valid_acc": 0.7366771159874608, "_wandb": {"runtime": 1413}}