{"epoch": 20, "train_loss_epoch": 0.4674000144004822, "train_auc_epoch": 0.836808237956619, "train_acc_epoch": 0.7861719607252301, "valid_auc_epoch": 0.817601840169763, "valid_acc_epoch": 0.7380206000895656, "_timestamp": 1670120758.010189, "_runtime": 1931.9335391521454, "_step": 20, "best_epoch": 10, "best_train_loss": 0.46812811493873596, "best_train_auc": 0.8363652718875698, "best_train_acc": 0.785279352318792, "best_valid_auc": 0.8182567505529819, "best_valid_acc": 0.7375727720555306, "_wandb": {"runtime": 1932}}