{"epoch": 22, "train_loss_epoch": 0.4837336242198944, "train_auc_epoch": 0.8236901779389861, "train_acc_epoch": 0.7778149581977678, "valid_auc_epoch": 0.7996720632566382, "valid_acc_epoch": 0.7326466636811464, "_timestamp": 1669739885.914735, "_runtime": 474.3010160923004, "_step": 22, "best_epoch": 12, "best_train_loss": 0.48875197768211365, "best_train_auc": 0.8188558998961756, "best_train_acc": 0.7764764630781269, "best_valid_auc": 0.7998791305101558, "best_valid_acc": 0.7241379310344828, "_wandb": {"runtime": 473}}