{"epoch": 18, "train_loss_epoch": 0.59026038646698, "train_auc_epoch": 0.7527719305282945, "train_acc_epoch": 0.674061433447099, "valid_auc_epoch": 0.7425656650410954, "valid_acc_epoch": 0.6656716417910448, "_timestamp": 1668395602.989851, "_runtime": 39.11411190032959, "_step": 18, "_wandb": {"runtime": 37}}