{"epoch": 31, "train_loss_epoch": 0.4820505976676941, "train_auc_epoch": 0.8272358443960539, "train_acc_epoch": 0.779322863231, "valid_auc_epoch": 0.7999433374104715, "valid_acc_epoch": 0.7259292431706225, "_timestamp": 1670120083.9008102, "_runtime": 445.90943121910095, "_step": 31, "best_epoch": 21, "best_train_loss": 0.48255228996276855, "best_train_auc": 0.8266401632341334, "best_train_acc": 0.777933864730487, "best_valid_auc": 0.8025589660120773, "best_valid_acc": 0.7268248992386923, "_wandb": {"runtime": 445}}