{"epoch": 26, "train_loss_epoch": 0.42649784684181213, "train_auc_epoch": 0.8702129705272404, "train_acc_epoch": 0.8063060522308083, "valid_auc_epoch": 0.8017250788942288, "valid_acc_epoch": 0.7236901030004478, "_timestamp": 1669955926.9372344, "_runtime": 229.91613841056824, "_step": 26, "best_epoch": 16, "best_train_loss": 0.44284501671791077, "best_train_auc": 0.8584648989004371, "best_train_acc": 0.7981085603624946, "best_valid_auc": 0.8052243549614276, "best_valid_acc": 0.7339901477832512, "_wandb": {"runtime": 229}}