{"epoch": 13, "train_loss_epoch": 0.49787619709968567, "train_auc_epoch": 0.8105116071431796, "train_acc_epoch": 0.7700310991591288, "valid_auc_epoch": 0.7975187243373045, "valid_acc_epoch": 0.7142857142857143, "_timestamp": 1669732795.1651127, "_runtime": 483.8073937892914, "_step": 13, "best_epoch": 3, "best_train_loss": 0.4941937327384949, "best_train_auc": 0.8132228529370549, "best_train_acc": 0.7718021024623484, "best_valid_auc": 0.7992892296135066, "best_valid_acc": 0.7044334975369458, "_wandb": {"runtime": 483}}