{"epoch": 33, "train_loss_epoch": 0.5716315507888794, "train_auc_epoch": 0.7970245292154683, "train_acc_epoch": 0.6512333549631227, "valid_auc_epoch": 0.774750154899147, "valid_acc_epoch": 0.4890282131661442, "_timestamp": 1670512432.5598605, "_runtime": 2201.715263366699, "_step": 33, "best_epoch": 23, "best_train_loss": 0.5718774199485779, "best_train_auc": 0.7955745235844744, "best_train_acc": 0.6512333549631227, "best_valid_auc": 0.7750816230220262, "best_valid_acc": 0.4890282131661442, "_wandb": {"runtime": 2201}}