{"epoch": 41, "train_loss_epoch": 0.5642448663711548, "train_auc_epoch": 0.8044159878313173, "train_acc_epoch": 0.6493675030746379, "valid_auc_epoch": 0.7820023242897913, "valid_acc_epoch": 0.4890282131661442, "_timestamp": 1670436382.1273084, "_runtime": 2731.951358318329, "_step": 41, "best_epoch": 31, "best_train_loss": 0.5643247365951538, "best_train_auc": 0.8042072642722788, "best_train_acc": 0.6493675030746379, "best_valid_auc": 0.7841323882077608, "best_valid_acc": 0.4890282131661442, "_wandb": {"runtime": 2732}}