{"epoch": 17, "train_loss_epoch": 0.5677404403686523, "train_auc_epoch": 0.7881914806983584, "train_acc_epoch": 0.64813266580767, "valid_auc_epoch": 0.7724603763166427, "valid_acc_epoch": 0.4890282131661442, "_timestamp": 1670405755.5473604, "_runtime": 491.9907364845276, "_step": 17, "best_epoch": 7, "best_train_loss": 0.5675909519195557, "best_train_auc": 0.7921116390549566, "best_train_acc": 0.64813266580767, "best_valid_auc": 0.7747316954153063, "best_valid_acc": 0.4890282131661442, "_wandb": {"runtime": 491}}