{"epoch": 15, "train_loss_epoch": 0.4334008991718292, "train_auc_epoch": 0.8648687219829709, "train_acc_epoch": 0.8047125559070579, "valid_auc_epoch": 0.7946839896883718, "valid_acc_epoch": 0.7344379758172862, "_timestamp": 1670114550.961347, "_runtime": 221.7509400844574, "_step": 15, "best_epoch": 5, "best_train_loss": 0.4701990485191345, "best_train_auc": 0.837287383591673, "best_train_acc": 0.7846841933020617, "best_valid_auc": 0.8024161056588752, "best_valid_acc": 0.735333631885356, "_wandb": {"runtime": 221}}