{"epoch": 59, "train_loss_epoch": 0.4605032205581665, "train_auc_epoch": 0.8435109483836276, "train_acc_epoch": 0.7898163046011973, "valid_auc_epoch": 0.8102918845688346, "valid_acc_epoch": 0.7330944917151814, "_timestamp": 1669825576.2007213, "_runtime": 5289.0199472904205, "_step": 59, "best_epoch": 49, "best_train_loss": 0.46015864610671997, "best_train_auc": 0.8429032767683031, "best_train_acc": 0.7885001336069908, "best_valid_auc": 0.8123031657212201, "best_valid_acc": 0.7384684281236006, "_wandb": {"runtime": 5289}}