{"epoch": 67, "train_loss_epoch": 0.44714677333831787, "train_auc_epoch": 0.8518760288187484, "train_acc_epoch": 0.7949644377988391, "valid_auc_epoch": 0.8175645199089546, "valid_acc_epoch": 0.729064039408867, "_timestamp": 1670055496.93725, "_runtime": 3797.970867872238, "_step": 67, "best_epoch": 57, "best_train_loss": 0.44710850715637207, "best_train_auc": 0.8519273042995125, "best_train_acc": 0.7953339890499121, "best_valid_auc": 0.8211019188232159, "best_valid_acc": 0.7357814599193909, "_wandb": {"runtime": 3798}}