{"epoch": 68, "train_loss_epoch": 0.5708149671554565, "train_auc_epoch": 0.803169864064815, "train_acc_epoch": 0.6441482960800881, "valid_auc_epoch": 0.7647804284526458, "valid_acc_epoch": 0.4890282131661442, "_timestamp": 1670451953.074747, "_runtime": 512.1170971393585, "_step": 68, "best_epoch": 58, "best_train_loss": 0.5722276568412781, "best_train_auc": 0.8018752668323146, "best_train_acc": 0.6441482960800881, "best_valid_auc": 0.7659068582600572, "best_valid_acc": 0.4890282131661442, "_wandb": {"runtime": 511}}