{"epoch": 21, "train_loss_epoch": 0.471891850233078, "train_auc_epoch": 0.8329507351627983, "train_acc_epoch": 0.7824753629669856, "valid_auc_epoch": 0.8078881387382701, "valid_acc_epoch": 0.7304075235109718, "_timestamp": 1669749495.4471934, "_runtime": 467.63453245162964, "_step": 21, "best_epoch": 11, "best_train_loss": 0.4725482761859894, "best_train_auc": 0.8323543016812776, "best_train_acc": 0.7820600872079094, "best_valid_auc": 0.8093817517568613, "best_valid_acc": 0.7371249440214958, "_wandb": {"runtime": 467}}