{"epoch": 40, "train_loss_epoch": 0.4268832504749298, "train_auc_epoch": 0.8652091489290124, "train_acc_epoch": 0.8020829043284873, "valid_auc_epoch": 0.8099114586844648, "valid_acc_epoch": 0.7335423197492164, "_timestamp": 1670059226.3922513, "_runtime": 1742.3590033054352, "_step": 40, "best_epoch": 30, "best_train_loss": 0.45421794056892395, "best_train_auc": 0.8459918561972917, "best_train_acc": 0.7910969482311272, "best_valid_auc": 0.8220666275004573, "best_valid_acc": 0.7366771159874608, "_wandb": {"runtime": 1742}}