{"epoch": 18, "train_loss_epoch": 0.41593286395072937, "train_auc_epoch": 0.8804573604131276, "train_acc_epoch": 0.8132701174876912, "valid_auc_epoch": 0.7761924023974857, "valid_acc_epoch": 0.7084639498432602, "_timestamp": 1670066468.8538485, "_runtime": 103.36047840118408, "_step": 18, "best_epoch": 8, "best_train_loss": 0.45233699679374695, "best_train_auc": 0.8551164092422443, "best_train_acc": 0.7959465444030531, "best_valid_auc": 0.78925128333542, "best_valid_acc": 0.7111509180474698, "_wandb": {"runtime": 102}}