{"epoch": 64, "train_loss_epoch": 0.5768163800239563, "train_auc_epoch": 0.7966026123744305, "train_acc_epoch": 0.6333944633656449, "valid_auc_epoch": 0.7443441746684516, "valid_acc_epoch": 0.4890282131661442, "_timestamp": 1670536869.5808704, "_runtime": 631.106466293335, "_step": 64, "best_epoch": 54, "best_train_loss": 0.5805553197860718, "best_train_auc": 0.7910022417531655, "best_train_acc": 0.6333944633656449, "best_valid_auc": 0.746967026546343, "best_valid_acc": 0.4890282131661442, "_wandb": {"runtime": 630}}