{"epoch": 12, "train_loss_epoch": 0.5579632520675659, "train_auc_epoch": 0.7486994186124074, "train_acc_epoch": 0.7329413045845584, "valid_auc_epoch": 0.7437438324558949, "valid_acc_epoch": 0.6497512437810945, "_timestamp": 1669712653.0975592, "_runtime": 131.76728129386902, "_step": 11, "_wandb": {"runtime": 132}}