{"epoch": 24, "train_loss_epoch": 0.4607042372226715, "train_auc_epoch": 0.840869451272275, "train_acc_epoch": 0.7894950792829568, "valid_auc_epoch": 0.8199453920312816, "valid_acc_epoch": 0.7362292879534259, "_timestamp": 1670065760.8998604, "_runtime": 2587.150887489319, "_step": 24, "best_epoch": 14, "best_train_loss": 0.463080495595932, "best_train_auc": 0.8392825878245234, "best_train_acc": 0.7882044926061322, "best_valid_auc": 0.8207431627677026, "best_valid_acc": 0.74205105239588, "_wandb": {"runtime": 2588}}