{"epoch": 45, "train_loss_epoch": 0.42470818758010864, "train_auc_epoch": 0.8715498830391992, "train_acc_epoch": 0.8057512206835828, "valid_auc_epoch": 0.801995550461808, "valid_acc_epoch": 0.7196596506941334, "_timestamp": 1669854739.8504663, "_runtime": 478.5757563114166, "_step": 45, "best_epoch": 35, "best_train_loss": 0.4355754852294922, "best_train_auc": 0.8640540160872839, "best_train_acc": 0.8009285199711839, "best_valid_auc": 0.8036183798672843, "best_valid_acc": 0.7259292431706225, "_wandb": {"runtime": 478}}