{"epoch": 27, "train_loss_epoch": 0.42674705386161804, "train_auc_epoch": 0.865900060662425, "train_acc_epoch": 0.8061777117181761, "valid_auc_epoch": 0.8145692680092329, "valid_acc_epoch": 0.7357814599193909, "_timestamp": 1669777265.3521771, "_runtime": 714.936751127243, "_step": 27, "best_epoch": 17, "best_train_loss": 0.44403430819511414, "best_train_auc": 0.8535858618712721, "best_train_acc": 0.7968872260092598, "best_valid_auc": 0.8154324495253504, "best_valid_acc": 0.7263770712046574, "_wandb": {"runtime": 714}}