{"epoch": 28, "train_loss_epoch": 0.47683122754096985, "train_auc_epoch": 0.8279986284886698, "train_acc_epoch": 0.7808518271744145, "valid_auc_epoch": 0.806571094695547, "valid_acc_epoch": 0.7268248992386923, "_timestamp": 1669939848.6523054, "_runtime": 3082.3613963127136, "_step": 28, "best_epoch": 18, "best_train_loss": 0.47681352496147156, "best_train_auc": 0.8280752794164952, "best_train_acc": 0.7801787026122017, "best_valid_auc": 0.8089138439708116, "best_valid_acc": 0.7263770712046574, "_wandb": {"runtime": 3082}}