{"epoch": 35, "train_loss_epoch": 0.4339047372341156, "train_auc_epoch": 0.862289521886573, "train_acc_epoch": 0.801842879390898, "valid_auc_epoch": 0.8157173676455007, "valid_acc_epoch": 0.735333631885356, "_timestamp": 1670100104.3524983, "_runtime": 554.491354227066, "_step": 35, "best_epoch": 25, "best_train_loss": 0.4436017572879791, "best_train_auc": 0.8551827331073769, "best_train_acc": 0.796755494030109, "best_valid_auc": 0.8167358496017567, "best_valid_acc": 0.7438423645320197, "_wandb": {"runtime": 554}}