{"epoch": 28, "train_loss_epoch": 0.45458516478538513, "train_auc_epoch": 0.8461487423624123, "train_acc_epoch": 0.791504062440023, "valid_auc_epoch": 0.809022995701348, "valid_acc_epoch": 0.7371249440214958, "_timestamp": 1669797933.4202375, "_runtime": 557.9496185779572, "_step": 28, "best_epoch": 18, "best_train_loss": 0.45577526092529297, "best_train_auc": 0.8455580000494527, "best_train_acc": 0.7919793085169581, "best_valid_auc": 0.8099002224769096, "best_valid_acc": 0.7250335871025526, "_wandb": {"runtime": 557}}