{"epoch": 38, "train_loss_epoch": 0.4537225365638733, "train_auc_epoch": 0.8495845032163208, "train_acc_epoch": 0.7922634528737317, "valid_auc_epoch": 0.8033976686474495, "valid_acc_epoch": 0.7205553067622034, "_timestamp": 1669745607.8400688, "_runtime": 1750.9713027477264, "_step": 38, "best_epoch": 28, "best_train_loss": 0.46413785219192505, "best_train_auc": 0.8415070855334404, "best_train_acc": 0.7863047486476916, "best_valid_auc": 0.8070855524843255, "best_valid_acc": 0.716077026421854, "_wandb": {"runtime": 1750}}