{"epoch": 24, "train_loss_epoch": 0.4488561451435089, "train_auc_epoch": 0.8512906532687912, "train_acc_epoch": 0.7942012272970636, "valid_auc_epoch": 0.8104997544086063, "valid_acc_epoch": 0.7366771159874608, "_timestamp": 1669866534.0215926, "_runtime": 416.2068626880646, "_step": 24, "best_epoch": 14, "best_train_loss": 0.4548405110836029, "best_train_auc": 0.846985488365237, "best_train_acc": 0.7915242370577819, "best_valid_auc": 0.8122935346861727, "best_valid_acc": 0.7268248992386923, "_wandb": {"runtime": 415}}