{"epoch": 11, "train_loss_epoch": 0.6555617451667786, "train_auc_epoch": 0.5005949503000895, "train_acc_epoch": 0.6460592594462891, "valid_auc_epoch": 0.5, "valid_acc_epoch": 0.4890282131661442, "_timestamp": 1669730656.7795928, "_runtime": 210.4595696926117, "_step": 11, "best_epoch": 1, "best_train_loss": 0.6971973776817322, "best_train_auc": 0.5008043808339344, "best_train_acc": 0.6440708992437919, "best_valid_auc": 0.5, "best_valid_acc": 0.4890282131661442, "_wandb": {"runtime": 210}}