{"epoch": 30, "train_loss_epoch": 0.46577954292297363, "train_auc_epoch": 0.8399568969553174, "train_acc_epoch": 0.7868907515987742, "valid_auc_epoch": 0.8056136092945909, "valid_acc_epoch": 0.7277205553067622, "_timestamp": 1669748994.272356, "_runtime": 289.7767610549927, "_step": 30, "best_epoch": 20, "best_train_loss": 0.46705731749534607, "best_train_auc": 0.8386966036973855, "best_train_acc": 0.7853654440883838, "best_valid_auc": 0.8088022844815133, "best_valid_acc": 0.7299596954769368, "_wandb": {"runtime": 289}}