{"epoch": 98, "train_loss_epoch": 0.46010738611221313, "train_auc_epoch": 0.8421395568075835, "train_acc_epoch": 0.7903131566808467, "valid_auc_epoch": 0.8079467275348081, "valid_acc_epoch": 0.735333631885356, "_timestamp": 1669736270.5665774, "_runtime": 2593.1261484622955, "_step": 98, "best_epoch": 88, "best_train_loss": 0.46096736192703247, "best_train_auc": 0.8414316872367678, "best_train_acc": 0.790401995455555, "best_valid_auc": 0.8092083931260092, "best_valid_acc": 0.735333631885356, "_wandb": {"runtime": 2592}}