{"epoch": 87, "train_loss_epoch": 0.46827518939971924, "train_auc_epoch": 0.8358978565710133, "train_acc_epoch": 0.7851400599241567, "valid_auc_epoch": 0.814755869313275, "valid_acc_epoch": 0.742498880429915, "_timestamp": 1670123734.036241, "_runtime": 12340.017894983292, "_step": 87, "best_epoch": 77, "best_train_loss": 0.469111829996109, "best_train_auc": 0.8352696198679175, "best_train_acc": 0.7843924293162164, "best_valid_auc": 0.8149581210492692, "best_valid_acc": 0.741603224361845, "_wandb": {"runtime": 12341}}