{"epoch": 39, "train_loss_epoch": 0.5624204277992249, "train_auc_epoch": 0.8066813353920403, "train_acc_epoch": 0.648698026184255, "valid_auc_epoch": 0.7836849463711866, "valid_acc_epoch": 0.4890282131661442, "_timestamp": 1670404889.3552558, "_runtime": 1584.248459815979, "_step": 39, "best_epoch": 29, "best_train_loss": 0.5625690221786499, "best_train_auc": 0.8066660155623465, "best_train_acc": 0.648698026184255, "best_valid_auc": 0.7854410050948175, "best_valid_acc": 0.4890282131661442, "_wandb": {"runtime": 1584}}