{"epoch": 37, "train_loss_epoch": 0.4392138421535492, "train_auc_epoch": 0.858514223697626, "train_acc_epoch": 0.7984198443284684, "valid_auc_epoch": 0.8133489356101099, "valid_acc_epoch": 0.7362292879534259, "_timestamp": 1670090829.3303096, "_runtime": 510.9093656539917, "_step": 37, "best_epoch": 27, "best_train_loss": 0.4468499422073364, "best_train_auc": 0.8529755117313669, "best_train_acc": 0.7952485022302808, "best_valid_auc": 0.8136137890739119, "best_valid_acc": 0.7348858038513211, "_wandb": {"runtime": 510}}