{"epoch": 26, "train_loss_epoch": 0.44763806462287903, "train_auc_epoch": 0.8504304458099519, "train_acc_epoch": 0.7946700953537031, "valid_auc_epoch": 0.8150496158822189, "valid_acc_epoch": 0.7263770712046574, "_timestamp": 1669977569.2094696, "_runtime": 1192.3938155174255, "_step": 26, "best_epoch": 16, "best_train_loss": 0.45970216393470764, "best_train_auc": 0.8422785264533497, "best_train_acc": 0.7894272388953665, "best_valid_auc": 0.8221404654358204, "best_valid_acc": 0.7447380206000895, "_wandb": {"runtime": 1192}}