{"epoch": 82, "train_loss_epoch": 0.4753539562225342, "train_auc_epoch": 0.8353046123394251, "train_acc_epoch": 0.7786229636642616, "valid_auc_epoch": 0.7956921042490459, "valid_acc_epoch": 0.735820895522388, "_timestamp": 1669715241.0332885, "_runtime": 435.54088044166565, "_step": 82, "best_epoch": 77, "best_train_loss": 0.47602614760398865, "best_train_auc": 0.8347658836242651, "best_train_acc": 0.7775456237145376, "best_valid_auc": 0.7958424653646655, "best_valid_acc": 0.7353233830845771, "_wandb": {"runtime": 434}}