{"epoch": 26, "train_loss_epoch": 0.4920504689216614, "train_auc_epoch": 0.8148741979211434, "train_acc_epoch": 0.772521637405522, "valid_auc_epoch": 0.7926622749146852, "valid_acc_epoch": 0.7236901030004478, "_timestamp": 1669906604.1190248, "_runtime": 542.0657796859741, "_step": 26, "best_epoch": 16, "best_train_loss": 0.5098451375961304, "best_train_auc": 0.8022624767712214, "best_train_acc": 0.7660738276501823, "best_valid_auc": 0.7956775914707553, "best_valid_acc": 0.7236901030004478, "_wandb": {"runtime": 541}}