{"epoch": 48, "train_loss_epoch": 0.4408954977989197, "train_auc_epoch": 0.8561797628602628, "train_acc_epoch": 0.7959309748362917, "valid_auc_epoch": 0.8148208787998444, "valid_acc_epoch": 0.7389162561576355, "_timestamp": 1669801639.32556, "_runtime": 1849.3778150081635, "_step": 48, "best_epoch": 38, "best_train_loss": 0.4602305293083191, "best_train_auc": 0.8420428982185915, "best_train_acc": 0.7884045138173881, "best_valid_auc": 0.821042527440424, "best_valid_acc": 0.7438423645320197, "_wandb": {"runtime": 1849}}