{"epoch": 25, "train_loss_epoch": 0.41071587800979614, "train_auc_epoch": 0.8802509506647915, "train_acc_epoch": 0.8131130492330237, "valid_auc_epoch": 0.8042580411116782, "valid_acc_epoch": 0.735333631885356, "_timestamp": 1669944798.98972, "_runtime": 830.4001631736755, "_step": 25, "best_epoch": 15, "best_train_loss": 0.44528207182884216, "best_train_auc": 0.8564609631477136, "best_train_acc": 0.7955281382211823, "best_valid_auc": 0.8107148475246635, "best_valid_acc": 0.7326466636811464, "_wandb": {"runtime": 830}}