{"epoch": 20, "train_loss_epoch": 0.5732486248016357, "train_auc_epoch": 0.794264023395016, "train_acc_epoch": 0.6493675030746379, "valid_auc_epoch": 0.7688960907628744, "valid_acc_epoch": 0.4890282131661442, "_timestamp": 1670518562.8237364, "_runtime": 1246.913417339325, "_step": 20, "best_epoch": 10, "best_train_loss": 0.5731822848320007, "best_train_auc": 0.7944421522462939, "best_train_acc": 0.6493675030746379, "best_valid_auc": 0.7698226765930535, "best_valid_acc": 0.4890282131661442, "_wandb": {"runtime": 1247}}