{"epoch": 26, "train_loss_epoch": 0.5578271150588989, "train_auc_epoch": 0.8155883832071156, "train_acc_epoch": 0.64813266580767, "valid_auc_epoch": 0.7728131129752513, "valid_acc_epoch": 0.4890282131661442, "_timestamp": 1670441250.932155, "_runtime": 386.5023818016052, "_step": 26, "best_epoch": 16, "best_train_loss": 0.5622632503509521, "best_train_auc": 0.8112763909157426, "best_train_acc": 0.64813266580767, "best_valid_auc": 0.778218130102442, "best_valid_acc": 0.4890282131661442, "_wandb": {"runtime": 386}}