{"epoch": 95, "train_loss_epoch": 0.450628399848938, "train_auc_epoch": 0.849109134843861, "train_acc_epoch": 0.7931262966449455, "valid_auc_epoch": 0.8123986734854394, "valid_acc_epoch": 0.7348858038513211, "_timestamp": 1669761846.0416095, "_runtime": 1874.7080895900726, "_step": 95, "best_epoch": 85, "best_train_loss": 0.45200061798095703, "best_train_auc": 0.8479463898733377, "best_train_acc": 0.7922626282935924, "best_valid_auc": 0.8129982054171362, "best_valid_acc": 0.7362292879534259, "_wandb": {"runtime": 1874}}