{"epoch": 33, "train_loss_epoch": 0.45925000309944153, "train_auc_epoch": 0.8424636630361315, "train_acc_epoch": 0.7902611111618852, "valid_auc_epoch": 0.8180151720905445, "valid_acc_epoch": 0.7433945364979848, "_timestamp": 1670048878.1151965, "_runtime": 882.4513833522797, "_step": 33, "best_epoch": 23, "best_train_loss": 0.46026793122291565, "best_train_auc": 0.8415977598521198, "best_train_acc": 0.7897904347587669, "best_valid_auc": 0.819926932547441, "best_valid_acc": 0.7442901925660547, "_wandb": {"runtime": 882}}