{"epoch": 17, "train_loss_epoch": 0.45759785175323486, "train_auc_epoch": 0.8439043830832808, "train_acc_epoch": 0.7896058633591307, "valid_auc_epoch": 0.8072308205962894, "valid_acc_epoch": 0.7299596954769368, "_timestamp": 1670108907.0579543, "_runtime": 424.7252023220062, "_step": 17, "best_epoch": 7, "best_train_loss": 0.463615745306015, "best_train_auc": 0.8393259176653571, "best_train_acc": 0.7871969658141561, "best_valid_auc": 0.8096490129794248, "best_valid_acc": 0.7330944917151814, "_wandb": {"runtime": 424}}