{"epoch": 37, "train_loss_epoch": 0.39035582542419434, "train_auc_epoch": 0.8971439381743118, "train_acc_epoch": 0.8317991393314144, "valid_auc_epoch": 0.7730229892806579, "valid_acc_epoch": 0.7115987460815048, "_timestamp": 1669787744.0419092, "_runtime": 197.4533121585846, "_step": 37, "best_epoch": 27, "best_train_loss": 0.40534141659736633, "best_train_auc": 0.8883970669389057, "best_train_acc": 0.8273818005642795, "best_valid_auc": 0.7759524291075562, "best_valid_acc": 0.7201074787281684, "_wandb": {"runtime": 197}}