{"epoch": 11, "train_loss_epoch": 0.6490252017974854, "train_auc_epoch": 0.4987493045537298, "train_acc_epoch": 0.6492876423517385, "valid_auc_epoch": 0.5, "valid_acc_epoch": 0.4890282131661442, "_timestamp": 1670056912.8683853, "_runtime": 354.4976394176483, "_step": 11, "best_epoch": 1, "best_train_loss": 0.5640152096748352, "best_train_auc": 0.7384400787902108, "best_train_acc": 0.7184070980210513, "best_valid_auc": 0.7096961247925315, "best_valid_acc": 0.664576802507837, "_wandb": {"runtime": 354}}