{"epoch": 34, "train_loss_epoch": 0.4564315676689148, "train_auc_epoch": 0.8460364878995639, "train_acc_epoch": 0.7923205110401333, "valid_auc_epoch": 0.8019144892501597, "valid_acc_epoch": 0.7250335871025526, "_timestamp": 1669871736.8526592, "_runtime": 511.39729928970337, "_step": 34, "best_epoch": 24, "best_train_loss": 0.463024377822876, "best_train_auc": 0.8409453333523313, "best_train_acc": 0.7888045852217495, "best_valid_auc": 0.8027166742109774, "best_valid_acc": 0.7272727272727273, "_wandb": {"runtime": 511}}