{"epoch": 65, "train_loss_epoch": 0.4633990228176117, "train_auc_epoch": 0.8409596433496781, "train_acc_epoch": 0.7916308290639842, "valid_auc_epoch": 0.802186565990247, "valid_acc_epoch": 0.7313031795790417, "_timestamp": 1669985109.7519708, "_runtime": 1512.052464723587, "_step": 65, "best_epoch": 55, "best_train_loss": 0.46697402000427246, "best_train_auc": 0.8381106092852356, "best_train_acc": 0.7883848771549307, "best_valid_auc": 0.8024746944554131, "best_valid_acc": 0.735333631885356, "_wandb": {"runtime": 1511}}