{"epoch": 63, "train_loss_epoch": 0.444303035736084, "train_auc_epoch": 0.8585643412909179, "train_acc_epoch": 0.7975064848129864, "valid_auc_epoch": 0.7820512820512822, "valid_acc_epoch": 0.7250335871025526, "_timestamp": 1669725143.4551542, "_runtime": 705.842823266983, "_step": 63, "best_epoch": 38, "best_train_loss": 0.4643271863460541, "best_train_auc": 0.8442697173233138, "best_train_acc": 0.7859593339469501, "best_valid_auc": 0.788731207442864, "best_valid_acc": 0.7236901030004478, "_wandb": {"runtime": 705}}