{"epoch": 15, "train_loss_epoch": 0.44567543268203735, "train_auc_epoch": 0.8578278706645976, "train_acc_epoch": 0.7957081045421913, "valid_auc_epoch": 0.7948172190065267, "valid_acc_epoch": 0.7151813703537842, "_timestamp": 1669903325.7071204, "_runtime": 158.51658153533936, "_step": 15, "best_epoch": 5, "best_train_loss": 0.474090039730072, "best_train_auc": 0.8358910918806585, "best_train_acc": 0.7802246842197171, "best_valid_auc": 0.8047608613997745, "best_valid_acc": 0.7250335871025526, "_wandb": {"runtime": 158}}