{"epoch": 11, "train_loss_epoch": 0.6469538807868958, "train_auc_epoch": 0.5001142163045489, "train_acc_epoch": 0.6512333549631227, "valid_auc_epoch": 0.5, "valid_acc_epoch": 0.4890282131661442, "_timestamp": 1669877120.3393352, "_runtime": 843.1400382518768, "_step": 11, "best_epoch": 1, "best_train_loss": 0.6550272703170776, "best_train_auc": 0.5013900545472006, "best_train_acc": 0.6512333549631227, "best_valid_auc": 0.5244122660862363, "best_valid_acc": 0.4890282131661442, "_wandb": {"runtime": 842}}