{"epoch": 15, "train_loss_epoch": 0.5122783184051514, "train_auc_epoch": 0.8022241340535587, "train_acc_epoch": 0.7611711288554877, "valid_auc_epoch": 0.8027023178514492, "valid_acc_epoch": 0.7368159203980099, "_timestamp": 1669717585.8316188, "_runtime": 120.52937078475952, "_step": 15, "best_epoch": 10, "best_train_loss": 0.5010403394699097, "best_train_auc": 0.8114493161961581, "best_train_acc": 0.7688742758728667, "best_valid_auc": 0.806029182005658, "best_valid_acc": 0.7318407960199005, "_wandb": {"runtime": 120}}