{"epoch": 34, "train_loss_epoch": 0.4612566828727722, "train_auc_epoch": 0.8458750300883182, "train_acc_epoch": 0.7841179976162098, "valid_auc_epoch": 0.7974416760569258, "valid_acc_epoch": 0.728616211374832, "_timestamp": 1669996086.082427, "_runtime": 425.51861810684204, "_step": 34, "best_epoch": 24, "best_train_loss": 0.4692032039165497, "best_train_auc": 0.8398392471404166, "best_train_acc": 0.7823301549463647, "best_valid_auc": 0.8005460796871839, "best_valid_acc": 0.7308553515450067, "_wandb": {"runtime": 425}}