{"epoch": 27, "train_loss_epoch": 0.4803599417209625, "train_auc_epoch": 0.8291129307151319, "train_acc_epoch": 0.7784784322252725, "valid_auc_epoch": 0.8128671275749341, "valid_acc_epoch": 0.7432835820895523, "_timestamp": 1669720629.3998933, "_runtime": 278.055180311203, "_step": 27, "best_epoch": 22, "best_train_loss": 0.4797709286212921, "best_train_auc": 0.8293454541100864, "best_train_acc": 0.7777173765323041, "best_valid_auc": 0.8149124370549535, "best_valid_acc": 0.7432835820895523, "_wandb": {"runtime": 277}}