{"epoch": 34, "train_loss_epoch": 0.4548330008983612, "train_auc_epoch": 0.8468566178285895, "train_acc_epoch": 0.792180573461382, "valid_auc_epoch": 0.8140050498727098, "valid_acc_epoch": 0.7411553963278101, "_timestamp": 1669816959.2002504, "_runtime": 862.7755043506622, "_step": 34, "best_epoch": 24, "best_train_loss": 0.4619957208633423, "best_train_auc": 0.8411571586607813, "best_train_acc": 0.7883611744996518, "best_valid_auc": 0.8143553787725566, "best_valid_acc": 0.7380206000895656, "_wandb": {"runtime": 862}}