{"epoch": 33, "train_loss_epoch": 0.562006950378418, "train_auc_epoch": 0.8063872733497365, "train_acc_epoch": 0.6501230889936267, "valid_auc_epoch": 0.7840902524294286, "valid_acc_epoch": 0.4890282131661442, "_timestamp": 1670489708.1451821, "_runtime": 2408.834105014801, "_step": 33, "best_epoch": 23, "best_train_loss": 0.5621821284294128, "best_train_auc": 0.8056191163392447, "best_train_acc": 0.6501230889936267, "best_valid_auc": 0.7875919362553894, "best_valid_acc": 0.4890282131661442, "_wandb": {"runtime": 2408}}