{"epoch": 17, "train_loss_epoch": 0.3825112581253052, "train_auc_epoch": 0.8966195200500657, "train_acc_epoch": 0.8267913858029241, "valid_auc_epoch": 0.7858876443451378, "valid_acc_epoch": 0.7098074339453649, "_timestamp": 1669728845.2238429, "_runtime": 490.678829908371, "_step": 17, "best_epoch": 7, "best_train_loss": 0.4528741240501404, "best_train_auc": 0.8488152937925559, "best_train_acc": 0.7921228608568633, "best_valid_auc": 0.7972891846686764, "best_valid_acc": 0.7151813703537842, "_wandb": {"runtime": 490}}