{"epoch": 52, "train_loss_epoch": 0.44448134303092957, "train_auc_epoch": 0.8536793461672751, "train_acc_epoch": 0.7949211599399073, "valid_auc_epoch": 0.8159501176591447, "valid_acc_epoch": 0.7335423197492164, "_timestamp": 1669849555.6387365, "_runtime": 1912.4648575782776, "_step": 52, "best_epoch": 42, "best_train_loss": 0.45354199409484863, "best_train_auc": 0.8469272090340232, "best_train_acc": 0.7915946017598566, "best_valid_auc": 0.820942204158681, "best_valid_acc": 0.742498880429915, "_wandb": {"runtime": 1912}}