{"epoch": 17, "train_loss_epoch": 0.47650671005249023, "train_auc_epoch": 0.8313512698901624, "train_acc_epoch": 0.780990919857876, "valid_auc_epoch": 0.8125952826440455, "valid_acc_epoch": 0.7422885572139304, "_timestamp": 1669709469.1786933, "_runtime": 115.45394539833069, "_step": 17, "best_epoch": 12, "best_train_loss": 0.47670868039131165, "best_train_auc": 0.8315457942147797, "best_train_acc": 0.779253849190683, "best_valid_auc": 0.8149532635830357, "best_valid_acc": 0.7393034825870647, "_wandb": {"runtime": 115}}