{"epoch": 55, "train_loss_epoch": 0.4564686119556427, "train_auc_epoch": 0.8483136576641399, "train_acc_epoch": 0.7896495331211423, "valid_auc_epoch": 0.8084555672198092, "valid_acc_epoch": 0.7326466636811464, "_timestamp": 1669810649.9085503, "_runtime": 457.0520212650299, "_step": 55, "best_epoch": 45, "best_train_loss": 0.45956331491470337, "best_train_auc": 0.8444807218791979, "best_train_acc": 0.7868183656602248, "best_valid_auc": 0.809066335359061, "best_valid_acc": 0.7317510076130765, "_wandb": {"runtime": 456}}