{"epoch": 23, "train_loss_epoch": 0.5581202507019043, "train_auc_epoch": 0.8138452517545471, "train_acc_epoch": 0.6482363002646356, "valid_auc_epoch": 0.7770563864998571, "valid_acc_epoch": 0.4890282131661442, "_timestamp": 1670451407.4126048, "_runtime": 792.4020068645477, "_step": 23, "best_epoch": 13, "best_train_loss": 0.5611243844032288, "best_train_auc": 0.8091708677296383, "best_train_acc": 0.6482363002646356, "best_valid_auc": 0.7812711682124478, "best_valid_acc": 0.4890282131661442, "_wandb": {"runtime": 792}}