{"epoch": 59, "train_loss_epoch": 0.4773445427417755, "train_auc_epoch": 0.8336538084085043, "train_acc_epoch": 0.7793114736210377, "valid_auc_epoch": 0.8088917728488281, "valid_acc_epoch": 0.7183161665920287, "_timestamp": 1670124174.9145648, "_runtime": 608.227472782135, "_step": 59, "best_epoch": 49, "best_train_loss": 0.4796399474143982, "best_train_auc": 0.8317605784282972, "best_train_acc": 0.7788750068197938, "best_valid_auc": 0.8105463044113351, "best_valid_acc": 0.7321988356471115, "_wandb": {"runtime": 607}}