{"epoch": 30, "train_loss_epoch": 0.4167773127555847, "train_auc_epoch": 0.8738087343331402, "train_acc_epoch": 0.8076743381207822, "valid_auc_epoch": 0.7999922951719621, "valid_acc_epoch": 0.7281683833407971, "_timestamp": 1669899513.5809617, "_runtime": 1206.8143637180328, "_step": 30, "best_epoch": 20, "best_train_loss": 0.4605008661746979, "best_train_auc": 0.8421034025218157, "best_train_acc": 0.7890032877660494, "best_valid_auc": 0.8222175137161991, "best_valid_acc": 0.7375727720555306, "_wandb": {"runtime": 1206}}