{"epoch": 65, "train_loss_epoch": 0.46577250957489014, "train_auc_epoch": 0.8405216726530225, "train_acc_epoch": 0.7892919382947138, "valid_auc_epoch": 0.7758737756546696, "valid_acc_epoch": 0.7129422301836095, "_timestamp": 1669767162.6023855, "_runtime": 1168.2975845336914, "_step": 65, "best_epoch": 55, "best_train_loss": 0.47107115387916565, "best_train_auc": 0.8361875731123297, "best_train_acc": 0.7859033111727877, "best_valid_auc": 0.7767076627725181, "best_valid_acc": 0.7147335423197492, "_wandb": {"runtime": 1168}}