{"epoch": 53, "train_loss_epoch": 0.48000434041023254, "train_auc_epoch": 0.8300370642086481, "train_acc_epoch": 0.777335038698675, "valid_auc_epoch": 0.8050830997807334, "valid_acc_epoch": 0.7277205553067622, "_timestamp": 1670005628.91822, "_runtime": 702.731693983078, "_step": 53, "best_epoch": 43, "best_train_loss": 0.4801575541496277, "best_train_auc": 0.8301888446343281, "best_train_acc": 0.7772694477239932, "best_valid_auc": 0.8090318241501414, "best_valid_acc": 0.7335423197492164, "_wandb": {"runtime": 702}}