{"epoch": 16, "train_loss_epoch": 0.44434136152267456, "train_auc_epoch": 0.8569544608275284, "train_acc_epoch": 0.7968521992912236, "valid_auc_epoch": 0.8043423126683424, "valid_acc_epoch": 0.7250335871025526, "_timestamp": 1669817817.8277676, "_runtime": 166.80988550186157, "_step": 16, "best_epoch": 6, "best_train_loss": 0.46552470326423645, "best_train_auc": 0.8403070539126672, "best_train_acc": 0.7853971232020013, "best_valid_auc": 0.8049322135649919, "best_valid_acc": 0.729511867442902, "_wandb": {"runtime": 166}}