{"epoch": 13, "train_loss_epoch": 0.5973561406135559, "train_auc_epoch": 0.7344382115365837, "train_acc_epoch": 0.7182724603021085, "valid_auc_epoch": 0.7913781369083734, "valid_acc_epoch": 0.7232422749664129, "_timestamp": 1669897560.992174, "_runtime": 104.9963538646698, "_step": 13, "best_epoch": 3, "best_train_loss": 0.4980953335762024, "best_train_auc": 0.8142701590827718, "best_train_acc": 0.7713084917438936, "best_valid_auc": 0.7964544949645739, "best_valid_acc": 0.7241379310344828, "_wandb": {"runtime": 104}}