{"epoch": 22, "train_loss_epoch": 0.5593942999839783, "train_auc_epoch": 0.8108342483308024, "train_acc_epoch": 0.6474476553036858, "valid_auc_epoch": 0.7734961138773584, "valid_acc_epoch": 0.4890282131661442, "_timestamp": 1670453150.8915248, "_runtime": 524.579482793808, "_step": 22, "best_epoch": 12, "best_train_loss": 0.563493549823761, "best_train_auc": 0.8066624841556018, "best_train_acc": 0.6474476553036858, "best_valid_auc": 0.7808132927545723, "best_valid_acc": 0.4890282131661442, "_wandb": {"runtime": 524}}