{"epoch": 42, "train_loss_epoch": 0.4629279673099518, "train_auc_epoch": 0.8416162171852365, "train_acc_epoch": 0.7877920055372902, "valid_auc_epoch": 0.8055622437743384, "valid_acc_epoch": 0.7375727720555306, "_timestamp": 1670121355.207077, "_runtime": 467.39377093315125, "_step": 42, "best_epoch": 32, "best_train_loss": 0.46768099069595337, "best_train_auc": 0.8377270578389693, "best_train_acc": 0.7858712580031147, "best_valid_auc": 0.805902139052884, "best_valid_acc": 0.729511867442902, "_wandb": {"runtime": 467}}