{"epoch": 19, "train_loss_epoch": 0.565407931804657, "train_auc_epoch": 0.8115005843693737, "train_acc_epoch": 0.6400531286894924, "valid_auc_epoch": 0.7547055632068778, "valid_acc_epoch": 0.4890282131661442, "_timestamp": 1670437763.800139, "_runtime": 122.06636095046997, "_step": 19, "best_epoch": 9, "best_train_loss": 0.5766623616218567, "best_train_auc": 0.7995514496999867, "best_train_acc": 0.6400531286894924, "best_valid_auc": 0.766184954397049, "best_valid_acc": 0.4890282131661442, "_wandb": {"runtime": 119}}