{"epoch": 29, "train_loss_epoch": 0.47460421919822693, "train_auc_epoch": 0.8323740967731592, "train_acc_epoch": 0.7807559259861165, "valid_auc_epoch": 0.8068680516095065, "valid_acc_epoch": 0.729064039408867, "_timestamp": 1669752410.2616727, "_runtime": 336.17972564697266, "_step": 29, "best_epoch": 19, "best_train_loss": 0.47394677996635437, "best_train_auc": 0.8328447855016664, "best_train_acc": 0.7817542311889119, "best_valid_auc": 0.8077605275238929, "best_valid_acc": 0.7362292879534259, "_wandb": {"runtime": 335}}