{"epoch": 21, "train_loss_epoch": 0.43473103642463684, "train_auc_epoch": 0.8666465815067821, "train_acc_epoch": 0.8014501390544299, "valid_auc_epoch": 0.792272217995268, "valid_acc_epoch": 0.7259292431706225, "_timestamp": 1669785765.1317658, "_runtime": 427.2887089252472, "_step": 21, "best_epoch": 11, "best_train_loss": 0.46795156598091125, "best_train_auc": 0.8412008314369737, "best_train_acc": 0.7840186730234406, "best_valid_auc": 0.7976631898630147, "best_valid_acc": 0.7268248992386923, "_wandb": {"runtime": 426}}