{"epoch": 28, "train_loss_epoch": 0.4577716886997223, "train_auc_epoch": 0.8438178388173707, "train_acc_epoch": 0.790387687689395, "valid_auc_epoch": 0.8158072573059426, "valid_acc_epoch": 0.7330944917151814, "_timestamp": 1669811562.0384934, "_runtime": 876.5376002788544, "_step": 28, "best_epoch": 18, "best_train_loss": 0.459818959236145, "best_train_auc": 0.8421185042694906, "best_train_acc": 0.7897964056876781, "best_valid_auc": 0.8176507979312537, "best_valid_acc": 0.7357814599193909, "_wandb": {"runtime": 875}}