{"epoch": 58, "train_loss_epoch": 0.4400653541088104, "train_auc_epoch": 0.8603870379649172, "train_acc_epoch": 0.7969063215215847, "valid_auc_epoch": 0.8113055510075666, "valid_acc_epoch": 0.742498880429915, "_timestamp": 1669809695.0644639, "_runtime": 671.8937499523163, "_step": 58, "best_epoch": 48, "best_train_loss": 0.44510313868522644, "best_train_auc": 0.8566363406311714, "best_train_acc": 0.7956751637597664, "best_valid_auc": 0.8124211459005499, "best_valid_acc": 0.7375727720555306, "_wandb": {"runtime": 671}}