{"epoch": 64, "train_loss_epoch": 0.4578229486942291, "train_auc_epoch": 0.845205190416266, "train_acc_epoch": 0.7928574099697094, "valid_auc_epoch": 0.8105719871714613, "valid_acc_epoch": 0.7308553515450067, "_timestamp": 1669926666.603596, "_runtime": 1498.3184790611267, "_step": 64, "best_epoch": 54, "best_train_loss": 0.45958855748176575, "best_train_auc": 0.8437053846535647, "best_train_acc": 0.7911895591039976, "best_valid_auc": 0.8106297733817455, "best_valid_acc": 0.7371249440214958, "_wandb": {"runtime": 1498}}