{"epoch": 15, "train_loss_epoch": 0.46722152829170227, "train_auc_epoch": 0.8362024481201547, "train_acc_epoch": 0.7859568935397586, "valid_auc_epoch": 0.8137036787343537, "valid_acc_epoch": 0.7344379758172862, "_timestamp": 1670113058.3735094, "_runtime": 831.1386585235596, "_step": 15, "best_epoch": 5, "best_train_loss": 0.4703233242034912, "best_train_auc": 0.8340304546353297, "best_train_acc": 0.7837345567640943, "best_valid_auc": 0.8161892883628203, "best_valid_acc": 0.741603224361845, "_wandb": {"runtime": 831}}