{"epoch": 43, "train_loss_epoch": 0.531667172908783, "train_auc_epoch": 0.7733515348102633, "train_acc_epoch": 0.7451127338530575, "valid_auc_epoch": 0.7557802262009099, "valid_acc_epoch": 0.6784594715629199, "_timestamp": 1669774212.7483802, "_runtime": 3082.77587723732, "_step": 43, "best_epoch": 33, "best_train_loss": 0.5334885716438293, "best_train_auc": 0.7713052095829931, "best_train_acc": 0.7433214217169178, "best_valid_auc": 0.7572345124930576, "best_valid_acc": 0.651141961486789, "_wandb": {"runtime": 3082}}