{"epoch": 22, "train_loss_epoch": 0.413036584854126, "train_auc_epoch": 0.8796573269954446, "train_acc_epoch": 0.8127929919816403, "valid_auc_epoch": 0.790501712719066, "valid_acc_epoch": 0.7151813703537842, "_timestamp": 1669757427.837319, "_runtime": 371.2584788799286, "_step": 22, "best_epoch": 12, "best_train_loss": 0.44515159726142883, "best_train_auc": 0.8570638540788333, "best_train_acc": 0.7971061138243237, "best_valid_auc": 0.7939777137849005, "best_valid_acc": 0.7151813703537842, "_wandb": {"runtime": 370}}