{"epoch": 40, "train_loss_epoch": 0.45231127738952637, "train_auc_epoch": 0.8504785359638184, "train_acc_epoch": 0.7927704130197571, "valid_auc_epoch": 0.8026103315323297, "valid_acc_epoch": 0.7339901477832512, "_timestamp": 1669810158.7614758, "_runtime": 383.6181788444519, "_step": 40, "best_epoch": 30, "best_train_loss": 0.46142837405204773, "best_train_auc": 0.8433027711401612, "best_train_acc": 0.7878369280059434, "best_valid_auc": 0.8047901557980436, "best_valid_acc": 0.7362292879534259, "_wandb": {"runtime": 383}}