{"epoch": 49, "train_loss_epoch": 0.4501347839832306, "train_auc_epoch": 0.8514475568758219, "train_acc_epoch": 0.793076473893547, "valid_auc_epoch": 0.8081449663395325, "valid_acc_epoch": 0.735333631885356, "_timestamp": 1669950804.470808, "_runtime": 421.1260259151459, "_step": 49, "best_epoch": 39, "best_train_loss": 0.45477765798568726, "best_train_auc": 0.8478037847979, "best_train_acc": 0.7911704108502363, "best_valid_auc": 0.8088761224168763, "best_valid_acc": 0.7366771159874608, "_wandb": {"runtime": 420}}