{"epoch": 39, "train_loss_epoch": 0.5585197806358337, "train_auc_epoch": 0.8160395570408608, "train_acc_epoch": 0.6441482960800881, "valid_auc_epoch": 0.7718829155069294, "valid_acc_epoch": 0.4890282131661442, "_timestamp": 1670399216.970004, "_runtime": 364.1407639980316, "_step": 39, "best_epoch": 29, "best_train_loss": 0.5629726052284241, "best_train_auc": 0.8116748548955173, "best_train_acc": 0.6441482960800881, "best_valid_auc": 0.7753288195882412, "best_valid_acc": 0.4890282131661442, "_wandb": {"runtime": 363}}