{"epoch": 25, "train_loss_epoch": 0.4452756941318512, "train_auc_epoch": 0.8588624867652951, "train_acc_epoch": 0.8003663935677574, "valid_auc_epoch": 0.7945828638203748, "valid_acc_epoch": 0.7304075235109718, "_timestamp": 1669978387.177349, "_runtime": 117.53922820091248, "_step": 25, "best_epoch": 15, "best_train_loss": 0.46795880794525146, "best_train_auc": 0.8416140381621533, "best_train_acc": 0.7872118467253575, "best_valid_auc": 0.7973365372576591, "best_valid_acc": 0.7245857590685177, "_wandb": {"runtime": 117}}