{"epoch": 16, "train_loss_epoch": 0.44766369462013245, "train_auc_epoch": 0.8538760098131876, "train_acc_epoch": 0.7967711224423933, "valid_auc_epoch": 0.8119339760444055, "valid_acc_epoch": 0.7344379758172862, "_timestamp": 1669733643.103277, "_runtime": 394.3624370098114, "_step": 16, "best_epoch": 6, "best_train_loss": 0.46051546931266785, "best_train_auc": 0.8425741364559698, "best_train_acc": 0.7888804621441942, "best_valid_auc": 0.8169589685803533, "best_valid_acc": 0.74205105239588, "_wandb": {"runtime": 394}}