{"epoch": 26, "train_loss_epoch": 0.44927892088890076, "train_auc_epoch": 0.8510314605390467, "train_acc_epoch": 0.7935180525201828, "valid_auc_epoch": 0.810127354386776, "valid_acc_epoch": 0.7398119122257053, "_timestamp": 1670087639.1654654, "_runtime": 1312.848310470581, "_step": 26, "best_epoch": 16, "best_train_loss": 0.45632204413414, "best_train_auc": 0.8455290624247043, "best_train_acc": 0.7902501913146592, "best_valid_auc": 0.8110519337513202, "best_valid_acc": 0.7317510076130765, "_wandb": {"runtime": 1312}}