{"epoch": 45, "train_loss_epoch": 0.46473807096481323, "train_auc_epoch": 0.837887047529199, "train_acc_epoch": 0.7868155771041063, "valid_auc_epoch": 0.8201624916129736, "valid_acc_epoch": 0.7438423645320197, "_timestamp": 1670085863.4578948, "_runtime": 9877.255068778992, "_step": 45, "best_epoch": 35, "best_train_loss": 0.4652676582336426, "best_train_auc": 0.8374150959816635, "best_train_acc": 0.786459142546405, "best_valid_auc": 0.8212006369324512, "best_valid_acc": 0.7429467084639498, "_wandb": {"runtime": 9879}}