{"epoch": 15, "train_loss_epoch": 0.45836591720581055, "train_auc_epoch": 0.844227739909323, "train_acc_epoch": 0.7899742848472264, "valid_auc_epoch": 0.805015682535402, "valid_acc_epoch": 0.7313031795790417, "_timestamp": 1669736515.335296, "_runtime": 337.5098638534546, "_step": 15, "best_epoch": 5, "best_train_loss": 0.46809306740760803, "best_train_auc": 0.8366737467237453, "best_train_acc": 0.7845158044370618, "best_valid_auc": 0.8068495921256658, "best_valid_acc": 0.7272727272727273, "_wandb": {"runtime": 337}}