{"epoch": 23, "train_loss_epoch": 0.4262446165084839, "train_auc_epoch": 0.867492062591854, "train_acc_epoch": 0.8054435483870968, "valid_auc_epoch": 0.811245357038521, "valid_acc_epoch": 0.7272727272727273, "_timestamp": 1669756548.200895, "_runtime": 536.8277411460876, "_step": 23, "best_epoch": 13, "best_train_loss": 0.4452238976955414, "best_train_auc": 0.8537697329360011, "best_train_acc": 0.7959455460195324, "best_valid_auc": 0.8122839036511253, "best_valid_acc": 0.7263770712046574, "_wandb": {"runtime": 536}}