{"epoch": 20, "train_loss_epoch": 0.4754941165447235, "train_auc_epoch": 0.8290116119361057, "train_acc_epoch": 0.7811545918164297, "valid_auc_epoch": 0.8043712057734844, "valid_acc_epoch": 0.7254814151365876, "_timestamp": 1670003928.3320696, "_runtime": 1376.2404866218567, "_step": 20, "best_epoch": 10, "best_train_loss": 0.4758569896221161, "best_train_auc": 0.8287572306034712, "best_train_acc": 0.7812711425956143, "best_valid_auc": 0.8080502611615671, "best_valid_acc": 0.7308553515450067, "_wandb": {"runtime": 1376}}