{"epoch": 22, "train_loss_epoch": 0.4291394352912903, "train_auc_epoch": 0.8696602595007469, "train_acc_epoch": 0.8058658642153428, "valid_auc_epoch": 0.7983999640441358, "valid_acc_epoch": 0.7227944469323779, "_timestamp": 1669959582.6919577, "_runtime": 322.7938838005066, "_step": 22, "best_epoch": 12, "best_train_loss": 0.46103930473327637, "best_train_auc": 0.8458985605924917, "best_train_acc": 0.7879343748711818, "best_valid_auc": 0.8024586427303342, "best_valid_acc": 0.7277205553067622, "_wandb": {"runtime": 322}}