{"epoch": 35, "train_loss_epoch": 0.4623439610004425, "train_auc_epoch": 0.8403461579831838, "train_acc_epoch": 0.7878188372371141, "valid_auc_epoch": 0.81668769442652, "valid_acc_epoch": 0.7411553963278101, "_timestamp": 1669940214.6882348, "_runtime": 1623.6828637123108, "_step": 35, "best_epoch": 25, "best_train_loss": 0.46269890666007996, "best_train_auc": 0.8400382403001847, "best_train_acc": 0.7878940085080212, "best_valid_auc": 0.8194060540686308, "best_valid_acc": 0.7402597402597403, "_wandb": {"runtime": 1623}}