{"epoch": 21, "train_loss_epoch": 0.4447452127933502, "train_auc_epoch": 0.8534132724091241, "train_acc_epoch": 0.7963161682089609, "valid_auc_epoch": 0.811594482058987, "valid_acc_epoch": 0.7380206000895656, "_timestamp": 1669911260.4512773, "_runtime": 601.8436572551727, "_step": 21, "best_epoch": 11, "best_train_loss": 0.45362600684165955, "best_train_auc": 0.8474649194702817, "best_train_acc": 0.7930148590473546, "best_valid_auc": 0.8169854539267335, "best_valid_acc": 0.7402597402597403, "_wandb": {"runtime": 601}}