{"epoch": 19, "train_loss_epoch": 0.48159757256507874, "train_auc_epoch": 0.8252601100767687, "train_acc_epoch": 0.7774801523268573, "valid_auc_epoch": 0.7991535925365898, "valid_acc_epoch": 0.7254814151365876, "_timestamp": 1669957589.655595, "_runtime": 492.7944860458374, "_step": 19, "best_epoch": 9, "best_train_loss": 0.4817988872528076, "best_train_auc": 0.8250429455528825, "best_train_acc": 0.7781740140708707, "best_valid_auc": 0.8047010687238557, "best_valid_acc": 0.7335423197492164, "_wandb": {"runtime": 492}}