{"epoch": 31, "train_loss_epoch": 0.4391273558139801, "train_auc_epoch": 0.8575751566758985, "train_acc_epoch": 0.7994162102055105, "valid_auc_epoch": 0.8142510425595438, "valid_acc_epoch": 0.7398119122257053, "_timestamp": 1669806068.1097953, "_runtime": 904.2904713153839, "_step": 31, "best_epoch": 21, "best_train_loss": 0.4479280412197113, "best_train_auc": 0.8511292749928272, "best_train_acc": 0.795014620485153, "best_valid_auc": 0.8166933125302975, "best_valid_acc": 0.7313031795790417, "_wandb": {"runtime": 903}}