{"epoch": 61, "train_loss_epoch": 0.45290616154670715, "train_auc_epoch": 0.8497085455535767, "train_acc_epoch": 0.7933582908410249, "valid_auc_epoch": 0.8055052601503082, "valid_acc_epoch": 0.7317510076130765, "_timestamp": 1669854347.5678523, "_runtime": 743.3119451999664, "_step": 61, "best_epoch": 51, "best_train_loss": 0.45617905259132385, "best_train_auc": 0.8469296837050304, "best_train_acc": 0.7921964758277932, "best_valid_auc": 0.8070406076541046, "best_valid_acc": 0.741603224361845, "_wandb": {"runtime": 742}}