{"epoch": 40, "train_loss_epoch": 0.4470062851905823, "train_auc_epoch": 0.8579334445915291, "train_acc_epoch": 0.7954181585305504, "valid_auc_epoch": 0.8044402281913238, "valid_acc_epoch": 0.7375727720555306, "_timestamp": 1669998208.3037996, "_runtime": 325.47800159454346, "_step": 40, "best_epoch": 30, "best_train_loss": 0.4582754373550415, "best_train_auc": 0.8493946579673883, "best_train_acc": 0.7893342648385876, "best_valid_auc": 0.8068849059208393, "best_valid_acc": 0.7330944917151814, "_wandb": {"runtime": 325}}