{"epoch": 14, "train_loss_epoch": 0.45003125071525574, "train_auc_epoch": 0.8531428782418851, "train_acc_epoch": 0.7932036582536601, "valid_auc_epoch": 0.7970676708625876, "valid_acc_epoch": 0.7299596954769368, "_timestamp": 1669946030.156158, "_runtime": 136.43245887756348, "_step": 14, "best_epoch": 4, "best_train_loss": 0.479867547750473, "best_train_auc": 0.8291744143543391, "best_train_acc": 0.7783191081480396, "best_valid_auc": 0.8028446867184815, "best_valid_acc": 0.735333631885356, "_wandb": {"runtime": 136}}