{"epoch": 17, "train_loss_epoch": 0.5602818131446838, "train_auc_epoch": 0.8090172198586211, "train_acc_epoch": 0.6493675030746379, "valid_auc_epoch": 0.7737581582892713, "valid_acc_epoch": 0.4890282131661442, "_timestamp": 1670501170.9969833, "_runtime": 538.9876372814178, "_step": 17, "best_epoch": 7, "best_train_loss": 0.5657090544700623, "best_train_auc": 0.8051190002607708, "best_train_acc": 0.6493675030746379, "best_valid_auc": 0.7780499882822406, "best_valid_acc": 0.4890282131661442, "_wandb": {"runtime": 538}}