{"epoch": 16, "train_loss_epoch": 0.46553173661231995, "train_auc_epoch": 0.8428859404974349, "train_acc_epoch": 0.7842272838599069, "valid_auc_epoch": 0.8105091466359438, "valid_acc_epoch": 0.7398009950248756, "_timestamp": 1669719373.6148095, "_runtime": 108.40679240226746, "_step": 16, "best_epoch": 11, "best_train_loss": 0.47444748878479004, "best_train_auc": 0.8363823099716461, "best_train_acc": 0.7798187607151604, "best_valid_auc": 0.8122099200497088, "best_valid_acc": 0.7417910447761195, "_wandb": {"runtime": 108}}