{"epoch": 13, "train_loss_epoch": 0.42213645577430725, "train_auc_epoch": 0.8741442837806821, "train_acc_epoch": 0.8056229263276354, "valid_auc_epoch": 0.7914961170877035, "valid_acc_epoch": 0.7178683385579937, "_timestamp": 1669792998.5531514, "_runtime": 154.0527994632721, "_step": 13, "best_epoch": 3, "best_train_loss": 0.4759485125541687, "best_train_auc": 0.8338169080968021, "best_train_acc": 0.7788664894545878, "best_valid_auc": 0.799428077035439, "best_valid_acc": 0.7223466188983431, "_wandb": {"runtime": 153}}