{"epoch": 31, "train_loss_epoch": 0.4591531753540039, "train_auc_epoch": 0.8426570210396747, "train_acc_epoch": 0.7909465622343878, "valid_auc_epoch": 0.8057693110278562, "valid_acc_epoch": 0.7348858038513211, "_timestamp": 1669924477.9473338, "_runtime": 1330.0693218708038, "_step": 31, "best_epoch": 21, "best_train_loss": 0.46678876876831055, "best_train_auc": 0.8361811335631344, "best_train_acc": 0.7865642450441888, "best_valid_auc": 0.8086939353372307, "best_valid_acc": 0.7299596954769368, "_wandb": {"runtime": 1330}}