{"epoch": 29, "train_loss_epoch": 0.4576902389526367, "train_auc_epoch": 0.8450178080089747, "train_acc_epoch": 0.7900153322613216, "valid_auc_epoch": 0.8101056845579195, "valid_acc_epoch": 0.7357814599193909, "_timestamp": 1669960290.2275753, "_runtime": 1302.7416644096375, "_step": 29, "best_epoch": 19, "best_train_loss": 0.4629758894443512, "best_train_auc": 0.8407505801893792, "best_train_acc": 0.7870461089712426, "best_valid_auc": 0.8108304199452314, "best_valid_acc": 0.741603224361845, "_wandb": {"runtime": 1302}}