{"epoch": 27, "train_loss_epoch": 0.5739094614982605, "train_auc_epoch": 0.7797494209429038, "train_acc_epoch": 0.6501230889936267, "valid_auc_epoch": 0.7650886215741606, "valid_acc_epoch": 0.4890282131661442, "_timestamp": 1670521282.6158953, "_runtime": 2332.26935338974, "_step": 27, "best_epoch": 17, "best_train_loss": 0.5733203291893005, "best_train_auc": 0.7821959938543043, "best_train_acc": 0.6501230889936267, "best_valid_auc": 0.7728014754745691, "best_valid_acc": 0.4890282131661442, "_wandb": {"runtime": 2332}}