{"epoch": 38, "train_loss_epoch": 0.4529561698436737, "train_auc_epoch": 0.8494979347334928, "train_acc_epoch": 0.7926991061497434, "valid_auc_epoch": 0.8092437069211829, "valid_acc_epoch": 0.729511867442902, "_timestamp": 1669888194.8584785, "_runtime": 375.35847449302673, "_step": 38, "best_epoch": 28, "best_train_loss": 0.459917813539505, "best_train_auc": 0.8440725839114209, "best_train_acc": 0.7894426501923051, "best_valid_auc": 0.8106610742456491, "best_valid_acc": 0.7357814599193909, "_wandb": {"runtime": 374}}