{"epoch": 31, "train_loss_epoch": 0.4072021543979645, "train_auc_epoch": 0.8819987902906423, "train_acc_epoch": 0.8141651155357512, "valid_auc_epoch": 0.804479554917767, "valid_acc_epoch": 0.7299596954769368, "_timestamp": 1670098407.0958042, "_runtime": 697.210853099823, "_step": 31, "best_epoch": 21, "best_train_loss": 0.4267837107181549, "best_train_auc": 0.8690542551315391, "best_train_acc": 0.8044822983059771, "best_valid_auc": 0.8087348672361819, "best_valid_acc": 0.7380206000895656, "_wandb": {"runtime": 696}}