{"epoch": 24, "train_loss_epoch": 0.44994109869003296, "train_auc_epoch": 0.8507495838219836, "train_acc_epoch": 0.79465149979094, "valid_auc_epoch": 0.7999545736180268, "valid_acc_epoch": 0.7304075235109718, "_timestamp": 1669828143.360002, "_runtime": 372.5249810218811, "_step": 24, "best_epoch": 14, "best_train_loss": 0.46233320236206055, "best_train_auc": 0.8410633040500822, "best_train_acc": 0.7883166944458764, "best_valid_auc": 0.8022933099620215, "best_valid_acc": 0.7317510076130765, "_wandb": {"runtime": 372}}