{"epoch": 29, "train_loss_epoch": 0.4561368227005005, "train_auc_epoch": 0.844338923138002, "train_acc_epoch": 0.7902881931217984, "valid_auc_epoch": 0.818298485038187, "valid_acc_epoch": 0.7433945364979848, "_timestamp": 1669978358.363653, "_runtime": 1558.691087961197, "_step": 29, "best_epoch": 19, "best_train_loss": 0.45811834931373596, "best_train_auc": 0.8429031465816383, "best_train_acc": 0.7899953948228713, "best_valid_auc": 0.8196821437399877, "best_valid_acc": 0.7447380206000895, "_wandb": {"runtime": 1558}}