{"epoch": 40, "train_loss_epoch": 0.4625202715396881, "train_auc_epoch": 0.8418188098298403, "train_acc_epoch": 0.7898857933898599, "valid_auc_epoch": 0.8126282131540675, "valid_acc_epoch": 0.7308553515450067, "_timestamp": 1670038198.7044141, "_runtime": 819.354373216629, "_step": 40, "best_epoch": 30, "best_train_loss": 0.4672843813896179, "best_train_auc": 0.83794739957697, "best_train_acc": 0.7876795293303339, "best_valid_auc": 0.8157518788544205, "best_valid_acc": 0.7339901477832512, "_wandb": {"runtime": 818}}