{"epoch": 25, "train_loss_epoch": 0.5669651031494141, "train_auc_epoch": 0.8024760259629944, "train_acc_epoch": 0.6480011966642982, "valid_auc_epoch": 0.7730466655751493, "valid_acc_epoch": 0.4890282131661442, "_timestamp": 1670491924.042673, "_runtime": 459.4223780632019, "_step": 25, "best_epoch": 15, "best_train_loss": 0.568813681602478, "best_train_auc": 0.8001615363609733, "best_train_acc": 0.6480011966642982, "best_valid_auc": 0.7760013868690467, "best_valid_acc": 0.4890282131661442, "_wandb": {"runtime": 459}}