{"epoch": 16, "train_loss_epoch": 0.6570045948028564, "train_auc_epoch": 0.49887372336132196, "train_acc_epoch": 0.6355229417862404, "valid_auc_epoch": 0.37323310636194074, "valid_acc_epoch": 0.4890282131661442, "_timestamp": 1669748046.5907445, "_runtime": 169.86962842941284, "_step": 16, "best_epoch": 6, "best_train_loss": 0.5635799169540405, "best_train_auc": 0.7542600943408141, "best_train_acc": 0.728326695400731, "best_valid_auc": 0.7810468453544703, "best_valid_acc": 0.6614420062695925, "_wandb": {"runtime": 169}}