{"epoch": 35, "train_loss_epoch": 0.4087052345275879, "train_auc_epoch": 0.8791519314966019, "train_acc_epoch": 0.8076404803824174, "valid_auc_epoch": 0.7971294700041414, "valid_acc_epoch": 0.7330944917151814, "_timestamp": 1670051267.1657698, "_runtime": 1144.4878978729248, "_step": 35, "best_epoch": 25, "best_train_loss": 0.4515085220336914, "best_train_auc": 0.8488344601113227, "best_train_acc": 0.7919424800086555, "best_valid_auc": 0.81901118163169, "best_valid_acc": 0.7429467084639498, "_wandb": {"runtime": 1144}}