{"epoch": 31, "train_loss_epoch": 0.45435231924057007, "train_auc_epoch": 0.8465112172631313, "train_acc_epoch": 0.7919190883774965, "valid_auc_epoch": 0.8131193959414817, "valid_acc_epoch": 0.7348858038513211, "_timestamp": 1669799469.9109292, "_runtime": 803.6191442012787, "_step": 31, "best_epoch": 21, "best_train_loss": 0.45537614822387695, "best_train_auc": 0.845664099489036, "best_train_acc": 0.7914509763723028, "best_valid_auc": 0.8145793003374072, "best_valid_acc": 0.7344379758172862, "_wandb": {"runtime": 803}}