{"epoch": 22, "train_loss_epoch": 0.4615405201911926, "train_auc_epoch": 0.8397466942693108, "train_acc_epoch": 0.7872090019232425, "valid_auc_epoch": 0.8149512720450806, "valid_acc_epoch": 0.7482587064676617, "_timestamp": 1669722577.830639, "_runtime": 641.3275718688965, "_step": 21, "_wandb": {"runtime": 664}}