{"epoch": 12, "train_loss_epoch": 0.6533530950546265, "train_auc_epoch": 0.5021425922548738, "train_acc_epoch": 0.6415204146585433, "valid_auc_epoch": 0.49516963463063374, "valid_acc_epoch": 0.4890282131661442, "_timestamp": 1669730831.2174497, "_runtime": 139.95896172523499, "_step": 12, "best_epoch": 2, "best_train_loss": 0.6576254963874817, "best_train_auc": 0.49851824964747515, "best_train_acc": 0.6406474493043557, "best_valid_auc": 0.548950136921215, "best_valid_acc": 0.4890282131661442, "_wandb": {"runtime": 139}}