{"epoch": 25, "train_loss_epoch": 0.4383425712585449, "train_auc_epoch": 0.859110489178335, "train_acc_epoch": 0.7997079326147293, "valid_auc_epoch": 0.8100222155875092, "valid_acc_epoch": 0.728616211374832, "_timestamp": 1670112190.4659874, "_runtime": 1026.883950471878, "_step": 25, "best_epoch": 15, "best_train_loss": 0.4596185088157654, "best_train_auc": 0.8428443028446453, "best_train_acc": 0.7890095527012199, "best_valid_auc": 0.8207271110426236, "best_valid_acc": 0.742498880429915, "_wandb": {"runtime": 1026}}