{"epoch": 46, "train_loss_epoch": 0.4497320055961609, "train_auc_epoch": 0.8499214510639361, "train_acc_epoch": 0.7926673842106162, "valid_auc_epoch": 0.807555868029137, "valid_acc_epoch": 0.7313031795790417, "_timestamp": 1669933586.811555, "_runtime": 1234.2166919708252, "_step": 46, "best_epoch": 36, "best_train_loss": 0.46774381399154663, "best_train_auc": 0.8355949892577157, "best_train_acc": 0.7846821451147216, "best_valid_auc": 0.809198762090962, "best_valid_acc": 0.7371249440214958, "_wandb": {"runtime": 1233}}