{"epoch": 25, "train_loss_epoch": 0.4612382650375366, "train_auc_epoch": 0.8405453980297695, "train_acc_epoch": 0.7890175053584931, "valid_auc_epoch": 0.8205405097385816, "valid_acc_epoch": 0.741603224361845, "_timestamp": 1670090283.3174303, "_runtime": 2609.139621257782, "_step": 25, "best_epoch": 15, "best_train_loss": 0.4619358479976654, "best_train_auc": 0.8400739402653933, "best_train_acc": 0.7888469432426133, "best_valid_auc": 0.821609153335709, "best_valid_acc": 0.7402597402597403, "_wandb": {"runtime": 2609}}