{"epoch": 34, "train_loss_epoch": 0.4526291489601135, "train_auc_epoch": 0.849519516923267, "train_acc_epoch": 0.792962118095808, "valid_auc_epoch": 0.8066995084961781, "valid_acc_epoch": 0.7313031795790417, "_timestamp": 1669836635.0068288, "_runtime": 802.4168887138367, "_step": 34, "best_epoch": 24, "best_train_loss": 0.4586775302886963, "best_train_auc": 0.8447119410847448, "best_train_acc": 0.7896937287311618, "best_valid_auc": 0.8104411656120682, "best_valid_acc": 0.7389162561576355, "_wandb": {"runtime": 802}}