{"epoch": 57, "train_loss_epoch": 0.4431615471839905, "train_auc_epoch": 0.8549834432562582, "train_acc_epoch": 0.7962720806872516, "valid_auc_epoch": 0.80693386368233, "valid_acc_epoch": 0.7272727272727273, "_timestamp": 1669752038.754376, "_runtime": 1747.9107329845428, "_step": 57, "best_epoch": 47, "best_train_loss": 0.44548651576042175, "best_train_auc": 0.8532248178572307, "best_train_acc": 0.7947654486636458, "best_valid_auc": 0.8085695344678692, "best_valid_acc": 0.7317510076130765, "_wandb": {"runtime": 1747}}