{"epoch": 23, "train_loss_epoch": 0.5536780953407288, "train_auc_epoch": 0.823839382679581, "train_acc_epoch": 0.6427402639904003, "valid_auc_epoch": 0.7731907298077325, "valid_acc_epoch": 0.4890282131661442, "_timestamp": 1670483727.4626544, "_runtime": 345.7736163139343, "_step": 23, "best_epoch": 13, "best_train_loss": 0.5619804263114929, "best_train_auc": 0.8144089706316755, "best_train_acc": 0.6427402639904003, "best_valid_auc": 0.7772269360788204, "best_valid_acc": 0.4890282131661442, "_wandb": {"runtime": 345}}