{"epoch": 100, "train_loss_epoch": 0.4776773154735565, "train_auc_epoch": 0.831681460469376, "train_acc_epoch": 0.7803418803418803, "valid_auc_epoch": 0.7933982465095524, "valid_acc_epoch": 0.7263770712046574, "_timestamp": 1669894614.4708931, "_runtime": 1645.7130422592163, "_step": 100, "best_epoch": 100, "best_train_loss": 0.4776773154735565, "best_train_auc": 0.831681460469376, "best_train_acc": 0.7803418803418803, "best_valid_auc": 0.7933982465095524, "best_valid_acc": 0.7263770712046574, "_wandb": {"runtime": 1645}}