{"epoch": 12, "train_loss_epoch": 0.5503617525100708, "train_auc_epoch": 0.7638940056971517, "train_acc_epoch": 0.7370593750437301, "valid_auc_epoch": 0.7718042620540428, "valid_acc_epoch": 0.4890282131661442, "_timestamp": 1669734676.732924, "_runtime": 93.70778894424438, "_step": 12, "best_epoch": 2, "best_train_loss": 0.5222451686859131, "best_train_auc": 0.7879415269684266, "best_train_acc": 0.756496550566043, "best_valid_auc": 0.7822872424099419, "best_valid_acc": 0.7098074339453649, "_wandb": {"runtime": 93}}