{"epoch": 21, "train_loss_epoch": 0.45301657915115356, "train_auc_epoch": 0.8471415180125094, "train_acc_epoch": 0.7925512104283055, "valid_auc_epoch": 0.8172888315307245, "valid_acc_epoch": 0.7371249440214958, "_timestamp": 1670099011.5007846, "_runtime": 569.9729187488556, "_step": 21, "best_epoch": 11, "best_train_loss": 0.45900779962539673, "best_train_auc": 0.8433311494237159, "best_train_acc": 0.7900466403567219, "best_valid_auc": 0.8174425267983549, "best_valid_acc": 0.735333631885356, "_wandb": {"runtime": 569}}