{"epoch": 45, "train_loss_epoch": 0.5644374489784241, "train_auc_epoch": 0.8125444998614926, "train_acc_epoch": 0.6464087789077047, "valid_auc_epoch": 0.7626483580690417, "valid_acc_epoch": 0.4890282131661442, "_timestamp": 1670438690.2463295, "_runtime": 370.0401816368103, "_step": 45, "best_epoch": 35, "best_train_loss": 0.5653966665267944, "best_train_auc": 0.8117871992643078, "best_train_acc": 0.6464087789077047, "best_valid_auc": 0.7682367661552587, "best_valid_acc": 0.4890282131661442, "_wandb": {"runtime": 369}}