{"epoch": 19, "train_loss_epoch": 0.560428261756897, "train_auc_epoch": 0.8100148835862802, "train_acc_epoch": 0.6474476553036858, "valid_auc_epoch": 0.7804011647131717, "valid_acc_epoch": 0.4890282131661442, "_timestamp": 1670492980.652608, "_runtime": 281.4507009983063, "_step": 19, "best_epoch": 9, "best_train_loss": 0.5661798119544983, "best_train_auc": 0.8063977100793733, "best_train_acc": 0.6474476553036858, "best_valid_auc": 0.781062897079549, "best_valid_acc": 0.4890282131661442, "_wandb": {"runtime": 281}}