{"epoch": 37, "train_loss_epoch": 0.44045397639274597, "train_auc_epoch": 0.8594902181138272, "train_acc_epoch": 0.7999687304565354, "valid_auc_epoch": 0.8023366496197346, "valid_acc_epoch": 0.7299596954769368, "_timestamp": 1669783856.7955816, "_runtime": 351.6007034778595, "_step": 37, "best_epoch": 27, "best_train_loss": 0.45326852798461914, "best_train_auc": 0.8497817392539961, "best_train_acc": 0.7927558890973525, "best_valid_auc": 0.8056400946409711, "best_valid_acc": 0.7389162561576355, "_wandb": {"runtime": 350}}