{"epoch": 17, "train_loss_epoch": 0.5687336325645447, "train_auc_epoch": 0.8018937668496391, "train_acc_epoch": 0.6365070479873798, "valid_auc_epoch": 0.7746538445486737, "valid_acc_epoch": 0.4890282131661442, "_timestamp": 1670537098.9900699, "_runtime": 192.22502183914185, "_step": 17, "best_epoch": 7, "best_train_loss": 0.5700621008872986, "best_train_auc": 0.7972645889662955, "best_train_acc": 0.6365070479873798, "best_valid_auc": 0.7827663864035468, "best_valid_acc": 0.4890282131661442, "_wandb": {"runtime": 191}}