{"epoch": 31, "train_loss_epoch": 0.5647619962692261, "train_auc_epoch": 0.8144605304126145, "train_acc_epoch": 0.6355229417862404, "valid_auc_epoch": 0.7739740539915825, "valid_acc_epoch": 0.4890282131661442, "_timestamp": 1670535873.1846852, "_runtime": 362.903911113739, "_step": 31, "best_epoch": 21, "best_train_loss": 0.569694459438324, "best_train_auc": 0.8087333256386504, "best_train_acc": 0.6355229417862404, "best_valid_auc": 0.7767682580346911, "best_valid_acc": 0.4890282131661442, "_wandb": {"runtime": 362}}