{"epoch": 17, "train_loss_epoch": 0.4283941388130188, "train_auc_epoch": 0.8687287353231714, "train_acc_epoch": 0.8047734551935782, "valid_auc_epoch": 0.796670390666885, "valid_acc_epoch": 0.7210031347962382, "_timestamp": 1669779425.646756, "_runtime": 135.08037090301514, "_step": 17, "best_epoch": 7, "best_train_loss": 0.45944347977638245, "best_train_auc": 0.8450259747129034, "best_train_acc": 0.790152906018413, "best_valid_auc": 0.7977803674560906, "best_valid_acc": 0.7236901030004478, "_wandb": {"runtime": 134}}