{"epoch": 43, "train_loss_epoch": 0.5607529282569885, "train_auc_epoch": 0.8172240754217373, "train_acc_epoch": 0.6415204146585433, "valid_auc_epoch": 0.7783585826968824, "valid_acc_epoch": 0.4890282131661442, "_timestamp": 1670528279.234051, "_runtime": 317.0444440841675, "_step": 43, "best_epoch": 33, "best_train_loss": 0.5647068619728088, "best_train_auc": 0.8150354006791227, "best_train_acc": 0.6415204146585433, "best_valid_auc": 0.7802318190135894, "best_valid_acc": 0.4890282131661442, "_wandb": {"runtime": 316}}