{"epoch": 14, "train_loss_epoch": 0.4603781998157501, "train_auc_epoch": 0.8432283505176567, "train_acc_epoch": 0.7893056829071555, "valid_auc_epoch": 0.8043960859473567, "valid_acc_epoch": 0.7299596954769368, "_timestamp": 1669839446.0899334, "_runtime": 204.44379448890686, "_step": 14, "best_epoch": 4, "best_train_loss": 0.4718950688838959, "best_train_auc": 0.8340872373032815, "best_train_acc": 0.7832387675888838, "best_valid_auc": 0.8051761997861911, "best_valid_acc": 0.7183161665920287, "_wandb": {"runtime": 204}}