{"epoch": 21, "train_loss_epoch": 0.4198916554450989, "train_auc_epoch": 0.8776657225621468, "train_acc_epoch": 0.8102148962799244, "valid_auc_epoch": 0.7900008988966045, "valid_acc_epoch": 0.7201074787281684, "_timestamp": 1669828270.580826, "_runtime": 93.60574793815613, "_step": 21, "best_epoch": 11, "best_train_loss": 0.4589618444442749, "best_train_auc": 0.8492687315627709, "best_train_acc": 0.7897371714643304, "best_valid_auc": 0.799760347744572, "best_valid_acc": 0.7263770712046574, "_wandb": {"runtime": 93}}