{"epoch": 25, "train_loss_epoch": 0.46283283829689026, "train_auc_epoch": 0.8412045390122952, "train_acc_epoch": 0.7873045653533458, "valid_auc_epoch": 0.8164669832066851, "valid_acc_epoch": 0.7402597402597403, "_timestamp": 1670125563.9512405, "_runtime": 554.2808616161346, "_step": 25, "best_epoch": 15, "best_train_loss": 0.4646476209163666, "best_train_auc": 0.8400013353989046, "best_train_acc": 0.7863247863247863, "best_valid_auc": 0.8188940040386139, "best_valid_acc": 0.7451858486341245, "_wandb": {"runtime": 554}}