{"epoch": 21, "train_loss_epoch": 0.44060811400413513, "train_auc_epoch": 0.8588733274329834, "train_acc_epoch": 0.7997563415736139, "valid_auc_epoch": 0.7989232502817079, "valid_acc_epoch": 0.7192118226600985, "_timestamp": 1669819155.7687182, "_runtime": 357.80126428604126, "_step": 21, "best_epoch": 11, "best_train_loss": 0.4555455148220062, "best_train_auc": 0.8472881239689163, "best_train_acc": 0.7916720454398761, "best_valid_auc": 0.8030300841431428, "best_valid_acc": 0.7223466188983431, "_wandb": {"runtime": 357}}