{"epoch": 26, "train_loss_epoch": 0.47785621881484985, "train_auc_epoch": 0.8276959428440742, "train_acc_epoch": 0.7813773276616868, "valid_auc_epoch": 0.8056200299846223, "valid_acc_epoch": 0.7317510076130765, "_timestamp": 1669912626.2295651, "_runtime": 423.9896891117096, "_step": 26, "best_epoch": 16, "best_train_loss": 0.4781036972999573, "best_train_auc": 0.8276458599686813, "best_train_acc": 0.7808533667932905, "best_valid_auc": 0.8065221369340564, "best_valid_acc": 0.7344379758172862, "_wandb": {"runtime": 423}}