{"epoch": 55, "train_loss_epoch": 0.4407149851322174, "train_auc_epoch": 0.8582479422976653, "train_acc_epoch": 0.7997121611897338, "valid_auc_epoch": 0.7931903766697808, "valid_acc_epoch": 0.716077026421854, "_timestamp": 1669755060.9006846, "_runtime": 807.3469576835632, "_step": 55, "best_epoch": 45, "best_train_loss": 0.445155531167984, "best_train_auc": 0.85503511736696, "best_train_acc": 0.7982603426291803, "best_valid_auc": 0.7953726086942563, "best_valid_acc": 0.7227944469323779, "_wandb": {"runtime": 806}}