{"epoch": 14, "train_loss_epoch": 0.433906614780426, "train_auc_epoch": 0.8646100358615038, "train_acc_epoch": 0.8003430883068336, "valid_auc_epoch": 0.8024064746238277, "valid_acc_epoch": 0.7250335871025526, "_timestamp": 1669735127.285477, "_runtime": 175.4060080051422, "_step": 14, "best_epoch": 4, "best_train_loss": 0.47219619154930115, "best_train_auc": 0.8357621189769249, "best_train_acc": 0.7816652584683923, "best_valid_auc": 0.8055397713592279, "best_valid_acc": 0.7357814599193909, "_wandb": {"runtime": 175}}