{"epoch": 71, "train_loss_epoch": 0.45822829008102417, "train_auc_epoch": 0.8443733097205804, "train_acc_epoch": 0.7908837749645499, "valid_auc_epoch": 0.810896232018055, "valid_acc_epoch": 0.7389162561576355, "_timestamp": 1670043631.4175255, "_runtime": 5823.608669519424, "_step": 71, "best_epoch": 61, "best_train_loss": 0.4612835645675659, "best_train_auc": 0.842022176381227, "best_train_acc": 0.7892265901286454, "best_valid_auc": 0.8120591795000207, "best_valid_acc": 0.735333631885356, "_wandb": {"runtime": 5824}}