{"epoch": 25, "train_loss_epoch": 0.5409738421440125, "train_auc_epoch": 0.7672917858174362, "train_acc_epoch": 0.7382077487575858, "valid_auc_epoch": 0.7388528795189618, "valid_acc_epoch": 0.6614420062695925, "_timestamp": 1669729346.5189164, "_runtime": 211.8091583251953, "_step": 25, "best_epoch": 15, "best_train_loss": 0.5492336750030518, "best_train_auc": 0.7578444122269514, "best_train_acc": 0.7319315725850764, "best_valid_auc": 0.7407750735971596, "best_valid_acc": 0.6560680698611733, "_wandb": {"runtime": 211}}