{"epoch": 34, "train_loss_epoch": 0.47430717945098877, "train_auc_epoch": 0.8298926287948722, "train_acc_epoch": 0.781276827999477, "valid_auc_epoch": 0.8060742938043551, "valid_acc_epoch": 0.729511867442902, "_timestamp": 1670079448.4804432, "_runtime": 2307.1945083141327, "_step": 34, "best_epoch": 24, "best_train_loss": 0.4743960201740265, "best_train_auc": 0.8297811028225754, "best_train_acc": 0.7815099295578462, "best_valid_auc": 0.8070004783414074, "best_valid_acc": 0.7321988356471115, "_wandb": {"runtime": 2307}}