{"epoch": 100, "train_loss_epoch": 0.4618234932422638, "train_auc_epoch": 0.8425454769074473, "train_acc_epoch": 0.7897195802063559, "valid_auc_epoch": 0.8007210434905438, "valid_acc_epoch": 0.7339901477832512, "_timestamp": 1669930962.6274383, "_runtime": 928.8978643417358, "_step": 100, "best_epoch": 100, "best_train_loss": 0.4618234932422638, "best_train_auc": 0.8425454769074473, "best_train_acc": 0.7897195802063559, "best_valid_auc": 0.8007210434905438, "best_valid_acc": 0.7339901477832512, "_wandb": {"runtime": 928}}