{"epoch": 23, "train_loss_epoch": 0.43106609582901, "train_auc_epoch": 0.868555266273269, "train_acc_epoch": 0.8030836443841194, "valid_auc_epoch": 0.8012314883480528, "valid_acc_epoch": 0.7259292431706225, "_timestamp": 1669867598.257496, "_runtime": 253.07020211219788, "_step": 23, "best_epoch": 13, "best_train_loss": 0.4453035891056061, "best_train_auc": 0.8583837787013274, "best_train_acc": 0.7968909060061079, "best_valid_auc": 0.8079603715011252, "best_valid_acc": 0.7344379758172862, "_wandb": {"runtime": 252}}