{"epoch": 100, "train_loss_epoch": 0.4694620966911316, "train_auc_epoch": 0.8415766590257578, "train_acc_epoch": 0.7904986464064274, "valid_auc_epoch": 0.754109241620197, "valid_acc_epoch": 0.6896551724137931, "_timestamp": 1670108144.8827336, "_runtime": 737.1279184818268, "_step": 100, "best_epoch": 93, "best_train_loss": 0.4737410545349121, "best_train_auc": 0.8382302225916378, "best_train_acc": 0.7888394026722557, "best_valid_auc": 0.7568167663478794, "best_valid_acc": 0.690103000447828, "_wandb": {"runtime": 736}}