{"epoch": 53, "train_loss_epoch": 0.5659679770469666, "train_auc_epoch": 0.8037163245720036, "train_acc_epoch": 0.648698026184255, "valid_auc_epoch": 0.7790548262721795, "valid_acc_epoch": 0.4890282131661442, "_timestamp": 1670417774.2625287, "_runtime": 2592.3580417633057, "_step": 53, "best_epoch": 43, "best_train_loss": 0.5662096738815308, "best_train_auc": 0.8041434105141122, "best_train_acc": 0.648698026184255, "best_valid_auc": 0.7832507472078023, "best_valid_acc": 0.4890282131661442, "_wandb": {"runtime": 2592}}