{"epoch": 100, "train_loss_epoch": 0.44768619537353516, "train_auc_epoch": 0.8533140544696346, "train_acc_epoch": 0.7956702633054323, "valid_auc_epoch": 0.8051537273710805, "valid_acc_epoch": 0.7339901477832512, "_timestamp": 1669910720.964927, "_runtime": 944.7967958450317, "_step": 100, "best_epoch": 91, "best_train_loss": 0.449901819229126, "best_train_auc": 0.8517087034393813, "best_train_acc": 0.7941850514906216, "best_valid_auc": 0.805861207153933, "best_valid_acc": 0.7330944917151814, "_wandb": {"runtime": 944}}