{"epoch": 24, "train_loss_epoch": 0.5573578476905823, "train_auc_epoch": 0.8103070945703434, "train_acc_epoch": 0.648698026184255, "valid_auc_epoch": 0.7740876199465156, "valid_acc_epoch": 0.4890282131661442, "_timestamp": 1670555380.3523755, "_runtime": 410.70403957366943, "_step": 24, "best_epoch": 14, "best_train_loss": 0.5593249201774597, "best_train_auc": 0.8127745698184522, "best_train_acc": 0.648698026184255, "best_valid_auc": 0.7844140959828952, "best_valid_acc": 0.4890282131661442, "_wandb": {"runtime": 410}}