{"epoch": 16, "train_loss_epoch": 0.5627783536911011, "train_auc_epoch": 0.8053426673358371, "train_acc_epoch": 0.6496382975067443, "valid_auc_epoch": 0.7797474582093339, "valid_acc_epoch": 0.4890282131661442, "_timestamp": 1670547429.8928406, "_runtime": 395.16556453704834, "_step": 16, "best_epoch": 6, "best_train_loss": 0.5652033090591431, "best_train_auc": 0.8033294835864184, "best_train_acc": 0.6496382975067443, "best_valid_auc": 0.7808080759439217, "best_valid_acc": 0.4890282131661442, "_wandb": {"runtime": 394}}