{"epoch": 20, "train_loss_epoch": 0.49774470925331116, "train_auc_epoch": 0.8099093295714495, "train_acc_epoch": 0.7708813831513847, "valid_auc_epoch": 0.7828574799433695, "valid_acc_epoch": 0.7084639498432602, "_timestamp": 1669878440.7720883, "_runtime": 1286.2430791854858, "_step": 20, "best_epoch": 10, "best_train_loss": 0.4985363781452179, "best_train_auc": 0.8091957241165562, "best_train_acc": 0.7696820596928229, "best_valid_auc": 0.7944985922637107, "best_valid_acc": 0.7107030900134348, "_wandb": {"runtime": 1286}}