{"epoch": 18, "train_loss_epoch": 0.4771997928619385, "train_auc_epoch": 0.8322070758986663, "train_acc_epoch": 0.7785798727268154, "valid_auc_epoch": 0.8099345879358605, "valid_acc_epoch": 0.7398009950248756, "_timestamp": 1669717317.0960648, "_runtime": 152.95009469985962, "_step": 18, "best_epoch": 13, "best_train_loss": 0.47893691062927246, "best_train_auc": 0.8306624977256463, "best_train_acc": 0.7781522750710567, "best_valid_auc": 0.8131509217335541, "best_valid_acc": 0.7432835820895523, "_wandb": {"runtime": 152}}