{"epoch": 16, "train_loss_epoch": 0.427467405796051, "train_auc_epoch": 0.8691957417787181, "train_acc_epoch": 0.8042604398699337, "valid_auc_epoch": 0.8003526563999832, "valid_acc_epoch": 0.7313031795790417, "_timestamp": 1669793209.107323, "_runtime": 171.58164882659912, "_step": 16, "best_epoch": 6, "best_train_loss": 0.4603869915008545, "best_train_auc": 0.8448035601353647, "best_train_acc": 0.7888854750748906, "best_valid_auc": 0.8063929205471713, "best_valid_acc": 0.729064039408867, "_wandb": {"runtime": 171}}