{"epoch": 40, "train_loss_epoch": 0.45305705070495605, "train_auc_epoch": 0.8484673736313743, "train_acc_epoch": 0.7917978889081156, "valid_auc_epoch": 0.8099796785160502, "valid_acc_epoch": 0.742498880429915, "_timestamp": 1669951518.6042452, "_runtime": 680.0158262252808, "_step": 40, "best_epoch": 30, "best_train_loss": 0.4578430950641632, "best_train_auc": 0.8446843138308815, "best_train_acc": 0.7892195881640423, "best_valid_auc": 0.8103207776739766, "best_valid_acc": 0.7389162561576355, "_wandb": {"runtime": 679}}