{"epoch": 92, "train_loss_epoch": 0.4574378728866577, "train_auc_epoch": 0.8440759641775176, "train_acc_epoch": 0.7882293280518775, "valid_auc_epoch": 0.8076056283768818, "valid_acc_epoch": 0.7339901477832512, "_timestamp": 1669807591.5818908, "_runtime": 2736.1762657165527, "_step": 92, "best_epoch": 82, "best_train_loss": 0.4588189721107483, "best_train_auc": 0.8430885478297928, "best_train_acc": 0.7876822821000176, "best_valid_auc": 0.8080438404715354, "best_valid_acc": 0.7330944917151814, "_wandb": {"runtime": 2736}}