{"epoch": 14, "train_loss_epoch": 0.47739177942276, "train_auc_epoch": 0.8313968066170195, "train_acc_epoch": 0.7785473156920396, "valid_auc_epoch": 0.8110697645703406, "valid_acc_epoch": 0.7383084577114428, "_timestamp": 1669718871.8720825, "_runtime": 107.9116804599762, "_step": 14, "best_epoch": 9, "best_train_loss": 0.480354368686676, "best_train_auc": 0.8294955647715124, "best_train_acc": 0.775868452575411, "best_valid_auc": 0.8124817649805975, "best_valid_acc": 0.7378109452736319, "_wandb": {"runtime": 106}}