{"epoch": 40, "train_loss_epoch": 0.4819970726966858, "train_auc_epoch": 0.826451209183835, "train_acc_epoch": 0.7780260571205294, "valid_auc_epoch": 0.8019048582151125, "valid_acc_epoch": 0.7299596954769368, "_timestamp": 1669737592.1452296, "_runtime": 319.4417054653168, "_step": 40, "best_epoch": 30, "best_train_loss": 0.4818253517150879, "best_train_auc": 0.8266195587588689, "best_train_acc": 0.7781847930937641, "best_valid_auc": 0.8058174662030929, "best_valid_acc": 0.7330944917151814, "_wandb": {"runtime": 319}}