{"epoch": 39, "train_loss_epoch": 0.44136741757392883, "train_auc_epoch": 0.8567597138935412, "train_acc_epoch": 0.7988925419622772, "valid_auc_epoch": 0.8176066556872866, "valid_acc_epoch": 0.7429467084639498, "_timestamp": 1669749905.2375653, "_runtime": 731.3270833492279, "_step": 39, "best_epoch": 29, "best_train_loss": 0.45128321647644043, "best_train_auc": 0.8493501661778076, "best_train_acc": 0.7923602699428967, "best_valid_auc": 0.8187864574805855, "best_valid_acc": 0.74205105239588, "_wandb": {"runtime": 730}}