{"epoch": 18, "train_loss_epoch": 0.42613229155540466, "train_auc_epoch": 0.8720542526101924, "train_acc_epoch": 0.8053085274701293, "valid_auc_epoch": 0.8000548968997698, "valid_acc_epoch": 0.7201074787281684, "_timestamp": 1670051665.3305063, "_runtime": 362.63347339630127, "_step": 18, "best_epoch": 8, "best_train_loss": 0.4574035406112671, "best_train_auc": 0.8489692029571754, "best_train_acc": 0.7902777020022914, "best_valid_auc": 0.8065325705553575, "best_valid_acc": 0.7304075235109718, "_wandb": {"runtime": 362}}