{"epoch": 73, "train_loss_epoch": 0.479439914226532, "train_auc_epoch": 0.8308064514760233, "train_acc_epoch": 0.7757632691404415, "valid_auc_epoch": 0.8036712010666677, "valid_acc_epoch": 0.7398009950248756, "_timestamp": 1669716723.224266, "_runtime": 396.29453897476196, "_step": 73, "best_epoch": 68, "best_train_loss": 0.48173654079437256, "best_train_auc": 0.8288161155359045, "best_train_acc": 0.7738844527947393, "best_valid_auc": 0.8037309472053246, "best_valid_acc": 0.7402985074626866, "_wandb": {"runtime": 395}}