{"epoch": 15, "train_loss_epoch": 0.4579514265060425, "train_auc_epoch": 0.843613324073752, "train_acc_epoch": 0.7897466888250995, "valid_auc_epoch": 0.8116473105773568, "valid_acc_epoch": 0.7383084577114428, "_timestamp": 1669712841.127517, "_runtime": 207.35126900672913, "_step": 15, "best_epoch": 10, "best_train_loss": 0.4616512656211853, "best_train_auc": 0.8407931796897511, "best_train_acc": 0.7872958318644978, "best_valid_auc": 0.8131499259645765, "best_valid_acc": 0.7402985074626866, "_wandb": {"runtime": 206}}