{"epoch": 20, "train_loss_epoch": 0.4313375949859619, "train_auc_epoch": 0.8687647477486689, "train_acc_epoch": 0.8061956387320169, "valid_auc_epoch": 0.7996335391164487, "valid_acc_epoch": 0.7263770712046574, "_timestamp": 1669849407.1311533, "_runtime": 108.03495645523071, "_step": 20, "best_epoch": 10, "best_train_loss": 0.46049103140830994, "best_train_auc": 0.8466697022560534, "best_train_acc": 0.789583247454553, "best_valid_auc": 0.8011319676525637, "best_valid_acc": 0.7268248992386923, "_wandb": {"runtime": 107}}