{"epoch": 33, "train_loss_epoch": 0.44004419445991516, "train_auc_epoch": 0.8612176926998256, "train_acc_epoch": 0.7991997817586615, "valid_auc_epoch": 0.7940234612013755, "valid_acc_epoch": 0.7223466188983431, "_timestamp": 1669812810.8644972, "_runtime": 346.4135432243347, "_step": 33, "best_epoch": 23, "best_train_loss": 0.45898380875587463, "best_train_auc": 0.8468549194360523, "best_train_acc": 0.7895971628625988, "best_valid_auc": 0.7953822397293037, "best_valid_acc": 0.7205553067622034, "_wandb": {"runtime": 346}}