{"epoch": 37, "train_loss_epoch": 0.4550465941429138, "train_auc_epoch": 0.8461796636027106, "train_acc_epoch": 0.7916981732797389, "valid_auc_epoch": 0.8077950387328126, "valid_acc_epoch": 0.7321988356471115, "_timestamp": 1669767223.4870062, "_runtime": 1111.8401463031769, "_step": 37, "best_epoch": 27, "best_train_loss": 0.45851242542266846, "best_train_auc": 0.8434890819798673, "best_train_acc": 0.7900209791402533, "best_valid_auc": 0.8087461034437372, "best_valid_acc": 0.7362292879534259, "_wandb": {"runtime": 1111}}