{"epoch": 42, "train_loss_epoch": 0.46946901082992554, "train_auc_epoch": 0.8355930464959151, "train_acc_epoch": 0.7843000324582714, "valid_auc_epoch": 0.8084098198033343, "valid_acc_epoch": 0.7375727720555306, "_timestamp": 1669741254.2228367, "_runtime": 438.466757774353, "_step": 42, "best_epoch": 32, "best_train_loss": 0.4695126712322235, "best_train_auc": 0.835364274741722, "best_train_acc": 0.7839754497437764, "best_valid_auc": 0.8111249691004292, "best_valid_acc": 0.7384684281236006, "_wandb": {"runtime": 438}}