{"epoch": 86, "train_loss_epoch": 0.4531778395175934, "train_auc_epoch": 0.8506762058897808, "train_acc_epoch": 0.7944333272694197, "valid_auc_epoch": 0.8040678281694935, "valid_acc_epoch": 0.729064039408867, "_timestamp": 1669859991.3445222, "_runtime": 603.1067183017731, "_step": 86, "best_epoch": 76, "best_train_loss": 0.457235723733902, "best_train_auc": 0.8475220607801843, "best_train_acc": 0.7924042484711941, "best_valid_auc": 0.805191448925016, "best_valid_acc": 0.7299596954769368, "_wandb": {"runtime": 602}}