{"epoch": 20, "train_loss_epoch": 0.4524003565311432, "train_auc_epoch": 0.8488610780418406, "train_acc_epoch": 0.7928575841192702, "valid_auc_epoch": 0.804072643687017, "valid_acc_epoch": 0.7232422749664129, "_timestamp": 1669757816.450656, "_runtime": 351.25428891181946, "_step": 20, "best_epoch": 10, "best_train_loss": 0.4593356251716614, "best_train_auc": 0.843700627987972, "best_train_acc": 0.7894650137967959, "best_valid_auc": 0.8063190826118082, "best_valid_acc": 0.7357814599193909, "_wandb": {"runtime": 350}}