{"epoch": 31, "train_loss_epoch": 0.456171452999115, "train_auc_epoch": 0.8459697176667015, "train_acc_epoch": 0.7910403195914502, "valid_auc_epoch": 0.8101891535283295, "valid_acc_epoch": 0.7366771159874608, "_timestamp": 1669841090.825373, "_runtime": 569.2396769523621, "_step": 31, "best_epoch": 21, "best_train_loss": 0.4615212380886078, "best_train_auc": 0.8418239332123145, "best_train_acc": 0.7878073390717022, "best_valid_auc": 0.8115174337786082, "best_valid_acc": 0.7268248992386923, "_wandb": {"runtime": 568}}