{"epoch": 54, "train_loss_epoch": 0.449930340051651, "train_auc_epoch": 0.8512058711497021, "train_acc_epoch": 0.7940965289321229, "valid_auc_epoch": 0.8082452896212756, "valid_acc_epoch": 0.7393640841916704, "_timestamp": 1670055339.604045, "_runtime": 505.78394389152527, "_step": 54, "best_epoch": 44, "best_train_loss": 0.45491212606430054, "best_train_auc": 0.847298562300457, "best_train_acc": 0.7914506880169964, "best_valid_auc": 0.8094058293444796, "best_valid_acc": 0.7393640841916704, "_wandb": {"runtime": 505}}