{"epoch": 29, "train_loss_epoch": 0.5641797184944153, "train_auc_epoch": 0.8045464201812084, "train_acc_epoch": 0.6489345960343297, "valid_auc_epoch": 0.7674450148157423, "valid_acc_epoch": 0.4890282131661442, "_timestamp": 1670411886.374787, "_runtime": 1040.2783331871033, "_step": 29, "best_epoch": 19, "best_train_loss": 0.5698898434638977, "best_train_auc": 0.7980604645719158, "best_train_acc": 0.6489345960343297, "best_valid_auc": 0.7767867175185317, "best_valid_acc": 0.4890282131661442, "_wandb": {"runtime": 1040}}