{"epoch": 69, "train_loss_epoch": 0.4582675099372864, "train_auc_epoch": 0.8441149286885989, "train_acc_epoch": 0.7902657764858088, "valid_auc_epoch": 0.8191885531938117, "valid_acc_epoch": 0.741603224361845, "_timestamp": 1670091770.2930932, "_runtime": 1503.8587040901184, "_step": 69, "best_epoch": 59, "best_train_loss": 0.4576404392719269, "best_train_auc": 0.8444755869751042, "best_train_acc": 0.7906131706304206, "best_valid_auc": 0.820592276551961, "best_valid_acc": 0.7433945364979848, "_wandb": {"runtime": 1503}}