{"epoch": 83, "train_loss_epoch": 0.5686399936676025, "train_auc_epoch": 0.8130584424389751, "train_acc_epoch": 0.6384846860958819, "valid_auc_epoch": 0.7695160886440465, "valid_acc_epoch": 0.4890282131661442, "_timestamp": 1670545818.2875335, "_runtime": 417.28215861320496, "_step": 83, "best_epoch": 73, "best_train_loss": 0.5716698169708252, "best_train_auc": 0.8106487027281581, "best_train_acc": 0.6384846860958819, "best_valid_auc": 0.7703620145557042, "best_valid_acc": 0.4890282131661442, "_wandb": {"runtime": 416}}