{"epoch": 17, "train_loss_epoch": 0.4890980124473572, "train_auc_epoch": 0.8193158878617353, "train_acc_epoch": 0.7771691237087026, "valid_auc_epoch": 0.7930467137303246, "valid_acc_epoch": 0.7201074787281684, "_timestamp": 1669981123.4274406, "_runtime": 1254.2648186683655, "_step": 17, "best_epoch": 7, "best_train_loss": 0.4891289174556732, "best_train_auc": 0.819212863794513, "best_train_acc": 0.777763248412351, "best_valid_auc": 0.7968838786104343, "best_valid_acc": 0.7183161665920287, "_wandb": {"runtime": 1254}}