{"epoch": 22, "train_loss_epoch": 0.5621792078018188, "train_auc_epoch": 0.8059296331956156, "train_acc_epoch": 0.6470398165520117, "valid_auc_epoch": 0.770089937815617, "valid_acc_epoch": 0.4890282131661442, "_timestamp": 1670536205.720524, "_runtime": 298.32023096084595, "_step": 22, "best_epoch": 12, "best_train_loss": 0.5636376738548279, "best_train_auc": 0.8080603964034099, "best_train_acc": 0.6470398165520117, "best_valid_auc": 0.7729022000494394, "best_valid_acc": 0.4890282131661442, "_wandb": {"runtime": 297}}