{"epoch": 34, "train_loss_epoch": 0.4431813955307007, "train_auc_epoch": 0.8582282637214642, "train_acc_epoch": 0.7986209458361386, "valid_auc_epoch": 0.7945082232987579, "valid_acc_epoch": 0.7218987908643081, "_timestamp": 1669825613.8354762, "_runtime": 379.7122690677643, "_step": 34, "best_epoch": 24, "best_train_loss": 0.45506420731544495, "best_train_auc": 0.8486767769397721, "best_train_acc": 0.7912729552155643, "best_valid_auc": 0.7996881149817172, "best_valid_acc": 0.7210031347962382, "_wandb": {"runtime": 379}}