{"epoch": 23, "train_loss_epoch": 0.4769224524497986, "train_auc_epoch": 0.8281936781787934, "train_acc_epoch": 0.7805467265089684, "valid_auc_epoch": 0.800212203805543, "valid_acc_epoch": 0.7263770712046574, "_timestamp": 1669805109.3422341, "_runtime": 529.6810491085052, "_step": 23, "best_epoch": 13, "best_train_loss": 0.47728216648101807, "best_train_auc": 0.8280385952952147, "best_train_acc": 0.7802113114727914, "best_valid_auc": 0.8073223154292393, "best_valid_acc": 0.7335423197492164, "_wandb": {"runtime": 529}}