{"epoch": 19, "train_loss_epoch": 0.4470680356025696, "train_auc_epoch": 0.8555426003963735, "train_acc_epoch": 0.7977078406403493, "valid_auc_epoch": 0.8012298831755449, "valid_acc_epoch": 0.7281683833407971, "_timestamp": 1670062210.3856893, "_runtime": 138.9304382801056, "_step": 19, "best_epoch": 9, "best_train_loss": 0.4660964906215668, "best_train_auc": 0.8406007811307465, "best_train_acc": 0.7877443640587174, "best_valid_auc": 0.8040854850670802, "best_valid_acc": 0.7308553515450067, "_wandb": {"runtime": 138}}