{"epoch": 25, "train_loss_epoch": 0.44048213958740234, "train_auc_epoch": 0.8574921274928706, "train_acc_epoch": 0.8008200502280765, "valid_auc_epoch": 0.8121787648518586, "valid_acc_epoch": 0.74205105239588, "_timestamp": 1669871365.5466328, "_runtime": 3008.151414871216, "_step": 25, "best_epoch": 15, "best_train_loss": 0.44167235493659973, "best_train_auc": 0.8554332404583394, "best_train_acc": 0.7988143440452394, "best_valid_auc": 0.8207295188013856, "best_valid_acc": 0.7380206000895656, "_wandb": {"runtime": 3008}}