{"epoch": 11, "train_loss_epoch": 0.6682268977165222, "train_auc_epoch": 0.5027055650924077, "train_acc_epoch": 0.6269655488270317, "valid_auc_epoch": 0.5, "valid_acc_epoch": 0.4890282131661442, "_timestamp": 1669877159.736708, "_runtime": 481.74938201904297, "_step": 11, "best_epoch": 1, "best_train_loss": 0.6623275279998779, "best_train_auc": 0.5011902811991729, "best_train_acc": 0.6325886723321968, "best_valid_auc": 0.5, "best_valid_acc": 0.4890282131661442, "_wandb": {"runtime": 481}}