{"epoch": 43, "train_loss_epoch": 0.5871491432189941, "train_auc_epoch": 0.7566315537514587, "train_acc_epoch": 0.6501230889936267, "valid_auc_epoch": 0.7485075908607898, "valid_acc_epoch": 0.4890282131661442, "_timestamp": 1670395005.9937546, "_runtime": 3298.112968683243, "_step": 43, "best_epoch": 33, "best_train_loss": 0.5877722501754761, "best_train_auc": 0.7575761056283585, "best_train_acc": 0.6501230889936267, "best_valid_auc": 0.7537436635815251, "best_valid_acc": 0.4890282131661442, "_wandb": {"runtime": 3298}}