{"epoch": 34, "train_loss_epoch": 0.45747050642967224, "train_auc_epoch": 0.844002469502231, "train_acc_epoch": 0.7907729146293537, "valid_auc_epoch": 0.8176046492216519, "valid_acc_epoch": 0.7398119122257053, "_timestamp": 1670088034.0986695, "_runtime": 681.6501085758209, "_step": 34, "best_epoch": 24, "best_train_loss": 0.45504245162010193, "best_train_auc": 0.8459346712371694, "best_train_acc": 0.791951890474058, "best_valid_auc": 0.8190384695643241, "best_valid_acc": 0.7429467084639498, "_wandb": {"runtime": 681}}