{"epoch": 35, "train_loss_epoch": 0.46416541934013367, "train_auc_epoch": 0.8386699196731293, "train_acc_epoch": 0.7870056207609383, "valid_auc_epoch": 0.8157253935080404, "valid_acc_epoch": 0.74205105239588, "_timestamp": 1670113715.0869389, "_runtime": 1990.6381578445435, "_step": 35, "best_epoch": 25, "best_train_loss": 0.4647882282733917, "best_train_auc": 0.8382759725449804, "best_train_acc": 0.7866024293988007, "best_valid_auc": 0.8192326954377787, "best_valid_acc": 0.7402597402597403, "_wandb": {"runtime": 1990}}