{"epoch": 11, "train_loss_epoch": 0.6496646404266357, "train_auc_epoch": 0.5017798634780704, "train_acc_epoch": 0.646922448104421, "valid_auc_epoch": 0.5, "valid_acc_epoch": 0.4890282131661442, "_timestamp": 1669729519.5509565, "_runtime": 140.82706141471863, "_step": 11, "best_epoch": 1, "best_train_loss": 0.6646226048469543, "best_train_auc": 0.4996273934380842, "best_train_acc": 0.6412270004422348, "best_valid_auc": 0.5, "best_valid_acc": 0.4890282131661442, "_wandb": {"runtime": 140}}