{"epoch": 26, "train_loss_epoch": 0.4469209313392639, "train_auc_epoch": 0.8551790672931259, "train_acc_epoch": 0.7981311645613428, "valid_auc_epoch": 0.7897970419881025, "valid_acc_epoch": 0.7187639946260636, "_timestamp": 1669764780.4584403, "_runtime": 290.3389472961426, "_step": 26, "best_epoch": 16, "best_train_loss": 0.456223726272583, "best_train_auc": 0.8480474335873831, "best_train_acc": 0.7936667243467728, "best_valid_auc": 0.7899551514801296, "best_valid_acc": 0.7254814151365876, "_wandb": {"runtime": 289}}