{"epoch": 29, "train_loss_epoch": 0.45571666955947876, "train_auc_epoch": 0.8451163868678839, "train_acc_epoch": 0.7888009142951279, "valid_auc_epoch": 0.8094178681382889, "valid_acc_epoch": 0.7335423197492164, "_timestamp": 1670058811.019799, "_runtime": 2850.525535106659, "_step": 29, "best_epoch": 19, "best_train_loss": 0.4610559046268463, "best_train_auc": 0.8410861954951558, "best_train_acc": 0.7863916230797743, "best_valid_auc": 0.8104933337185747, "best_valid_acc": 0.7348858038513211, "_wandb": {"runtime": 2851}}