{"epoch": 27, "train_loss_epoch": 0.5688319206237793, "train_auc_epoch": 0.7976340859980829, "train_acc_epoch": 0.6512702236345309, "valid_auc_epoch": 0.7749010411148887, "valid_acc_epoch": 0.4890282131661442, "_timestamp": 1670464744.5862327, "_runtime": 1964.4084916114807, "_step": 27, "best_epoch": 17, "best_train_loss": 0.5689424872398376, "best_train_auc": 0.7984290328860433, "best_train_acc": 0.6512702236345309, "best_valid_auc": 0.7791479262776371, "best_valid_acc": 0.4890282131661442, "_wandb": {"runtime": 1964}}