{"epoch": 17, "train_loss_epoch": 0.47785186767578125, "train_auc_epoch": 0.827575440798288, "train_acc_epoch": 0.7811903086357695, "valid_auc_epoch": 0.8054691437688808, "valid_acc_epoch": 0.7317510076130765, "_timestamp": 1670093235.3433414, "_runtime": 699.3840174674988, "_step": 17, "best_epoch": 7, "best_train_loss": 0.4781701862812042, "best_train_auc": 0.8274343751927681, "best_train_acc": 0.7807104928850178, "best_valid_auc": 0.8056577515385578, "best_valid_acc": 0.7317510076130765, "_wandb": {"runtime": 699}}