{"epoch": 20, "train_loss_epoch": 0.44310563802719116, "train_auc_epoch": 0.8558449652386046, "train_acc_epoch": 0.7980078524447363, "valid_auc_epoch": 0.8085895991242179, "valid_acc_epoch": 0.7308553515450067, "_timestamp": 1669807939.7639055, "_runtime": 299.6068115234375, "_step": 20, "best_epoch": 10, "best_train_loss": 0.45395368337631226, "best_train_auc": 0.8475219467484755, "best_train_acc": 0.7928949262097436, "best_valid_auc": 0.8086682525771044, "best_valid_acc": 0.7344379758172862, "_wandb": {"runtime": 299}}