{"epoch": 24, "train_loss_epoch": 0.444720596075058, "train_auc_epoch": 0.8576554467564599, "train_acc_epoch": 0.7976700385795438, "valid_auc_epoch": 0.8002820288096362, "valid_acc_epoch": 0.7313031795790417, "_timestamp": 1669826997.6909232, "_runtime": 165.1628701686859, "_step": 24, "best_epoch": 14, "best_train_loss": 0.46021148562431335, "best_train_auc": 0.8458341842639879, "best_train_acc": 0.7893617667608372, "best_valid_auc": 0.8081923189285153, "best_valid_acc": 0.7308553515450067, "_wandb": {"runtime": 164}}