{"epoch": 19, "train_loss_epoch": 0.5593808889389038, "train_auc_epoch": 0.8135010655772301, "train_acc_epoch": 0.6467624730109349, "valid_auc_epoch": 0.7670019872035649, "valid_acc_epoch": 0.4890282131661442, "_timestamp": 1670471170.7564852, "_runtime": 244.54727220535278, "_step": 19, "best_epoch": 9, "best_train_loss": 0.5687310099601746, "best_train_auc": 0.8049663877982955, "best_train_acc": 0.6467624730109349, "best_valid_auc": 0.7721850892315397, "best_valid_acc": 0.4890282131661442, "_wandb": {"runtime": 244}}