{"epoch": 87, "train_loss_epoch": 0.4526810944080353, "train_auc_epoch": 0.8498950083209351, "train_acc_epoch": 0.7939454041087629, "valid_auc_epoch": 0.8087858314633074, "valid_acc_epoch": 0.7371249440214958, "_timestamp": 1669946682.503027, "_runtime": 619.4785220623016, "_step": 87, "best_epoch": 77, "best_train_loss": 0.4567129611968994, "best_train_auc": 0.8468878733702179, "best_train_acc": 0.7913858029241099, "best_valid_auc": 0.809777426780056, "best_valid_acc": 0.7339901477832512, "_wandb": {"runtime": 618}}