{"epoch": 17, "train_loss_epoch": 0.5679387450218201, "train_auc_epoch": 0.8056172907016126, "train_acc_epoch": 0.6492469480248956, "valid_auc_epoch": 0.7640460620302864, "valid_acc_epoch": 0.4890282131661442, "_timestamp": 1670492664.06612, "_runtime": 703.6670289039612, "_step": 17, "best_epoch": 7, "best_train_loss": 0.5724542737007141, "best_train_auc": 0.798908758731825, "best_train_acc": 0.6492469480248956, "best_valid_auc": 0.7684723252207915, "best_valid_acc": 0.4890282131661442, "_wandb": {"runtime": 703}}