{"epoch": 24, "train_loss_epoch": 0.48261770606040955, "train_auc_epoch": 0.825687119293392, "train_acc_epoch": 0.7773300609301929, "valid_auc_epoch": 0.8033655651972917, "valid_acc_epoch": 0.7326466636811464, "_timestamp": 1670081396.98926, "_runtime": 197.97058486938477, "_step": 24, "best_epoch": 14, "best_train_loss": 0.48296910524368286, "best_train_auc": 0.8253348462625865, "best_train_acc": 0.7774887969034274, "best_valid_auc": 0.8059450774174701, "best_valid_acc": 0.7317510076130765, "_wandb": {"runtime": 197}}