{"epoch": 98, "train_loss_epoch": 0.4577133059501648, "train_auc_epoch": 0.8455836928276748, "train_acc_epoch": 0.7929075507189658, "valid_auc_epoch": 0.8124612752132472, "valid_acc_epoch": 0.7330944917151814, "_timestamp": 1669848746.288696, "_runtime": 1381.8868939876556, "_step": 98, "best_epoch": 88, "best_train_loss": 0.45946887135505676, "best_train_auc": 0.8440069761262838, "best_train_acc": 0.7918975899811895, "best_valid_auc": 0.8151651883027868, "best_valid_acc": 0.7407075682937752, "_wandb": {"runtime": 1381}}