{"epoch": 60, "train_loss_epoch": 0.4632285535335541, "train_auc_epoch": 0.8417123231717833, "train_acc_epoch": 0.7884631784818834, "valid_auc_epoch": 0.8086513982657716, "valid_acc_epoch": 0.7362292879534259, "_timestamp": 1669861612.6183422, "_runtime": 4620.976597070694, "_step": 60, "best_epoch": 50, "best_train_loss": 0.462334007024765, "best_train_auc": 0.8407070588174346, "best_train_acc": 0.7873403112190075, "best_valid_auc": 0.81018514059706, "best_valid_acc": 0.7380206000895656, "_wandb": {"runtime": 4621}}