{"epoch": 19, "train_loss_epoch": 0.4565564692020416, "train_auc_epoch": 0.8450748996931197, "train_acc_epoch": 0.7904908342302632, "valid_auc_epoch": 0.8051457015085411, "valid_acc_epoch": 0.7330944917151814, "_timestamp": 1670053003.91142, "_runtime": 507.9558072090149, "_step": 19, "best_epoch": 9, "best_train_loss": 0.4661310911178589, "best_train_auc": 0.8375405563987854, "best_train_acc": 0.7856457041327115, "best_valid_auc": 0.8062588886427624, "best_valid_acc": 0.7330944917151814, "_wandb": {"runtime": 507}}