{"epoch": 20, "train_loss_epoch": 0.46767300367355347, "train_auc_epoch": 0.8405026086919458, "train_acc_epoch": 0.7811849590675732, "valid_auc_epoch": 0.8022353022009482, "valid_acc_epoch": 0.7338308457711443, "_timestamp": 1669710665.4782603, "_runtime": 319.6615912914276, "_step": 20, "best_epoch": 15, "best_train_loss": 0.474796324968338, "best_train_auc": 0.834824462292013, "best_train_acc": 0.7779936173164979, "best_valid_auc": 0.8034710515021674, "best_valid_acc": 0.7338308457711443, "_wandb": {"runtime": 319}}