{"epoch": 59, "train_loss_epoch": 0.4518616199493408, "train_auc_epoch": 0.8494456759650528, "train_acc_epoch": 0.7945667394258885, "valid_auc_epoch": 0.8051248342659385, "valid_acc_epoch": 0.7308553515450067, "_timestamp": 1669855398.3777502, "_runtime": 1016.568608045578, "_step": 59, "best_epoch": 49, "best_train_loss": 0.4548824727535248, "best_train_auc": 0.8471290224459163, "best_train_acc": 0.7930943947942836, "best_valid_auc": 0.8053856747984707, "best_valid_acc": 0.7313031795790417, "_wandb": {"runtime": 1016}}