{"epoch": 47, "train_loss_epoch": 0.45072364807128906, "train_auc_epoch": 0.8493845142335563, "train_acc_epoch": 0.7937723296006868, "valid_auc_epoch": 0.8117549993097759, "valid_acc_epoch": 0.7326466636811464, "_timestamp": 1669825519.7600174, "_runtime": 770.3784894943237, "_step": 47, "best_epoch": 37, "best_train_loss": 0.4540979862213135, "best_train_auc": 0.8467555991472173, "best_train_acc": 0.7929896100289101, "best_valid_auc": 0.8133810390602679, "best_valid_acc": 0.735333631885356, "_wandb": {"runtime": 770}}