{"epoch": 44, "train_loss_epoch": 0.46185851097106934, "train_auc_epoch": 0.841792293844744, "train_acc_epoch": 0.7881198767313115, "valid_auc_epoch": 0.8134428382018215, "valid_acc_epoch": 0.7339901477832512, "_timestamp": 1669770835.3997333, "_runtime": 1796.3199563026428, "_step": 44, "best_epoch": 34, "best_train_loss": 0.4639509320259094, "best_train_auc": 0.8402058099072927, "best_train_acc": 0.7877889540775875, "best_valid_auc": 0.8149428719104441, "best_valid_acc": 0.7375727720555306, "_wandb": {"runtime": 1796}}