{"epoch": 15, "train_loss_epoch": 0.4860086441040039, "train_auc_epoch": 0.822800463113539, "train_acc_epoch": 0.777475505524286, "valid_auc_epoch": 0.7915386541591625, "valid_acc_epoch": 0.7223466188983431, "_timestamp": 1670076117.323369, "_runtime": 138.75177192687988, "_step": 15, "best_epoch": 5, "best_train_loss": 0.48727643489837646, "best_train_auc": 0.8217539969968062, "best_train_acc": 0.7766937669376693, "best_valid_auc": 0.7980973890263987, "best_valid_acc": 0.7268248992386923, "_wandb": {"runtime": 138}}