{"epoch": 43, "train_loss_epoch": 0.38496890664100647, "train_auc_epoch": 0.895678501178143, "train_acc_epoch": 0.8250374330054155, "valid_auc_epoch": 0.7875786935821993, "valid_acc_epoch": 0.7183161665920287, "_timestamp": 1669979835.3988564, "_runtime": 990.5544073581696, "_step": 43, "best_epoch": 33, "best_train_loss": 0.444576621055603, "best_train_auc": 0.8560860419494736, "best_train_acc": 0.7988693133317474, "best_valid_auc": 0.8186757005775411, "best_valid_acc": 0.7433945364979848, "_wandb": {"runtime": 990}}