{"epoch": 53, "train_loss_epoch": 0.4500979483127594, "train_auc_epoch": 0.8501717245037541, "train_acc_epoch": 0.7934874344386927, "valid_auc_epoch": 0.8077011361411011, "valid_acc_epoch": 0.728616211374832, "_timestamp": 1669912166.5675614, "_runtime": 1408.9110224246979, "_step": 53, "best_epoch": 43, "best_train_loss": 0.45105406641960144, "best_train_auc": 0.8494635736429605, "best_train_acc": 0.7937402832590162, "best_valid_auc": 0.8089315008683984, "best_valid_acc": 0.7384684281236006, "_wandb": {"runtime": 1408}}