{"epoch": 25, "train_loss_epoch": 0.6592421531677246, "train_auc_epoch": 0.5015469768349673, "train_acc_epoch": 0.6313789520558112, "valid_auc_epoch": 0.5, "valid_acc_epoch": 0.4890282131661442, "_timestamp": 1670053291.917565, "_runtime": 253.1676151752472, "_step": 25, "best_epoch": 15, "best_train_loss": 0.8573797345161438, "best_train_auc": 0.5026564009624244, "best_train_acc": 0.5782989461184503, "best_valid_auc": 0.6099306404959342, "best_valid_acc": 0.5109717868338558, "_wandb": {"runtime": 252}}