{"epoch": 12, "train_loss_epoch": 0.4806818664073944, "train_auc_epoch": 0.825302265522786, "train_acc_epoch": 0.7795944168246972, "valid_auc_epoch": 0.7998390011974587, "valid_acc_epoch": 0.7299596954769368, "_timestamp": 1669927449.2586758, "_runtime": 722.5944128036499, "_step": 12, "best_epoch": 2, "best_train_loss": 0.4839354157447815, "best_train_auc": 0.821996699738192, "best_train_acc": 0.7776775494165684, "best_valid_auc": 0.8025380987694747, "best_valid_acc": 0.7299596954769368, "_wandb": {"runtime": 722}}