{"epoch": 24, "train_loss_epoch": 0.4056265950202942, "train_auc_epoch": 0.8882230261880495, "train_acc_epoch": 0.8184252363818927, "valid_auc_epoch": 0.7764476248262402, "valid_acc_epoch": 0.7071204657411554, "_timestamp": 1670062350.6805413, "_runtime": 106.8071722984314, "_step": 24, "best_epoch": 14, "best_train_loss": 0.44140124320983887, "best_train_auc": 0.8639686803979334, "best_train_acc": 0.8014392101079407, "best_valid_auc": 0.7836275614540295, "best_valid_acc": 0.7107030900134348, "_wandb": {"runtime": 106}}