{"epoch": 33, "train_loss_epoch": 0.44814959168434143, "train_auc_epoch": 0.8544751810697171, "train_acc_epoch": 0.7962267357865216, "valid_auc_epoch": 0.8042363712828217, "valid_acc_epoch": 0.7299596954769368, "_timestamp": 1669944968.8402267, "_runtime": 380.72950768470764, "_step": 33, "best_epoch": 23, "best_train_loss": 0.46113157272338867, "best_train_auc": 0.8444094338051669, "best_train_acc": 0.7890371377581371, "best_valid_auc": 0.8045365385417971, "best_valid_acc": 0.728616211374832, "_wandb": {"runtime": 380}}