{"epoch": 22, "train_loss_epoch": 0.44341081380844116, "train_auc_epoch": 0.8546245603608466, "train_acc_epoch": 0.7962450063835921, "valid_auc_epoch": 0.8117212906871101, "valid_acc_epoch": 0.7281683833407971, "_timestamp": 1670118792.796115, "_runtime": 421.58199882507324, "_step": 22, "best_epoch": 12, "best_train_loss": 0.45131611824035645, "best_train_auc": 0.8490492401870912, "best_train_acc": 0.7924714797578354, "best_valid_auc": 0.815744655578135, "best_valid_acc": 0.7339901477832512, "_wandb": {"runtime": 421}}