{"epoch": 91, "train_loss_epoch": 0.45095670223236084, "train_auc_epoch": 0.8493074018790168, "train_acc_epoch": 0.7928826473954863, "valid_auc_epoch": 0.8054137653173588, "valid_acc_epoch": 0.7348858038513211, "_timestamp": 1669891068.2491431, "_runtime": 2332.120372056961, "_step": 91, "best_epoch": 81, "best_train_loss": 0.45262637734413147, "best_train_auc": 0.8479258080096409, "best_train_acc": 0.7920352621598072, "best_valid_auc": 0.8055823084306871, "best_valid_acc": 0.729064039408867, "_wandb": {"runtime": 2331}}