{"epoch": 36, "train_loss_epoch": 0.471085786819458, "train_auc_epoch": 0.833516506035023, "train_acc_epoch": 0.7849511501868996, "valid_auc_epoch": 0.8114002561855324, "valid_acc_epoch": 0.7335423197492164, "_timestamp": 1669898271.017324, "_runtime": 2604.533931016922, "_step": 36, "best_epoch": 26, "best_train_loss": 0.4711427092552185, "best_train_auc": 0.8335646684962605, "best_train_acc": 0.7848780354058328, "best_valid_auc": 0.8169108134051165, "best_valid_acc": 0.7393640841916704, "_wandb": {"runtime": 2604}}