{"epoch": 27, "train_loss_epoch": 0.4534614384174347, "train_auc_epoch": 0.8487574610631341, "train_acc_epoch": 0.7914291032685506, "valid_auc_epoch": 0.805002038569085, "valid_acc_epoch": 0.7371249440214958, "_timestamp": 1669867473.420808, "_runtime": 892.4848861694336, "_step": 27, "best_epoch": 17, "best_train_loss": 0.45830395817756653, "best_train_auc": 0.8443867924379943, "best_train_acc": 0.7878096367434453, "best_valid_auc": 0.8077525016613536, "best_valid_acc": 0.7362292879534259, "_wandb": {"runtime": 891}}