{"epoch": 23, "train_loss_epoch": 0.4690777063369751, "train_auc_epoch": 0.8351503483497076, "train_acc_epoch": 0.7848871747534661, "valid_auc_epoch": 0.8033671703697997, "valid_acc_epoch": 0.7299596954769368, "_timestamp": 1670002516.8862438, "_runtime": 945.0631868839264, "_step": 23, "best_epoch": 13, "best_train_loss": 0.4700911045074463, "best_train_auc": 0.8343888056310746, "best_train_acc": 0.7841286088998968, "best_valid_auc": 0.8043952833611028, "best_valid_acc": 0.7339901477832512, "_wandb": {"runtime": 945}}