{"epoch": 23, "train_loss_epoch": 0.46156030893325806, "train_auc_epoch": 0.8416534905016027, "train_acc_epoch": 0.790166231014983, "valid_auc_epoch": 0.809850462129165, "valid_acc_epoch": 0.7362292879534259, "_timestamp": 1669814804.0622346, "_runtime": 3158.2189605236053, "_step": 23, "best_epoch": 13, "best_train_loss": 0.4636884033679962, "best_train_auc": 0.8389551066121906, "best_train_acc": 0.7886081355816377, "best_valid_auc": 0.8122774829610938, "best_valid_acc": 0.7398119122257053, "_wandb": {"runtime": 3158}}