{"epoch": 30, "train_loss_epoch": 0.4755300283432007, "train_auc_epoch": 0.8316190097486797, "train_acc_epoch": 0.7816343548050865, "valid_auc_epoch": 0.8066690102185283, "valid_acc_epoch": 0.728616211374832, "_timestamp": 1670105700.9705362, "_runtime": 747.866631269455, "_step": 30, "best_epoch": 20, "best_train_loss": 0.4755285084247589, "best_train_auc": 0.8318659015136096, "best_train_acc": 0.7813216593704398, "best_valid_auc": 0.8092356810586434, "best_valid_acc": 0.7326466636811464, "_wandb": {"runtime": 747}}