{"epoch": 15, "train_loss_epoch": 0.4563447833061218, "train_auc_epoch": 0.845119131999007, "train_acc_epoch": 0.7914783694463059, "valid_auc_epoch": 0.8058664239645835, "valid_acc_epoch": 0.7321988356471115, "_timestamp": 1669964900.3301888, "_runtime": 312.4840817451477, "_step": 15, "best_epoch": 5, "best_train_loss": 0.46834316849708557, "best_train_auc": 0.835856198558304, "best_train_acc": 0.7854700414110694, "best_valid_auc": 0.8081425585807707, "best_valid_acc": 0.729511867442902, "_wandb": {"runtime": 312}}