{"epoch": 38, "train_loss_epoch": 0.44950205087661743, "train_auc_epoch": 0.8517594745124324, "train_acc_epoch": 0.794907377525334, "valid_auc_epoch": 0.8116073234390501, "valid_acc_epoch": 0.7259292431706225, "_timestamp": 1669976338.658268, "_runtime": 1801.847116947174, "_step": 38, "best_epoch": 28, "best_train_loss": 0.4529528021812439, "best_train_auc": 0.8486772089716179, "best_train_acc": 0.792180339508165, "best_valid_auc": 0.8145279348171548, "best_valid_acc": 0.7429467084639498, "_wandb": {"runtime": 1801}}