{"epoch": 29, "train_loss_epoch": 0.4614228904247284, "train_auc_epoch": 0.841350691427612, "train_acc_epoch": 0.7882293280518775, "valid_auc_epoch": 0.8109676621946561, "valid_acc_epoch": 0.74205105239588, "_timestamp": 1669757978.7911558, "_runtime": 1396.1946737766266, "_step": 29, "best_epoch": 19, "best_train_loss": 0.4675098955631256, "best_train_auc": 0.8365241494880991, "best_train_acc": 0.7855859381239119, "best_valid_auc": 0.8113545087690575, "best_valid_acc": 0.7335423197492164, "_wandb": {"runtime": 1395}}