{"epoch": 19, "train_loss_epoch": 0.4551915228366852, "train_auc_epoch": 0.8474751822540291, "train_acc_epoch": 0.7924949977409153, "valid_auc_epoch": 0.8007535482338287, "valid_acc_epoch": 0.7250335871025526, "_timestamp": 1670041252.4022448, "_runtime": 229.8834147453308, "_step": 19, "best_epoch": 9, "best_train_loss": 0.46191293001174927, "best_train_auc": 0.8422123340370964, "best_train_acc": 0.7892515974956432, "best_valid_auc": 0.8063808817533621, "best_valid_acc": 0.7299596954769368, "_wandb": {"runtime": 229}}