{"epoch": 15, "train_loss_epoch": 0.5679101347923279, "train_auc_epoch": 0.8043759039884184, "train_acc_epoch": 0.6400531286894924, "valid_auc_epoch": 0.7694117524310338, "valid_acc_epoch": 0.4890282131661442, "_timestamp": 1670388932.3436036, "_runtime": 101.98231768608093, "_step": 15, "best_epoch": 5, "best_train_loss": 0.5753446817398071, "best_train_auc": 0.7947319889143234, "best_train_acc": 0.6400531286894924, "best_valid_auc": 0.7743412372027623, "best_valid_acc": 0.4890282131661442, "_wandb": {"runtime": 101}}