{"epoch": 23, "train_loss_epoch": 0.47788873314857483, "train_auc_epoch": 0.8284276043883677, "train_acc_epoch": 0.7804189493523296, "valid_auc_epoch": 0.7972065182845199, "valid_acc_epoch": 0.7263770712046574, "_timestamp": 1670050488.424919, "_runtime": 651.9339988231659, "_step": 23, "best_epoch": 13, "best_train_loss": 0.4777768552303314, "best_train_auc": 0.8284634657705161, "best_train_acc": 0.7798439521474548, "best_valid_auc": 0.8072203869749881, "best_valid_acc": 0.7348858038513211, "_wandb": {"runtime": 651}}