{"epoch": 16, "train_loss_epoch": 0.468329519033432, "train_auc_epoch": 0.8370871283100076, "train_acc_epoch": 0.7869053778235137, "valid_auc_epoch": 0.8009570038492038, "valid_acc_epoch": 0.7214509628302732, "_timestamp": 1670099129.0925665, "_runtime": 1337.391630411148, "_step": 16, "best_epoch": 6, "best_train_loss": 0.47229355573654175, "best_train_auc": 0.833339841227756, "best_train_acc": 0.7839176980936841, "best_valid_auc": 0.8031753522551068, "best_valid_acc": 0.7304075235109718, "_wandb": {"runtime": 1337}}