{"epoch": 30, "train_loss_epoch": 0.4701509475708008, "train_auc_epoch": 0.8343910654186483, "train_acc_epoch": 0.7832561134185908, "valid_auc_epoch": 0.8093408198579102, "valid_acc_epoch": 0.7348858038513211, "_timestamp": 1669952763.750889, "_runtime": 439.1066780090332, "_step": 30, "best_epoch": 20, "best_train_loss": 0.46948930621147156, "best_train_auc": 0.8349432459380919, "best_train_acc": 0.7832498011639798, "best_valid_auc": 0.8107260837322187, "best_valid_acc": 0.735333631885356, "_wandb": {"runtime": 438}}