{"epoch": 33, "train_loss_epoch": 0.5642402768135071, "train_auc_epoch": 0.810895492863701, "train_acc_epoch": 0.6400531286894924, "valid_auc_epoch": 0.7797221767423346, "valid_acc_epoch": 0.4890282131661442, "_timestamp": 1670547798.7991133, "_runtime": 333.75357818603516, "_step": 33, "best_epoch": 23, "best_train_loss": 0.5670056343078613, "best_train_auc": 0.8083199314359917, "best_train_acc": 0.6400531286894924, "best_valid_auc": 0.7827378945915318, "best_valid_acc": 0.4890282131661442, "_wandb": {"runtime": 333}}