{"epoch": 31, "train_loss_epoch": 0.4392206072807312, "train_auc_epoch": 0.8570733876221491, "train_acc_epoch": 0.7984042699032143, "valid_auc_epoch": 0.8169140237501323, "valid_acc_epoch": 0.7407075682937752, "_timestamp": 1669778656.5961704, "_runtime": 740.3596203327179, "_step": 31, "best_epoch": 21, "best_train_loss": 0.4467187523841858, "best_train_auc": 0.8514930258725018, "best_train_acc": 0.7953517277936701, "best_valid_auc": 0.8179020074287384, "best_valid_acc": 0.7433945364979848, "_wandb": {"runtime": 739}}