{"epoch": 28, "train_loss_epoch": 0.5888485312461853, "train_auc_epoch": 0.7552677262143606, "train_acc_epoch": 0.6474476553036858, "valid_auc_epoch": 0.7192786033715044, "valid_acc_epoch": 0.4890282131661442, "_timestamp": 1670554033.3851602, "_runtime": 729.5085921287537, "_step": 28, "best_epoch": 18, "best_train_loss": 0.5908283591270447, "best_train_auc": 0.7509433632563998, "best_train_acc": 0.6474476553036858, "best_valid_auc": 0.7245925269588722, "best_valid_acc": 0.4890282131661442, "_wandb": {"runtime": 729}}