{"epoch": 24, "train_loss_epoch": 0.44741010665893555, "train_auc_epoch": 0.8564010650170593, "train_acc_epoch": 0.7980551110485871, "valid_auc_epoch": 0.7871822159727506, "valid_acc_epoch": 0.7227944469323779, "_timestamp": 1670050668.1818957, "_runtime": 143.52132081985474, "_step": 24, "best_epoch": 14, "best_train_loss": 0.4641309678554535, "best_train_auc": 0.8432070649512912, "best_train_acc": 0.7875041764116272, "best_valid_auc": 0.7926510387071298, "best_valid_acc": 0.7241379310344828, "_wandb": {"runtime": 143}}