{"epoch": 71, "train_loss_epoch": 0.4530026614665985, "train_auc_epoch": 0.8474638093732778, "train_acc_epoch": 0.7931674237092956, "valid_auc_epoch": 0.8215036132433153, "valid_acc_epoch": 0.7407075682937752, "_timestamp": 1669995817.8663065, "_runtime": 1375.89071059227, "_step": 71, "best_epoch": 61, "best_train_loss": 0.4501105844974518, "best_train_auc": 0.8497664097254545, "best_train_acc": 0.7945474652019339, "best_valid_auc": 0.8219245697335092, "best_valid_acc": 0.742498880429915, "_wandb": {"runtime": 1375}}