{"epoch": 40, "train_loss_epoch": 0.43956562876701355, "train_auc_epoch": 0.8573086261996185, "train_acc_epoch": 0.7988653679831967, "valid_auc_epoch": 0.8154027538339544, "valid_acc_epoch": 0.7335423197492164, "_timestamp": 1669749138.357129, "_runtime": 768.1513121128082, "_step": 40, "best_epoch": 30, "best_train_loss": 0.4465588927268982, "best_train_auc": 0.852248645293856, "best_train_acc": 0.795755940859108, "best_valid_auc": 0.8162486797456123, "best_valid_acc": 0.7366771159874608, "_wandb": {"runtime": 767}}