{"epoch": 35, "train_loss_epoch": 0.4634605348110199, "train_auc_epoch": 0.8390369977598736, "train_acc_epoch": 0.7874540192962607, "valid_auc_epoch": 0.805916184312328, "valid_acc_epoch": 0.7263770712046574, "_timestamp": 1669804249.1746323, "_runtime": 1067.5873322486877, "_step": 35, "best_epoch": 25, "best_train_loss": 0.4631420075893402, "best_train_auc": 0.8393266267456744, "best_train_acc": 0.7878690537782351, "best_valid_auc": 0.8089379215584298, "best_valid_acc": 0.7277205553067622, "_wandb": {"runtime": 1067}}