{"epoch": 36, "train_loss_epoch": 0.4829706847667694, "train_auc_epoch": 0.8259355202564274, "train_acc_epoch": 0.782248816217816, "valid_auc_epoch": 0.7979729881570372, "valid_acc_epoch": 0.7241379310344828, "_timestamp": 1670099519.6957276, "_runtime": 356.14115953445435, "_step": 36, "best_epoch": 26, "best_train_loss": 0.48214998841285706, "best_train_auc": 0.8262282699753318, "best_train_acc": 0.7813517312814442, "best_valid_auc": 0.8019473952865714, "best_valid_acc": 0.729064039408867, "_wandb": {"runtime": 355}}