{"epoch": 22, "train_loss_epoch": 0.4498290717601776, "train_auc_epoch": 0.8534175322285289, "train_acc_epoch": 0.797212543554007, "valid_auc_epoch": 0.8007511404750669, "valid_acc_epoch": 0.7227944469323779, "_timestamp": 1670118131.2369423, "_runtime": 179.0116012096405, "_step": 22, "best_epoch": 12, "best_train_loss": 0.45717719197273254, "best_train_auc": 0.8477369560881973, "best_train_acc": 0.7931163423132489, "best_valid_auc": 0.8064900334838985, "best_valid_acc": 0.7348858038513211, "_wandb": {"runtime": 178}}