{"train_loss_epoch": 0.6512600779533386, "train_auc_epoch": 0.4991517774337655, "train_acc_epoch": 0.644523384680865, "valid_auc_epoch": 0.5005382131324004, "valid_acc_epoch": 0.4621890547263682, "_timestamp": 1669702112.0034494, "_runtime": 65.52346348762512, "_step": 0, "_wandb": {"runtime": 65}}