{"epoch": 14, "train_loss_epoch": 0.47051113843917847, "train_auc_epoch": 0.8345545014338309, "train_acc_epoch": 0.784129239744213, "valid_auc_epoch": 0.7983213105912492, "valid_acc_epoch": 0.7259292431706225, "_timestamp": 1669926693.0278144, "_runtime": 217.8208932876587, "_step": 14, "best_epoch": 4, "best_train_loss": 0.47541674971580505, "best_train_auc": 0.8310915764077647, "best_train_acc": 0.7813993493137878, "best_valid_auc": 0.8069675723049956, "best_valid_acc": 0.7366771159874608, "_wandb": {"runtime": 217}}