{"epoch": 31, "train_loss_epoch": 0.4275617301464081, "train_auc_epoch": 0.8670035810118897, "train_acc_epoch": 0.8061403836804907, "valid_auc_epoch": 0.8132983726761115, "valid_acc_epoch": 0.7330944917151814, "_timestamp": 1669782428.0447547, "_runtime": 963.4492478370667, "_step": 31, "best_epoch": 21, "best_train_loss": 0.44143617153167725, "best_train_auc": 0.8569866915319132, "best_train_acc": 0.7991249392318911, "best_valid_auc": 0.8204108920585695, "best_valid_acc": 0.7380206000895656, "_wandb": {"runtime": 963}}