{"epoch": 100, "train_loss_epoch": 0.45514553785324097, "train_auc_epoch": 0.8474540072380901, "train_acc_epoch": 0.7918772276954684, "valid_auc_epoch": 0.8156700150565181, "valid_acc_epoch": 0.7380206000895656, "_timestamp": 1669841542.5258977, "_runtime": 4970.294078826904, "_step": 100, "best_epoch": 97, "best_train_loss": 0.45526179671287537, "best_train_auc": 0.8473069924563605, "best_train_acc": 0.7919254872491365, "best_valid_auc": 0.8167823996044854, "best_valid_acc": 0.7407075682937752, "_wandb": {"runtime": 4970}}