{"epoch": 27, "train_loss_epoch": 0.4215680658817291, "train_auc_epoch": 0.8735266337455714, "train_acc_epoch": 0.8091635302250557, "valid_auc_epoch": 0.7990701235661796, "valid_acc_epoch": 0.7223466188983431, "_timestamp": 1670074645.823122, "_runtime": 600.8508551120758, "_step": 27, "best_epoch": 17, "best_train_loss": 0.4358207583427429, "best_train_auc": 0.8634926441026625, "best_train_acc": 0.8021097370509768, "best_valid_auc": 0.8003020934659848, "best_valid_acc": 0.729511867442902, "_wandb": {"runtime": 600}}