{"epoch": 28, "train_loss_epoch": 0.4413391649723053, "train_auc_epoch": 0.8639599867018865, "train_acc_epoch": 0.8010256969829233, "valid_auc_epoch": 0.7757068377138491, "valid_acc_epoch": 0.7084639498432602, "_timestamp": 1670058259.8001623, "_runtime": 160.37969732284546, "_step": 28, "best_epoch": 18, "best_train_loss": 0.4708273112773895, "best_train_auc": 0.8420514351636952, "best_train_acc": 0.7846581919362758, "best_valid_auc": 0.7793746568943765, "best_valid_acc": 0.7084639498432602, "_wandb": {"runtime": 159}}