{"epoch": 36, "train_loss_epoch": 0.41545188426971436, "train_auc_epoch": 0.8754422299483094, "train_acc_epoch": 0.8112863671084547, "valid_auc_epoch": 0.8097581647099614, "valid_acc_epoch": 0.7218987908643081, "_timestamp": 1670025921.5051305, "_runtime": 1028.327740430832, "_step": 36, "best_epoch": 26, "best_train_loss": 0.43514376878738403, "best_train_auc": 0.8618092420865879, "best_train_acc": 0.8017850203025958, "best_valid_auc": 0.8168385806422616, "best_valid_acc": 0.7259292431706225, "_wandb": {"runtime": 1027}}