{"epoch": 27, "train_loss_epoch": 0.53697270154953, "train_auc_epoch": 0.801204842343061, "train_acc_epoch": 0.7395477815699659, "valid_auc_epoch": 0.7180055561010493, "valid_acc_epoch": 0.6606965174129353, "_timestamp": 1668603203.2982125, "_runtime": 105.69985842704773, "_step": 27, "_wandb": {"runtime": 105}}