{"epoch": 31, "train_loss_epoch": 0.45168620347976685, "train_auc_epoch": 0.8501423394827312, "train_acc_epoch": 0.7932937455625121, "valid_auc_epoch": 0.8099451673071305, "valid_acc_epoch": 0.7393640841916704, "_timestamp": 1670035550.4034388, "_runtime": 517.4647197723389, "_step": 31, "best_epoch": 21, "best_train_loss": 0.45821741223335266, "best_train_auc": 0.8449828362451772, "best_train_acc": 0.7904053443490608, "best_valid_auc": 0.8107734363212015, "best_valid_acc": 0.7313031795790417, "_wandb": {"runtime": 517}}