{"epoch": 49, "train_loss_epoch": 0.42168715596199036, "train_auc_epoch": 0.8714387797491356, "train_acc_epoch": 0.8046700567527958, "valid_auc_epoch": 0.799863881371331, "valid_acc_epoch": 0.7268248992386923, "_timestamp": 1669874342.685686, "_runtime": 744.1802880764008, "_step": 49, "best_epoch": 39, "best_train_loss": 0.45861896872520447, "best_train_auc": 0.8443807492986984, "best_train_acc": 0.7902900589166806, "best_valid_auc": 0.8125848734963547, "best_valid_acc": 0.7465293327362292, "_wandb": {"runtime": 743}}