{"epoch": 36, "train_loss_epoch": 0.5592076778411865, "train_auc_epoch": 0.8097198381777102, "train_acc_epoch": 0.6493675030746379, "valid_auc_epoch": 0.7831359773734883, "valid_acc_epoch": 0.4890282131661442, "_timestamp": 1670469489.4131699, "_runtime": 2458.117505788803, "_step": 36, "best_epoch": 26, "best_train_loss": 0.5600571036338806, "best_train_auc": 0.8080322452724986, "best_train_acc": 0.6493675030746379, "best_valid_auc": 0.7836857489574405, "best_valid_acc": 0.4890282131661442, "_wandb": {"runtime": 2458}}