{"epoch": 28, "train_loss_epoch": 0.4491587281227112, "train_auc_epoch": 0.8538139515829505, "train_acc_epoch": 0.7951329108514353, "valid_auc_epoch": 0.7950250888462984, "valid_acc_epoch": 0.7218987908643081, "_timestamp": 1669752844.882439, "_runtime": 233.69246888160706, "_step": 28, "best_epoch": 18, "best_train_loss": 0.4672386646270752, "best_train_auc": 0.8395575019685216, "best_train_acc": 0.7865367473778039, "best_valid_auc": 0.7956109768116779, "best_valid_acc": 0.7227944469323779, "_wandb": {"runtime": 233}}