{"epoch": 31, "train_loss_epoch": 0.5753431916236877, "train_auc_epoch": 0.8026190060003318, "train_acc_epoch": 0.6369955156950673, "valid_auc_epoch": 0.7572349137861845, "valid_acc_epoch": 0.4890282131661442, "_timestamp": 1670498295.7947385, "_runtime": 447.2753164768219, "_step": 31, "best_epoch": 21, "best_train_loss": 0.5757617354393005, "best_train_auc": 0.8024983112584869, "best_train_acc": 0.6369955156950673, "best_valid_auc": 0.7653322065022328, "best_valid_acc": 0.4890282131661442, "_wandb": {"runtime": 446}}