{"epoch": 65, "train_loss_epoch": 0.44953760504722595, "train_auc_epoch": 0.853739585263368, "train_acc_epoch": 0.7938645641559273, "valid_auc_epoch": 0.8056441075722407, "valid_acc_epoch": 0.7344379758172862, "_timestamp": 1669812431.971753, "_runtime": 598.1429018974304, "_step": 65, "best_epoch": 55, "best_train_loss": 0.45479798316955566, "best_train_auc": 0.8499278200669316, "best_train_acc": 0.7923437124789883, "best_valid_auc": 0.8068383559181105, "best_valid_acc": 0.7375727720555306, "_wandb": {"runtime": 597}}