{"epoch": 27, "train_loss_epoch": 0.45298635959625244, "train_auc_epoch": 0.8491121290827974, "train_acc_epoch": 0.7933360756890169, "valid_auc_epoch": 0.8064266291698368, "valid_acc_epoch": 0.7344379758172862, "_timestamp": 1670066330.1035442, "_runtime": 375.73580026626587, "_step": 27, "best_epoch": 17, "best_train_loss": 0.4635273516178131, "best_train_auc": 0.8407755614775752, "best_train_acc": 0.7870311506675143, "best_valid_auc": 0.80777417149021, "best_valid_acc": 0.7268248992386923, "_wandb": {"runtime": 375}}