{"epoch": 22, "train_loss_epoch": 0.49181967973709106, "train_auc_epoch": 0.8200609592999346, "train_acc_epoch": 0.7723956565999321, "valid_auc_epoch": 0.7975363812348913, "valid_acc_epoch": 0.7102552619793999, "_timestamp": 1669762433.01704, "_runtime": 164.1230890750885, "_step": 22, "best_epoch": 12, "best_train_loss": 0.4905349314212799, "best_train_auc": 0.8213862141480707, "best_train_acc": 0.7727774007465219, "best_valid_auc": 0.7976776364155856, "best_valid_acc": 0.7196596506941334, "_wandb": {"runtime": 163}}