{"epoch": 26, "train_loss_epoch": 0.421414315700531, "train_auc_epoch": 0.8738564754671644, "train_acc_epoch": 0.8071521236392352, "valid_auc_epoch": 0.8015830211272805, "valid_acc_epoch": 0.7254814151365876, "_timestamp": 1670008615.6793132, "_runtime": 296.1690902709961, "_step": 26, "best_epoch": 16, "best_train_loss": 0.4350244998931885, "best_train_auc": 0.8645989009854311, "best_train_acc": 0.8024705285126065, "best_valid_auc": 0.8055277325654189, "best_valid_acc": 0.7174205105239588, "_wandb": {"runtime": 295}}