{"epoch": 25, "train_loss_epoch": 0.43764469027519226, "train_auc_epoch": 0.8602116294572025, "train_acc_epoch": 0.7988060218030801, "valid_auc_epoch": 0.8024425910052555, "valid_acc_epoch": 0.7281683833407971, "_timestamp": 1669799864.0959675, "_runtime": 357.54444551467896, "_step": 25, "best_epoch": 15, "best_train_loss": 0.4470563530921936, "best_train_auc": 0.8536816475974014, "best_train_acc": 0.795924900501817, "best_valid_auc": 0.8071650085234658, "best_valid_acc": 0.741603224361845, "_wandb": {"runtime": 357}}