{"epoch": 30, "train_loss_epoch": 0.46072182059288025, "train_auc_epoch": 0.8419670729788904, "train_acc_epoch": 0.7914783694463059, "valid_auc_epoch": 0.7997442960194932, "valid_acc_epoch": 0.7321988356471115, "_timestamp": 1669905495.3791735, "_runtime": 1185.963000535965, "_step": 30, "best_epoch": 20, "best_train_loss": 0.4742653965950012, "best_train_auc": 0.8303907577869796, "best_train_acc": 0.7829899593908048, "best_valid_auc": 0.8062580860565084, "best_valid_acc": 0.7344379758172862, "_wandb": {"runtime": 1185}}