{"epoch": 18, "train_loss_epoch": 0.46724677085876465, "train_auc_epoch": 0.8366494091318397, "train_acc_epoch": 0.7853828706161367, "valid_auc_epoch": 0.8163417797510699, "valid_acc_epoch": 0.7433945364979848, "_timestamp": 1670019705.752148, "_runtime": 969.0096898078918, "_step": 18, "best_epoch": 8, "best_train_loss": 0.46768027544021606, "best_train_auc": 0.8367968979882829, "best_train_acc": 0.7846589773111156, "best_valid_auc": 0.8181171005447956, "best_valid_acc": 0.7384684281236006, "_wandb": {"runtime": 968}}