{"epoch": 25, "train_loss_epoch": 0.5286676287651062, "train_auc_epoch": 0.808738206611864, "train_acc_epoch": 0.7561860068259386, "valid_auc_epoch": 0.7331930918680778, "valid_acc_epoch": 0.6721393034825871, "_timestamp": 1668602673.813374, "_runtime": 67.138827085495, "_step": 25, "_wandb": {"runtime": 66}}