{"epoch": 24, "train_loss_epoch": 0.46396178007125854, "train_auc_epoch": 0.8397154832877687, "train_acc_epoch": 0.7882594177248541, "valid_auc_epoch": 0.7971069975890309, "valid_acc_epoch": 0.7210031347962382, "_timestamp": 1669958490.5697045, "_runtime": 865.4645674228668, "_step": 24, "best_epoch": 14, "best_train_loss": 0.46740835905075073, "best_train_auc": 0.8370140938220714, "best_train_acc": 0.786672852552537, "best_valid_auc": 0.8020525340858382, "best_valid_acc": 0.7299596954769368, "_wandb": {"runtime": 865}}