{"epoch": 25, "train_loss_epoch": 0.435570627450943, "train_auc_epoch": 0.8661930216926923, "train_acc_epoch": 0.8028386547013554, "valid_auc_epoch": 0.7939343741271875, "valid_acc_epoch": 0.7201074787281684, "_timestamp": 1669975952.0474274, "_runtime": 276.9020013809204, "_step": 25, "best_epoch": 15, "best_train_loss": 0.4647793769836426, "best_train_auc": 0.8445222887822634, "best_train_acc": 0.7883258328229436, "best_valid_auc": 0.7953589647279393, "best_valid_acc": 0.7205553067622034, "_wandb": {"runtime": 276}}