{"epoch": 17, "train_loss_epoch": 0.4710005223751068, "train_auc_epoch": 0.8378312735298867, "train_acc_epoch": 0.7836970998341986, "valid_auc_epoch": 0.8076169356404637, "valid_acc_epoch": 0.7442786069651741, "_timestamp": 1669715354.89617, "_runtime": 102.72153687477112, "_step": 17, "best_epoch": 12, "best_train_loss": 0.4732966423034668, "best_train_auc": 0.8362287666802015, "best_train_acc": 0.7821478078877987, "best_valid_auc": 0.8151046204676329, "best_valid_acc": 0.7378109452736319, "_wandb": {"runtime": 102}}