{"loss": 0.6449673175811768, "acc": 0.646632686580828, "auc": 0.6009996236251655, "_timestamp": 1669039912.1664064, "_runtime": 26.58655333518982, "_step": 19, "_wandb": {"runtime": 26}}