{"epoch": 54, "train_loss_epoch": 0.4553965926170349, "train_auc_epoch": 0.8452826070329349, "train_acc_epoch": 0.7912116033157554, "valid_auc_epoch": 0.8187800367905538, "valid_acc_epoch": 0.7496641289744738, "_timestamp": 1669854294.733248, "_runtime": 2044.253956079483, "_step": 54, "best_epoch": 44, "best_train_loss": 0.45583951473236084, "best_train_auc": 0.8451218127863669, "best_train_acc": 0.7916000255901734, "best_valid_auc": 0.8197559816753506, "best_valid_acc": 0.7433945364979848, "_wandb": {"runtime": 2044}}