{"epoch": 100, "train_loss_epoch": 0.5407907366752625, "train_auc_epoch": 0.7849541580393599, "train_acc_epoch": 0.7522844656336909, "valid_auc_epoch": 0.7540121286834696, "valid_acc_epoch": 0.6815942678011644, "_timestamp": 1670075116.827353, "_runtime": 433.6451699733734, "_step": 100, "best_epoch": 100, "best_train_loss": 0.5407907366752625, "best_train_auc": 0.7849541580393599, "best_train_acc": 0.7522844656336909, "best_valid_auc": 0.7540121286834696, "best_valid_acc": 0.6815942678011644, "_wandb": {"runtime": 433}}