{"epoch": 33, "train_loss_epoch": 0.4316507875919342, "train_auc_epoch": 0.8645605217267469, "train_acc_epoch": 0.8014509554616507, "valid_auc_epoch": 0.8003654977800463, "valid_acc_epoch": 0.735333631885356, "_timestamp": 1670122058.7237408, "_runtime": 1266.3286957740784, "_step": 33, "best_epoch": 23, "best_train_loss": 0.46481209993362427, "best_train_auc": 0.8399840609642911, "best_train_acc": 0.7868142552634532, "best_valid_auc": 0.813406721820394, "best_valid_acc": 0.7398119122257053, "_wandb": {"runtime": 1266}}