{"epoch": 16, "train_loss_epoch": 0.44119998812675476, "train_auc_epoch": 0.863537424342065, "train_acc_epoch": 0.8026351683125102, "valid_auc_epoch": 0.7832214528095335, "valid_acc_epoch": 0.7075682937751904, "_timestamp": 1669732271.4288943, "_runtime": 280.32437229156494, "_step": 16, "best_epoch": 6, "best_train_loss": 0.47616109251976013, "best_train_auc": 0.8368428022691222, "best_train_acc": 0.7804026406241475, "best_valid_auc": 0.7882954031069719, "best_valid_acc": 0.7147335423197492, "_wandb": {"runtime": 280}}