{"epoch": 22, "train_loss_epoch": 0.4575931131839752, "train_auc_epoch": 0.8449512461969639, "train_acc_epoch": 0.7926366323270634, "valid_auc_epoch": 0.8053704256596456, "valid_acc_epoch": 0.7330944917151814, "_timestamp": 1669857358.8899, "_runtime": 2581.330393075943, "_step": 22, "best_epoch": 12, "best_train_loss": 0.4576205909252167, "best_train_auc": 0.8437441237729397, "best_train_acc": 0.7908325218252952, "best_valid_auc": 0.8130559916274203, "best_valid_acc": 0.7433945364979848, "_wandb": {"runtime": 2581}}