{"epoch": 59, "train_loss_epoch": 0.45829978585243225, "train_auc_epoch": 0.8462462374365326, "train_acc_epoch": 0.7914582026634771, "valid_auc_epoch": 0.8063182800255544, "valid_acc_epoch": 0.7380206000895656, "_timestamp": 1669884570.8538952, "_runtime": 428.10489320755005, "_step": 59, "best_epoch": 49, "best_train_loss": 0.46402156352996826, "best_train_auc": 0.8415482612470362, "best_train_acc": 0.789124378254591, "best_valid_auc": 0.8068118705717304, "best_valid_acc": 0.7259292431706225, "_wandb": {"runtime": 427}}