{"epoch": 71, "train_loss_epoch": 0.44099652767181396, "train_auc_epoch": 0.8560107156405481, "train_acc_epoch": 0.7965108676494835, "valid_auc_epoch": 0.8168554349535945, "valid_acc_epoch": 0.7308553515450067, "_timestamp": 1669740399.2416804, "_runtime": 3766.6905903816223, "_step": 71, "best_epoch": 61, "best_train_loss": 0.45648568868637085, "best_train_auc": 0.8442595004441036, "best_train_acc": 0.7900863612846739, "best_valid_auc": 0.8223226525154659, "best_valid_acc": 0.7442901925660547, "_wandb": {"runtime": 3766}}