{"epoch": 22, "train_loss_epoch": 0.6571709513664246, "train_auc_epoch": 0.4995300257251325, "train_acc_epoch": 0.6343032797561674, "valid_auc_epoch": 0.5, "valid_acc_epoch": 0.4890282131661442, "_timestamp": 1670051936.199516, "_runtime": 202.8720531463623, "_step": 22, "best_epoch": 12, "best_train_loss": 1.223296880722046, "best_train_auc": 0.5004312643156854, "best_train_acc": 0.5776695235366139, "best_valid_auc": 0.6577218428664529, "best_valid_acc": 0.5109717868338558, "_wandb": {"runtime": 202}}