{"epoch": 1, "train_loss_epoch": 0.5758889317512512, "train_auc_epoch": 0.7261558264354194, "train_acc_epoch": 0.7119506726457399, "valid_auc_epoch": 0.7401025063163538, "valid_acc_epoch": 0.6650246305418719, "_timestamp": 1669726564.3102431, "_runtime": 51.47891616821289, "_step": 0}