{"epoch": 32, "train_loss_epoch": 0.4662867486476898, "train_auc_epoch": 0.8366548535876693, "train_acc_epoch": 0.7861008931769469, "valid_auc_epoch": 0.8196957877063048, "valid_acc_epoch": 0.7411553963278101, "_timestamp": 1670055916.1317008, "_runtime": 10263.513313770294, "_step": 32, "best_epoch": 22, "best_train_loss": 0.46596547961235046, "best_train_auc": 0.8368787682209744, "best_train_acc": 0.7866239503323118, "best_valid_auc": 0.8207552015615118, "best_valid_acc": 0.7389162561576355, "_wandb": {"runtime": 10267}}