{"epoch": 14, "train_loss_epoch": 0.5608660578727722, "train_auc_epoch": 0.8072942630332643, "train_acc_epoch": 0.6512702236345309, "valid_auc_epoch": 0.7668811979723462, "valid_acc_epoch": 0.4890282131661442, "_timestamp": 1670521871.3748672, "_runtime": 554.8995792865753, "_step": 14, "best_epoch": 4, "best_train_loss": 0.5657079219818115, "best_train_auc": 0.802560988478241, "best_train_acc": 0.6512702236345309, "best_valid_auc": 0.7757092454726109, "best_valid_acc": 0.4890282131661442, "_wandb": {"runtime": 554}}