{"epoch": 21, "train_loss_epoch": 0.5643424987792969, "train_auc_epoch": 0.808940835969259, "train_acc_epoch": 0.6430150066547005, "valid_auc_epoch": 0.7684699174620295, "valid_acc_epoch": 0.4890282131661442, "_timestamp": 1670460232.8497376, "_runtime": 262.80738067626953, "_step": 21, "best_epoch": 11, "best_train_loss": 0.5703005194664001, "best_train_auc": 0.8034632418183804, "best_train_acc": 0.6430150066547005, "best_valid_auc": 0.7713897262538806, "best_valid_acc": 0.4890282131661442, "_wandb": {"runtime": 262}}