{"epoch": 53, "train_loss_epoch": 0.4575579762458801, "train_auc_epoch": 0.8430160938533109, "train_acc_epoch": 0.7894623545692173, "valid_auc_epoch": 0.8195705842506895, "valid_acc_epoch": 0.7375727720555306, "_timestamp": 1669932874.3305068, "_runtime": 4449.80403470993, "_step": 53, "best_epoch": 43, "best_train_loss": 0.45744916796684265, "best_train_auc": 0.84316326924717, "best_train_acc": 0.789759622776895, "best_valid_auc": 0.8229831810024624, "best_valid_acc": 0.742498880429915, "_wandb": {"runtime": 4450}}