{"epoch": 16, "train_loss_epoch": 0.41988852620124817, "train_auc_epoch": 0.8752671627349959, "train_acc_epoch": 0.808860777207148, "valid_auc_epoch": 0.7891758402275493, "valid_acc_epoch": 0.728616211374832, "_timestamp": 1669788728.858733, "_runtime": 121.30136299133301, "_step": 16, "best_epoch": 6, "best_train_loss": 0.4563576281070709, "best_train_auc": 0.8487740921206774, "best_train_acc": 0.7918445025958215, "best_valid_auc": 0.7979802114333228, "best_valid_acc": 0.7277205553067622, "_wandb": {"runtime": 120}}