{"epoch": 23, "train_loss_epoch": 0.5819987058639526, "train_auc_epoch": 0.7770410772792291, "train_acc_epoch": 0.6493812034100738, "valid_auc_epoch": 0.7504402185602888, "valid_acc_epoch": 0.4890282131661442, "_timestamp": 1670510191.8096085, "_runtime": 1578.8570895195007, "_step": 23, "best_epoch": 13, "best_train_loss": 0.5836440920829773, "best_train_auc": 0.7733523939896232, "best_train_acc": 0.6493812034100738, "best_valid_auc": 0.7515554121601449, "best_valid_acc": 0.4890282131661442, "_wandb": {"runtime": 1579}}