{"epoch": 66, "train_loss_epoch": 0.44695302844047546, "train_auc_epoch": 0.8537029018663352, "train_acc_epoch": 0.796593622926483, "valid_auc_epoch": 0.8144934236082351, "valid_acc_epoch": 0.7411553963278101, "_timestamp": 1669873561.2437327, "_runtime": 813.8879256248474, "_step": 66, "best_epoch": 56, "best_train_loss": 0.4552748501300812, "best_train_auc": 0.8470000668619937, "best_train_acc": 0.7930113599690183, "best_valid_auc": 0.8189004247286455, "best_valid_acc": 0.7330944917151814, "_wandb": {"runtime": 813}}