{"epoch": 11, "train_loss_epoch": 0.6570430994033813, "train_auc_epoch": 0.4949385999601166, "train_acc_epoch": 0.6338738636039785, "valid_auc_epoch": 0.5, "valid_acc_epoch": 0.4890282131661442, "_timestamp": 1669882309.7277005, "_runtime": 122.42892646789551, "_step": 11, "best_epoch": 1, "best_train_loss": 1.2525869607925415, "best_train_auc": 0.5040074476161923, "best_train_acc": 0.5438741485935763, "best_valid_auc": 0.5809657038841963, "best_valid_acc": 0.4890282131661442, "_wandb": {"runtime": 122}}