{"epoch": 100, "train_loss_epoch": 0.46379736065864563, "train_auc_epoch": 0.8410604803350847, "train_acc_epoch": 0.7884755147949473, "valid_auc_epoch": 0.8005645391710248, "valid_acc_epoch": 0.7330944917151814, "_timestamp": 1669865017.7165895, "_runtime": 1085.8012883663177, "_step": 100, "best_epoch": 100, "best_train_loss": 0.46379736065864563, "best_train_auc": 0.8410604803350847, "best_train_acc": 0.7884755147949473, "best_valid_auc": 0.8005645391710248, "best_valid_acc": 0.7330944917151814, "_wandb": {"runtime": 1085}}