{"epoch": 19, "train_loss_epoch": 0.48834696412086487, "train_auc_epoch": 0.8183300562430613, "train_acc_epoch": 0.7747356192233441, "valid_auc_epoch": 0.8064049593409804, "valid_acc_epoch": 0.7304075235109718, "_timestamp": 1669739208.5902605, "_runtime": 618.9450695514679, "_step": 19, "best_epoch": 9, "best_train_loss": 0.4710179567337036, "best_train_auc": 0.8333366869058294, "best_train_acc": 0.7850443339654554, "best_valid_auc": 0.8111117264272392, "best_valid_acc": 0.7339901477832512, "_wandb": {"runtime": 618}}