{"epoch": 40, "train_loss_epoch": 0.4698980748653412, "train_auc_epoch": 0.8376372036838364, "train_acc_epoch": 0.7833590979358007, "valid_auc_epoch": 0.80440892732742, "valid_acc_epoch": 0.7227944469323779, "_timestamp": 1669778860.8697534, "_runtime": 240.95609331130981, "_step": 40, "best_epoch": 30, "best_train_loss": 0.46911370754241943, "best_train_auc": 0.8379175401959229, "best_train_acc": 0.7832136037101027, "best_valid_auc": 0.8054707489413888, "best_valid_acc": 0.7317510076130765, "_wandb": {"runtime": 240}}