{"epoch": 15, "train_loss_epoch": 0.5629996657371521, "train_auc_epoch": 0.8064677326814667, "train_acc_epoch": 0.6464087789077047, "valid_auc_epoch": 0.7730286073844356, "valid_acc_epoch": 0.4890282131661442, "_timestamp": 1670540516.423067, "_runtime": 205.45966005325317, "_step": 15, "best_epoch": 5, "best_train_loss": 0.5668237209320068, "best_train_auc": 0.8025559609811971, "best_train_acc": 0.6464087789077047, "best_valid_auc": 0.7790207163563868, "best_valid_acc": 0.4890282131661442, "_wandb": {"runtime": 205}}