{"epoch": 36, "train_loss_epoch": 0.45867109298706055, "train_auc_epoch": 0.8445731437535013, "train_acc_epoch": 0.7911271825984019, "valid_auc_epoch": 0.8032576173461362, "valid_acc_epoch": 0.7304075235109718, "_timestamp": 1669923113.512435, "_runtime": 445.86386585235596, "_step": 36, "best_epoch": 26, "best_train_loss": 0.4647854268550873, "best_train_auc": 0.8397326881764061, "best_train_acc": 0.7870024415507547, "best_valid_auc": 0.8050437730542902, "best_valid_acc": 0.7326466636811464, "_wandb": {"runtime": 445}}