{"epoch": 29, "train_loss_epoch": 0.47498053312301636, "train_auc_epoch": 0.8312418449585304, "train_acc_epoch": 0.7833335764400426, "valid_auc_epoch": 0.7987201959594599, "valid_acc_epoch": 0.7263770712046574, "_timestamp": 1669805787.5259001, "_runtime": 204.71787810325623, "_step": 29, "best_epoch": 19, "best_train_loss": 0.47702112793922424, "best_train_auc": 0.8296189644291662, "best_train_acc": 0.7822395962483772, "best_valid_auc": 0.8051079799546057, "best_valid_acc": 0.7304075235109718, "_wandb": {"runtime": 204}}