{"epoch": 24, "train_loss_epoch": 0.4735102951526642, "train_auc_epoch": 0.8332303844812797, "train_acc_epoch": 0.7813841984573692, "valid_auc_epoch": 0.803753214357947, "valid_acc_epoch": 0.7201074787281684, "_timestamp": 1670055716.1734326, "_runtime": 337.67798948287964, "_step": 24, "best_epoch": 14, "best_train_loss": 0.4727785885334015, "best_train_auc": 0.8339317058106775, "best_train_acc": 0.7825099020220971, "best_valid_auc": 0.8082509077250533, "best_valid_acc": 0.7348858038513211, "_wandb": {"runtime": 337}}