{"epoch": 14, "train_loss_epoch": 0.5624198317527771, "train_auc_epoch": 0.813929379540014, "train_acc_epoch": 0.6414805461289559, "valid_auc_epoch": 0.7774954011807649, "valid_acc_epoch": 0.4890282131661442, "_timestamp": 1670428813.557222, "_runtime": 299.09815979003906, "_step": 14, "best_epoch": 4, "best_train_loss": 0.5681861639022827, "best_train_auc": 0.8021008839423782, "best_train_acc": 0.6414805461289559, "best_valid_auc": 0.7820841880876939, "best_valid_acc": 0.4890282131661442, "_wandb": {"runtime": 298}}