{"epoch": 39, "train_loss_epoch": 0.44002288579940796, "train_auc_epoch": 0.8587518260405044, "train_acc_epoch": 0.7991639538324948, "valid_auc_epoch": 0.8028326479246726, "valid_acc_epoch": 0.7330944917151814, "_timestamp": 1669762883.2015061, "_runtime": 415.7957980632782, "_step": 39, "best_epoch": 29, "best_train_loss": 0.4512961506843567, "best_train_auc": 0.8501370176126446, "best_train_acc": 0.7939479135839006, "best_valid_auc": 0.8063054386454912, "best_valid_acc": 0.7389162561576355, "_wandb": {"runtime": 415}}