{"epoch": 13, "train_loss_epoch": 0.42753416299819946, "train_auc_epoch": 0.8687275508514996, "train_acc_epoch": 0.8039291888342424, "valid_auc_epoch": 0.7977017140032039, "valid_acc_epoch": 0.7245857590685177, "_timestamp": 1669767952.0115948, "_runtime": 137.89531588554382, "_step": 13, "best_epoch": 3, "best_train_loss": 0.4707644581794739, "best_train_auc": 0.8356310378934871, "best_train_acc": 0.7823132898245803, "best_valid_auc": 0.8032154815678041, "best_valid_acc": 0.7277205553067622, "_wandb": {"runtime": 137}}