{"epoch": 26, "train_loss_epoch": 0.5606415271759033, "train_auc_epoch": 0.8187601643511283, "train_acc_epoch": 0.6414805461289559, "valid_auc_epoch": 0.7744114634999824, "valid_acc_epoch": 0.4890282131661442, "_timestamp": 1670539529.9945369, "_runtime": 170.33769583702087, "_step": 26, "best_epoch": 16, "best_train_loss": 0.5630125999450684, "best_train_auc": 0.8130402115121641, "best_train_acc": 0.6414805461289559, "best_valid_auc": 0.7768140054511659, "best_valid_acc": 0.4890282131661442, "_wandb": {"runtime": 169}}