{"epoch": 30, "train_loss_epoch": 0.44003984332084656, "train_auc_epoch": 0.860945141858179, "train_acc_epoch": 0.7994476907067958, "valid_auc_epoch": 0.7967273742909151, "valid_acc_epoch": 0.7259292431706225, "_timestamp": 1669789362.373072, "_runtime": 308.0789089202881, "_step": 30, "best_epoch": 20, "best_train_loss": 0.4612719416618347, "best_train_auc": 0.8452085100075283, "best_train_acc": 0.7885415832866405, "best_valid_auc": 0.7978405614251363, "best_valid_acc": 0.7218987908643081, "_wandb": {"runtime": 307}}