{"epoch": 36, "train_loss_epoch": 0.445154070854187, "train_auc_epoch": 0.8571949215113359, "train_acc_epoch": 0.7966222081919343, "valid_auc_epoch": 0.8019465927003175, "valid_acc_epoch": 0.7308553515450067, "_timestamp": 1669987005.7913136, "_runtime": 349.3834156990051, "_step": 36, "best_epoch": 26, "best_train_loss": 0.4582158327102661, "best_train_auc": 0.8474189961853202, "best_train_acc": 0.7887775234788099, "best_valid_auc": 0.8052544519459507, "best_valid_acc": 0.7344379758172862, "_wandb": {"runtime": 348}}