{"epoch": 26, "train_loss_epoch": 0.5349606871604919, "train_auc_epoch": 0.7762580074677599, "train_acc_epoch": 0.7469394574561803, "valid_auc_epoch": 0.7613465631651434, "valid_acc_epoch": 0.6851768920734438, "_timestamp": 1669726188.9390705, "_runtime": 335.4775664806366, "_step": 25}