{"epoch": 32, "train_loss_epoch": 0.4541090726852417, "train_auc_epoch": 0.8485062919503127, "train_acc_epoch": 0.7930738025616737, "valid_auc_epoch": 0.798615057160193, "valid_acc_epoch": 0.7245857590685177, "_timestamp": 1670118337.9576526, "_runtime": 1771.3526446819305, "_step": 32, "best_epoch": 22, "best_train_loss": 0.45994430780410767, "best_train_auc": 0.8441654359789953, "best_train_acc": 0.7892436472962399, "best_valid_auc": 0.7996094615288305, "best_valid_acc": 0.7218987908643081, "_wandb": {"runtime": 1771}}