{"epoch": 20, "train_loss_epoch": 0.4274061322212219, "train_auc_epoch": 0.8723925492314293, "train_acc_epoch": 0.8094404037405374, "valid_auc_epoch": 0.793956043956044, "valid_acc_epoch": 0.716524854455889, "_timestamp": 1669790651.43243, "_runtime": 136.54447197914124, "_step": 20, "best_epoch": 10, "best_train_loss": 0.4638529419898987, "best_train_auc": 0.8459131298741076, "best_train_acc": 0.7876502894463411, "best_valid_auc": 0.8076529809658645, "best_valid_acc": 0.7304075235109718, "_wandb": {"runtime": 136}}