{"epoch": 68, "train_loss_epoch": 0.4277982711791992, "train_auc_epoch": 0.8674278390313779, "train_acc_epoch": 0.8049417782956104, "valid_auc_epoch": 0.8054209885936443, "valid_acc_epoch": 0.729511867442902, "_timestamp": 1669840483.1467657, "_runtime": 997.6562128067017, "_step": 68, "best_epoch": 58, "best_train_loss": 0.4527784287929535, "best_train_auc": 0.848826426524163, "best_train_acc": 0.7929458320981185, "best_valid_auc": 0.8196693023599246, "best_valid_acc": 0.7357814599193909, "_wandb": {"runtime": 997}}