{"epoch": 28, "train_loss_epoch": 0.6518280506134033, "train_auc_epoch": 0.4992762115651725, "train_acc_epoch": 0.6430150066547005, "valid_auc_epoch": 0.5, "valid_acc_epoch": 0.4890282131661442, "_timestamp": 1670122432.4096684, "_runtime": 335.4747714996338, "_step": 28, "best_epoch": 18, "best_train_loss": 1.3582427501678467, "best_train_auc": 0.49894061562588293, "best_train_acc": 0.548957837283417, "best_valid_auc": 0.5807225202492512, "best_valid_acc": 0.4890282131661442, "_wandb": {"runtime": 335}}