{"epoch": 33, "train_loss_epoch": 0.43903449177742004, "train_auc_epoch": 0.8585687334615963, "train_acc_epoch": 0.7997423009963706, "valid_auc_epoch": 0.8083496258342883, "valid_acc_epoch": 0.7214509628302732, "_timestamp": 1669802876.8552647, "_runtime": 968.5545296669006, "_step": 33, "best_epoch": 23, "best_train_loss": 0.45354318618774414, "best_train_auc": 0.8480397040508237, "best_train_acc": 0.7932014675073031, "best_valid_auc": 0.8106578639006334, "best_valid_acc": 0.7371249440214958, "_wandb": {"runtime": 968}}