{"epoch": 29, "train_loss_epoch": 0.5696567296981812, "train_auc_epoch": 0.7994918818683244, "train_acc_epoch": 0.6493675030746379, "valid_auc_epoch": 0.7780511921616216, "valid_acc_epoch": 0.4890282131661442, "_timestamp": 1670396862.0757568, "_runtime": 1822.5042357444763, "_step": 29, "best_epoch": 19, "best_train_loss": 0.5697868466377258, "best_train_auc": 0.798751500766648, "best_train_acc": 0.6493675030746379, "best_valid_auc": 0.779700105620351, "best_valid_acc": 0.4890282131661442, "_wandb": {"runtime": 1822}}