{"epoch": 26, "train_loss_epoch": 0.48414281010627747, "train_auc_epoch": 0.8273974477661845, "train_acc_epoch": 0.776901978537001, "valid_auc_epoch": 0.8008976124664118, "valid_acc_epoch": 0.7366771159874608, "_timestamp": 1670044824.0883973, "_runtime": 217.84390234947205, "_step": 26, "best_epoch": 16, "best_train_loss": 0.4856618642807007, "best_train_auc": 0.8261977053537946, "best_train_acc": 0.7770351236918489, "best_valid_auc": 0.8039602816114647, "best_valid_acc": 0.735333631885356, "_wandb": {"runtime": 217}}