{"epoch": 26, "train_loss_epoch": 0.4314146935939789, "train_auc_epoch": 0.8695509833394138, "train_acc_epoch": 0.8107780658605733, "valid_auc_epoch": 0.7798642345092827, "valid_acc_epoch": 0.7210031347962382, "_timestamp": 1670019725.370447, "_runtime": 234.01456499099731, "_step": 26, "best_epoch": 16, "best_train_loss": 0.44608744978904724, "best_train_auc": 0.859173277944923, "best_train_acc": 0.803460224381497, "best_valid_auc": 0.7867239392217481, "best_valid_acc": 0.7223466188983431, "_wandb": {"runtime": 233}}