{"epoch": 22, "train_loss_epoch": 0.473418653011322, "train_auc_epoch": 0.83175089931337, "train_acc_epoch": 0.7822568173617197, "valid_auc_epoch": 0.8078560352881123, "valid_acc_epoch": 0.7348858038513211, "_timestamp": 1669978811.7753158, "_runtime": 390.8195197582245, "_step": 22, "best_epoch": 12, "best_train_loss": 0.4734358489513397, "best_train_auc": 0.8316130068859682, "best_train_acc": 0.7822625450338219, "best_valid_auc": 0.8106482328655861, "best_valid_acc": 0.7335423197492164, "_wandb": {"runtime": 390}}