{"epoch": 61, "train_loss_epoch": 0.45828548073768616, "train_auc_epoch": 0.8442707050561089, "train_acc_epoch": 0.7922068904571334, "valid_auc_epoch": 0.8139781632332027, "valid_acc_epoch": 0.7371249440214958, "_timestamp": 1669745974.5135267, "_runtime": 1935.243540763855, "_step": 61, "best_epoch": 51, "best_train_loss": 0.4588679075241089, "best_train_auc": 0.844010386332342, "best_train_acc": 0.7923836335862443, "best_valid_auc": 0.8179838712266407, "best_valid_acc": 0.7429467084639498, "_wandb": {"runtime": 1935}}