{"epoch": 21, "train_loss_epoch": 0.47247815132141113, "train_auc_epoch": 0.8325354437592476, "train_acc_epoch": 0.7827723078509201, "valid_auc_epoch": 0.8054498816987861, "valid_acc_epoch": 0.7272727272727273, "_timestamp": 1669834168.5842595, "_runtime": 481.4657006263733, "_step": 21, "best_epoch": 11, "best_train_loss": 0.47303318977355957, "best_train_auc": 0.8320497800696551, "best_train_acc": 0.7825260179505243, "best_valid_auc": 0.8107870802875183, "best_valid_acc": 0.7344379758172862, "_wandb": {"runtime": 481}}