{"epoch": 16, "train_loss_epoch": 0.47179144620895386, "train_auc_epoch": 0.8377658118694876, "train_acc_epoch": 0.7812576536860152, "valid_auc_epoch": 0.8123453446306643, "valid_acc_epoch": 0.7343283582089553, "_timestamp": 1669716204.1658535, "_runtime": 105.93708944320679, "_step": 16, "best_epoch": 11, "best_train_loss": 0.4751814007759094, "best_train_auc": 0.8357664419313221, "best_train_acc": 0.779757531227039, "best_valid_auc": 0.8159749225540678, "best_valid_acc": 0.745273631840796, "_wandb": {"runtime": 105}}