{"epoch": 54, "train_loss_epoch": 0.44761765003204346, "train_auc_epoch": 0.852464395865374, "train_acc_epoch": 0.7951812039802584, "valid_auc_epoch": 0.8113448777340101, "valid_acc_epoch": 0.7254814151365876, "_timestamp": 1670040986.6025279, "_runtime": 1236.3467738628387, "_step": 54, "best_epoch": 44, "best_train_loss": 0.4590037763118744, "best_train_auc": 0.8431829716802065, "best_train_acc": 0.7896109185580348, "best_valid_auc": 0.81874873592665, "best_valid_acc": 0.7375727720555306, "_wandb": {"runtime": 1236}}