{"epoch": 100, "train_loss_epoch": 0.47414252161979675, "train_auc_epoch": 0.8320499283840904, "train_acc_epoch": 0.7810253678597407, "valid_auc_epoch": 0.801736315101784, "valid_acc_epoch": 0.7317510076130765, "_timestamp": 1669941670.0532858, "_runtime": 1783.168744802475, "_step": 100, "best_epoch": 100, "best_train_loss": 0.47414252161979675, "best_train_auc": 0.8320499283840904, "best_train_acc": 0.7810253678597407, "best_valid_auc": 0.801736315101784, "best_valid_acc": 0.7317510076130765, "_wandb": {"runtime": 1782}}