{"epoch": 68, "train_loss_epoch": 0.5644904971122742, "train_auc_epoch": 0.8127296251725337, "train_acc_epoch": 0.6415204146585433, "valid_auc_epoch": 0.7793425534442187, "valid_acc_epoch": 0.4890282131661442, "_timestamp": 1670390491.9451659, "_runtime": 384.52574396133423, "_step": 68, "best_epoch": 58, "best_train_loss": 0.5666468739509583, "best_train_auc": 0.8110547089344182, "best_train_acc": 0.6415204146585433, "best_valid_auc": 0.780206938839717, "best_valid_acc": 0.4890282131661442, "_wandb": {"runtime": 384}}