{"epoch": 55, "train_loss_epoch": 0.5637339949607849, "train_auc_epoch": 0.8117767530500295, "train_acc_epoch": 0.6440296105568072, "valid_auc_epoch": 0.7781378714770477, "valid_acc_epoch": 0.4890282131661442, "_timestamp": 1670545367.0542026, "_runtime": 378.5871784687042, "_step": 55, "best_epoch": 45, "best_train_loss": 0.5660737752914429, "best_train_auc": 0.8099898008860729, "best_train_acc": 0.6440296105568072, "best_valid_auc": 0.7793782685325192, "best_valid_acc": 0.4890282131661442, "_wandb": {"runtime": 378}}