{"epoch": 45, "train_loss_epoch": 0.4612427353858948, "train_auc_epoch": 0.8409721273192685, "train_acc_epoch": 0.7888233987665078, "valid_auc_epoch": 0.8172466957523925, "valid_acc_epoch": 0.7375727720555306, "_timestamp": 1669862500.2590363, "_runtime": 1304.1082882881165, "_step": 45, "best_epoch": 35, "best_train_loss": 0.4615670144557953, "best_train_auc": 0.8407690686746948, "best_train_acc": 0.7884782942955256, "best_valid_auc": 0.8177487134542349, "best_valid_acc": 0.7380206000895656, "_wandb": {"runtime": 1303}}