{"epoch": 80, "train_loss_epoch": 0.4460519552230835, "train_auc_epoch": 0.8583055361704262, "train_acc_epoch": 0.7959465444030531, "valid_auc_epoch": 0.8099146690294807, "valid_acc_epoch": 0.7344379758172862, "_timestamp": 1669780409.1050684, "_runtime": 566.9305603504181, "_step": 80, "best_epoch": 70, "best_train_loss": 0.45200008153915405, "best_train_auc": 0.8539617500958759, "best_train_acc": 0.7931330919321645, "best_valid_auc": 0.8107164526971714, "best_valid_acc": 0.7402597402597403, "_wandb": {"runtime": 566}}