{"epoch": 65, "train_loss_epoch": 0.45720168948173523, "train_auc_epoch": 0.8458845000392909, "train_acc_epoch": 0.793303339678145, "valid_auc_epoch": 0.8072444645626066, "valid_acc_epoch": 0.7304075235109718, "_timestamp": 1669909369.269792, "_runtime": 2919.524824142456, "_step": 65, "best_epoch": 55, "best_train_loss": 0.4601980149745941, "best_train_auc": 0.8435111248784988, "best_train_acc": 0.7918065409240354, "best_valid_auc": 0.8086931327509769, "best_valid_acc": 0.7326466636811464, "_wandb": {"runtime": 2919}}