{"epoch": 29, "train_loss_epoch": 0.4375234544277191, "train_auc_epoch": 0.8602413401086331, "train_acc_epoch": 0.8006897083613367, "valid_auc_epoch": 0.8096634595319958, "valid_acc_epoch": 0.7313031795790417, "_timestamp": 1669799604.9000707, "_runtime": 955.4458737373352, "_step": 29, "best_epoch": 19, "best_train_loss": 0.44740092754364014, "best_train_auc": 0.8529745270465796, "best_train_acc": 0.7951808556350054, "best_valid_auc": 0.8155287598758238, "best_valid_acc": 0.7357814599193909, "_wandb": {"runtime": 955}}