{"epoch": 42, "train_loss_epoch": 0.45567435026168823, "train_auc_epoch": 0.8463740873638452, "train_acc_epoch": 0.791436795394579, "valid_auc_epoch": 0.8081441637532785, "valid_acc_epoch": 0.729511867442902, "_timestamp": 1669835561.9984734, "_runtime": 610.2384703159332, "_step": 42, "best_epoch": 32, "best_train_loss": 0.4603826701641083, "best_train_auc": 0.8427070733943609, "best_train_acc": 0.7888108974763606, "best_valid_auc": 0.8108167759789146, "best_valid_acc": 0.7335423197492164, "_wandb": {"runtime": 609}}