{"epoch": 15, "train_loss_epoch": 0.4602274000644684, "train_auc_epoch": 0.8446826779207355, "train_acc_epoch": 0.7881485280291097, "valid_auc_epoch": 0.7948822284930961, "valid_acc_epoch": 0.7227944469323779, "_timestamp": 1670108446.6449206, "_runtime": 267.54160261154175, "_step": 15, "best_epoch": 5, "best_train_loss": 0.47738680243492126, "best_train_auc": 0.8310053483632543, "best_train_acc": 0.7800407829346618, "best_valid_auc": 0.7973397476026749, "best_valid_acc": 0.7196596506941334, "_wandb": {"runtime": 267}}