{"epoch": 56, "train_loss_epoch": 0.4578089118003845, "train_auc_epoch": 0.8438135243790728, "train_acc_epoch": 0.7900152937363906, "valid_auc_epoch": 0.8164669832066852, "valid_acc_epoch": 0.7384684281236006, "_timestamp": 1669736596.8702686, "_runtime": 2732.8109736442566, "_step": 56, "best_epoch": 46, "best_train_loss": 0.4640882909297943, "best_train_auc": 0.8393438032498819, "best_train_acc": 0.7870787826413249, "best_valid_auc": 0.8203587239520631, "best_valid_acc": 0.742498880429915, "_wandb": {"runtime": 2733}}