{"epoch": 45, "train_loss_epoch": 0.4384623169898987, "train_auc_epoch": 0.8595924269559769, "train_acc_epoch": 0.800264501331755, "valid_auc_epoch": 0.806570292109293, "valid_acc_epoch": 0.7268248992386923, "_timestamp": 1670119604.7548456, "_runtime": 456.9028537273407, "_step": 45, "best_epoch": 35, "best_train_loss": 0.4388909935951233, "best_train_auc": 0.8593325505089157, "best_train_acc": 0.7994506510802012, "best_valid_auc": 0.8106907699370451, "best_valid_acc": 0.7348858038513211, "_wandb": {"runtime": 456}}