{"epoch": 39, "train_loss_epoch": 0.4781837463378906, "train_auc_epoch": 0.8302456228189904, "train_acc_epoch": 0.7796561256417267, "valid_auc_epoch": 0.8077340421775129, "valid_acc_epoch": 0.7326466636811464, "_timestamp": 1669757020.2841263, "_runtime": 364.4206042289734, "_step": 39, "best_epoch": 29, "best_train_loss": 0.47955307364463806, "best_train_auc": 0.8289797488724162, "best_train_acc": 0.7786688538533977, "best_valid_auc": 0.8095414664213962, "best_valid_acc": 0.7348858038513211, "_wandb": {"runtime": 363}}