{"epoch": 15, "train_loss_epoch": 0.48781922459602356, "train_auc_epoch": 0.8198273985313538, "train_acc_epoch": 0.7754235069743091, "valid_auc_epoch": 0.795045153502647, "valid_acc_epoch": 0.7317510076130765, "_timestamp": 1669811799.0958855, "_runtime": 200.27129340171814, "_step": 15, "best_epoch": 5, "best_train_loss": 0.4881851077079773, "best_train_auc": 0.8198990481143218, "best_train_acc": 0.7751019034441494, "best_valid_auc": 0.8023968435887805, "best_valid_acc": 0.7308553515450067, "_wandb": {"runtime": 199}}