{"epoch": 11, "train_loss_epoch": 0.6479395627975464, "train_auc_epoch": 0.49841904167894796, "train_acc_epoch": 0.6493675030746379, "valid_auc_epoch": 0.5, "valid_acc_epoch": 0.4890282131661442, "_timestamp": 1670095614.7508078, "_runtime": 1225.541455745697, "_step": 11, "best_epoch": 1, "best_train_loss": 0.6490587592124939, "best_train_auc": 0.49806565923838714, "best_train_acc": 0.6493675030746379, "best_valid_auc": 0.5, "best_valid_acc": 0.4890282131661442, "_wandb": {"runtime": 1225}}