{"epoch": 20, "train_loss_epoch": 0.5608245730400085, "train_auc_epoch": 0.8064596752142492, "train_acc_epoch": 0.6493812034100738, "valid_auc_epoch": 0.7776691611047439, "valid_acc_epoch": 0.4890282131661442, "_timestamp": 1670453990.9902184, "_runtime": 394.097243309021, "_step": 20, "best_epoch": 10, "best_train_loss": 0.5634161233901978, "best_train_auc": 0.8069908660887181, "best_train_acc": 0.6493812034100738, "best_valid_auc": 0.7819541691145546, "best_valid_acc": 0.4890282131661442, "_wandb": {"runtime": 393}}