{"epoch": 18, "train_loss_epoch": 0.49217724800109863, "train_auc_epoch": 0.8156642065885344, "train_acc_epoch": 0.773831411699343, "valid_auc_epoch": 0.7968734449891329, "valid_acc_epoch": 0.7245857590685177, "_timestamp": 1669731951.2284741, "_runtime": 323.36520504951477, "_step": 18, "best_epoch": 8, "best_train_loss": 0.49098461866378784, "best_train_auc": 0.8169792956233836, "best_train_acc": 0.7734591130126982, "best_valid_auc": 0.8023759763461779, "best_valid_acc": 0.7344379758172862, "_wandb": {"runtime": 323}}