{"epoch": 8, "train_loss_epoch": 0.46239542961120605, "train_auc_epoch": 0.845117573848057, "train_acc_epoch": 0.7824028061970184, "valid_auc_epoch": 0.7961730606652333, "valid_acc_epoch": 0.7298507462686568, "_timestamp": 1669714320.9368525, "_runtime": 75.69309449195862, "_step": 8, "best_epoch": 3, "best_train_loss": 0.4895530641078949, "best_train_auc": 0.823656256745725, "best_train_acc": 0.7695703010815551, "best_valid_auc": 0.8001038587043652, "best_valid_acc": 0.7348258706467662, "_wandb": {"runtime": 75}}