{"epoch": 29, "train_loss_epoch": 0.5656304955482483, "train_auc_epoch": 0.803115428165246, "train_acc_epoch": 0.6496382975067443, "valid_auc_epoch": 0.7713471891824214, "valid_acc_epoch": 0.4890282131661442, "_timestamp": 1670552533.3955653, "_runtime": 472.8502972126007, "_step": 29, "best_epoch": 19, "best_train_loss": 0.5676192045211792, "best_train_auc": 0.8009479249035499, "best_train_acc": 0.6496382975067443, "best_valid_auc": 0.7767923356223094, "best_valid_acc": 0.4890282131661442, "_wandb": {"runtime": 472}}