{"epoch": 37, "train_loss_epoch": 0.46750780940055847, "train_auc_epoch": 0.8371874969372467, "train_acc_epoch": 0.787598944591029, "valid_auc_epoch": 0.8121137553652891, "valid_acc_epoch": 0.7389162561576355, "_timestamp": 1669833651.977755, "_runtime": 2914.477072954178, "_step": 37, "best_epoch": 27, "best_train_loss": 0.4679088294506073, "best_train_auc": 0.836854041405665, "best_train_acc": 0.7870624029490854, "best_valid_auc": 0.8167093642553764, "best_valid_acc": 0.7447380206000895, "_wandb": {"runtime": 2914}}