{"epoch": 16, "train_loss_epoch": 0.5665872693061829, "train_auc_epoch": 0.8012897409608839, "train_acc_epoch": 0.6512702236345309, "valid_auc_epoch": 0.7736152979360692, "valid_acc_epoch": 0.4890282131661442, "_timestamp": 1670554686.2095196, "_runtime": 614.836368560791, "_step": 16, "best_epoch": 6, "best_train_loss": 0.568830668926239, "best_train_auc": 0.7981934585953534, "best_train_acc": 0.6512702236345309, "best_valid_auc": 0.7759616588494765, "best_valid_acc": 0.4890282131661442, "_wandb": {"runtime": 614}}