{"epoch": 51, "train_loss_epoch": 0.42964431643486023, "train_auc_epoch": 0.8673145471828982, "train_acc_epoch": 0.8051298436587596, "valid_auc_epoch": 0.8067508740164305, "valid_acc_epoch": 0.7313031795790417, "_timestamp": 1669843939.361218, "_runtime": 653.6790409088135, "_step": 51, "best_epoch": 41, "best_train_loss": 0.4582107663154602, "best_train_auc": 0.8451443064328912, "best_train_acc": 0.7911043046175203, "best_valid_auc": 0.8155785202235684, "best_valid_acc": 0.7299596954769368, "_wandb": {"runtime": 653}}