{"epoch": 38, "train_loss_epoch": 0.4447283446788788, "train_auc_epoch": 0.8557013442463364, "train_acc_epoch": 0.7980356614382954, "valid_auc_epoch": 0.8019650521841581, "valid_acc_epoch": 0.7201074787281684, "_timestamp": 1669857447.1107948, "_runtime": 396.2994658946991, "_step": 38, "best_epoch": 28, "best_train_loss": 0.45412319898605347, "best_train_auc": 0.8484813247093023, "best_train_acc": 0.792643903521752, "best_valid_auc": 0.8032371513966605, "best_valid_acc": 0.7268248992386923, "_wandb": {"runtime": 395}}