{"epoch": 21, "train_loss_epoch": 0.4553273618221283, "train_auc_epoch": 0.8463405305353646, "train_acc_epoch": 0.7904840004783626, "valid_auc_epoch": 0.7974312424356246, "valid_acc_epoch": 0.7339901477832512, "_timestamp": 1669817614.8159173, "_runtime": 920.2065763473511, "_step": 21, "best_epoch": 11, "best_train_loss": 0.4607510268688202, "best_train_auc": 0.8421932021785651, "best_train_acc": 0.7877436659662072, "best_valid_auc": 0.80214242374628, "best_valid_acc": 0.7344379758172862, "_wandb": {"runtime": 919}}