{"epoch": 50, "train_loss_epoch": 0.42217299342155457, "train_auc_epoch": 0.8705895619818471, "train_acc_epoch": 0.8057857354246819, "valid_auc_epoch": 0.8055935446382423, "valid_acc_epoch": 0.7245857590685177, "_timestamp": 1670111338.9856882, "_runtime": 635.4902911186218, "_step": 50, "best_epoch": 40, "best_train_loss": 0.4581785500049591, "best_train_auc": 0.8440694294403954, "best_train_acc": 0.7895087303936076, "best_valid_auc": 0.8117253036183798, "best_valid_acc": 0.7375727720555306, "_wandb": {"runtime": 635}}