{"epoch": 52, "train_loss_epoch": 0.5663647651672363, "train_auc_epoch": 0.8026110597774734, "train_acc_epoch": 0.6489345960343297, "valid_auc_epoch": 0.7732481147248895, "valid_acc_epoch": 0.4890282131661442, "_timestamp": 1670397428.7488246, "_runtime": 522.5844395160675, "_step": 52, "best_epoch": 42, "best_train_loss": 0.5686332583427429, "best_train_auc": 0.80037368729921, "best_train_acc": 0.6489345960343297, "best_valid_auc": 0.77428585875124, "best_valid_acc": 0.4890282131661442, "_wandb": {"runtime": 522}}