{"epoch": 33, "train_loss_epoch": 0.45871827006340027, "train_auc_epoch": 0.8429029740119223, "train_acc_epoch": 0.7893756858018409, "valid_auc_epoch": 0.8043013807693913, "valid_acc_epoch": 0.7277205553067622, "_timestamp": 1669937462.086207, "_runtime": 1646.8244669437408, "_step": 33, "best_epoch": 23, "best_train_loss": 0.45847010612487793, "best_train_auc": 0.8434836544802229, "best_train_acc": 0.7899186418707252, "best_valid_auc": 0.8082870241064808, "best_valid_acc": 0.7317510076130765, "_wandb": {"runtime": 1646}}