{"epoch": 14, "train_loss_epoch": 0.4139038026332855, "train_auc_epoch": 0.8810265722145441, "train_acc_epoch": 0.8117713004484305, "valid_auc_epoch": 0.7714001598751817, "valid_acc_epoch": 0.7129422301836095, "_timestamp": 1670092297.308032, "_runtime": 75.50735211372375, "_step": 14, "best_epoch": 4, "best_train_loss": 0.4731171131134033, "best_train_auc": 0.8387419479043625, "best_train_acc": 0.7813677130044843, "best_valid_auc": 0.7867199262904785, "best_valid_acc": 0.7174205105239588, "_wandb": {"runtime": 75}}