{"epoch": 34, "train_loss_epoch": 0.477142333984375, "train_auc_epoch": 0.8279051612121915, "train_acc_epoch": 0.7811341936296831, "valid_auc_epoch": 0.8047564471753779, "valid_acc_epoch": 0.735333631885356, "_timestamp": 1669748670.0951045, "_runtime": 589.3948395252228, "_step": 34, "best_epoch": 24, "best_train_loss": 0.47656330466270447, "best_train_auc": 0.8284212532152648, "best_train_acc": 0.781483581627919, "best_valid_auc": 0.8066344990096085, "best_valid_acc": 0.7308553515450067, "_wandb": {"runtime": 589}}