{"epoch": 38, "train_loss_epoch": 0.476448118686676, "train_auc_epoch": 0.8336622899085115, "train_acc_epoch": 0.7774161047818337, "valid_auc_epoch": 0.797840973702737, "valid_acc_epoch": 0.7318407960199005, "_timestamp": 1669714115.641925, "_runtime": 283.50789999961853, "_step": 38, "best_epoch": 33, "best_train_loss": 0.4781046509742737, "best_train_auc": 0.8321505829061172, "best_train_acc": 0.777028598000465, "best_valid_auc": 0.7978937494585505, "best_valid_acc": 0.7353233830845771, "_wandb": {"runtime": 283}}