{"epoch": 15, "train_loss_epoch": 0.47720426321029663, "train_auc_epoch": 0.8294120652794321, "train_acc_epoch": 0.7806000576582514, "valid_auc_epoch": 0.8040878928258419, "valid_acc_epoch": 0.7330944917151814, "_timestamp": 1669898300.7833693, "_runtime": 707.4284973144531, "_step": 15, "best_epoch": 5, "best_train_loss": 0.4775772988796234, "best_train_auc": 0.8292486022260718, "best_train_acc": 0.7802036571805115, "best_valid_auc": 0.8067300067738279, "best_valid_acc": 0.7344379758172862, "_wandb": {"runtime": 707}}