{"epoch": 52, "train_loss_epoch": 0.4555395841598511, "train_auc_epoch": 0.8455523248865735, "train_acc_epoch": 0.7902138670159242, "valid_auc_epoch": 0.8106369966580308, "valid_acc_epoch": 0.7384684281236006, "_timestamp": 1669873949.3522334, "_runtime": 1196.0675435066223, "_step": 52, "best_epoch": 42, "best_train_loss": 0.4583050310611725, "best_train_auc": 0.8433770687938356, "best_train_acc": 0.7889001581242313, "best_valid_auc": 0.8109917397822743, "best_valid_acc": 0.7393640841916704, "_wandb": {"runtime": 1195}}