{"epoch": 17, "train_loss_epoch": 0.5156300663948059, "train_auc_epoch": 0.799031548426143, "train_acc_epoch": 0.759861421790605, "valid_auc_epoch": 0.7889366695238738, "valid_acc_epoch": 0.7210031347962382, "_timestamp": 1669731038.3983588, "_runtime": 175.02934575080872, "_step": 17, "best_epoch": 7, "best_train_loss": 0.5197404026985168, "best_train_auc": 0.7943907531289666, "best_train_acc": 0.7572699001582193, "best_valid_auc": 0.789614052322203, "best_valid_acc": 0.7236901030004478, "_wandb": {"runtime": 174}}