{"epoch": 31, "train_loss_epoch": 0.4595937132835388, "train_auc_epoch": 0.8447963951305861, "train_acc_epoch": 0.7892401307899155, "valid_auc_epoch": 0.8076794663122444, "valid_acc_epoch": 0.7371249440214958, "_timestamp": 1670129245.4794161, "_runtime": 5474.8328540325165, "_step": 31, "best_epoch": 21, "best_train_loss": 0.45841026306152344, "best_train_auc": 0.84341769573884, "best_train_acc": 0.7877756877201398, "best_valid_auc": 0.8101000664541419, "best_valid_acc": 0.7321988356471115, "_wandb": {"runtime": 5476}}