{"epoch": 25, "train_loss_epoch": 0.4584084153175354, "train_auc_epoch": 0.8464648709278204, "train_acc_epoch": 0.7907615663577421, "valid_auc_epoch": 0.807121668865753, "valid_acc_epoch": 0.7348858038513211, "_timestamp": 1669843250.924976, "_runtime": 627.4361062049866, "_step": 25, "best_epoch": 15, "best_train_loss": 0.4681057631969452, "best_train_auc": 0.8387740141446729, "best_train_acc": 0.7842656019146, "best_valid_auc": 0.8085302077414259, "best_valid_acc": 0.729064039408867, "_wandb": {"runtime": 627}}