{"epoch": 55, "train_loss_epoch": 0.4527416527271271, "train_auc_epoch": 0.847753934553958, "train_acc_epoch": 0.7917511859317351, "valid_auc_epoch": 0.8205184386165981, "valid_acc_epoch": 0.7313031795790417, "_timestamp": 1669856957.5658116, "_runtime": 2626.6646225452423, "_step": 55, "best_epoch": 45, "best_train_loss": 0.45100137591362, "best_train_auc": 0.8489744495355132, "best_train_acc": 0.7921704547269562, "best_valid_auc": 0.8213426946993992, "best_valid_acc": 0.735333631885356, "_wandb": {"runtime": 2626}}