{"epoch": 32, "train_loss_epoch": 0.4791494309902191, "train_auc_epoch": 0.8291498913784578, "train_acc_epoch": 0.778575527797111, "valid_auc_epoch": 0.80440892732742, "valid_acc_epoch": 0.728616211374832, "_timestamp": 1669819485.42614, "_runtime": 294.45447516441345, "_step": 32, "best_epoch": 22, "best_train_loss": 0.47915101051330566, "best_train_auc": 0.8294611949216872, "best_train_acc": 0.7787953160677437, "best_valid_auc": 0.8105743949302231, "best_valid_acc": 0.7362292879534259, "_wandb": {"runtime": 294}}