{"epoch": 49, "train_loss_epoch": 0.4608432352542877, "train_auc_epoch": 0.8418977329136283, "train_acc_epoch": 0.7885842174499855, "valid_auc_epoch": 0.806774149017795, "valid_acc_epoch": 0.735333631885356, "_timestamp": 1670126259.2110548, "_runtime": 1257.7129788398743, "_step": 49, "best_epoch": 39, "best_train_loss": 0.4631630480289459, "best_train_auc": 0.8400962116354944, "best_train_acc": 0.7872345514496096, "best_valid_auc": 0.8079378990860149, "best_valid_acc": 0.7384684281236006, "_wandb": {"runtime": 1257}}