{"epoch": 36, "train_loss_epoch": 0.45386597514152527, "train_auc_epoch": 0.8504566775603141, "train_acc_epoch": 0.793594392957007, "valid_auc_epoch": 0.7944560551922515, "valid_acc_epoch": 0.7174205105239588, "_timestamp": 1669830704.4099462, "_runtime": 354.54247522354126, "_step": 36, "best_epoch": 26, "best_train_loss": 0.4659574627876282, "best_train_auc": 0.8408473219702228, "best_train_acc": 0.7870251657569874, "best_valid_auc": 0.7972747381161054, "best_valid_acc": 0.7232422749664129, "_wandb": {"runtime": 354}}