{"epoch": 29, "train_loss_epoch": 0.45022276043891907, "train_auc_epoch": 0.8491620978434786, "train_acc_epoch": 0.7929480793660948, "valid_auc_epoch": 0.8084411206672382, "valid_acc_epoch": 0.7321988356471115, "_timestamp": 1669786756.8696434, "_runtime": 571.4177784919739, "_step": 29, "best_epoch": 19, "best_train_loss": 0.450838565826416, "best_train_auc": 0.8489845220540392, "best_train_acc": 0.7932679565332627, "best_valid_auc": 0.8127943485086343, "best_valid_acc": 0.7371249440214958, "_wandb": {"runtime": 567}}