{"epoch": 51, "train_loss_epoch": 0.44270819425582886, "train_auc_epoch": 0.8552513706754574, "train_acc_epoch": 0.7966906422219582, "valid_auc_epoch": 0.8050582196068612, "valid_acc_epoch": 0.7339901477832512, "_timestamp": 1669942719.5940137, "_runtime": 1012.8558807373047, "_step": 51, "best_epoch": 41, "best_train_loss": 0.4668337106704712, "best_train_auc": 0.8367845839785709, "best_train_acc": 0.7851385068133837, "best_valid_auc": 0.8114829225696886, "best_valid_acc": 0.7339901477832512, "_wandb": {"runtime": 1012}}