{"epoch": 99, "train_loss_epoch": 0.4512079656124115, "train_auc_epoch": 0.8516173646191838, "train_acc_epoch": 0.8002525451819115, "valid_auc_epoch": 0.7738384169146658, "valid_acc_epoch": 0.7021943573667712, "_timestamp": 1669730411.8689933, "_runtime": 628.1613461971283, "_step": 99, "best_epoch": 89, "best_train_loss": 0.45824769139289856, "best_train_auc": 0.8466169679967194, "best_train_acc": 0.7957856522768526, "best_valid_auc": 0.7775736533405244, "best_valid_acc": 0.7102552619793999, "_wandb": {"runtime": 627}}