{"epoch": 19, "train_loss_epoch": 0.4810176491737366, "train_auc_epoch": 0.8258373276426858, "train_acc_epoch": 0.778343445426967, "valid_auc_epoch": 0.7993068865110933, "valid_acc_epoch": 0.7111509180474698, "_timestamp": 1669915116.453218, "_runtime": 532.9808030128479, "_step": 19, "best_epoch": 9, "best_train_loss": 0.4816811680793762, "best_train_auc": 0.8250874214893456, "best_train_acc": 0.7781740140708707, "best_valid_auc": 0.8060686757005776, "best_valid_acc": 0.7366771159874608, "_wandb": {"runtime": 532}}