{"epoch": 27, "train_loss_epoch": 0.5619374513626099, "train_auc_epoch": 0.8068452179614454, "train_acc_epoch": 0.6496382975067443, "valid_auc_epoch": 0.7856163701913045, "valid_acc_epoch": 0.4890282131661442, "_timestamp": 1670494948.8759136, "_runtime": 934.7753376960754, "_step": 27, "best_epoch": 17, "best_train_loss": 0.5616982579231262, "best_train_auc": 0.8067074166991361, "best_train_acc": 0.6496382975067443, "best_valid_auc": 0.7861448732395271, "best_valid_acc": 0.4890282131661442, "_wandb": {"runtime": 934}}