{"epoch": 16, "train_loss_epoch": 0.44778940081596375, "train_auc_epoch": 0.8534947543637953, "train_acc_epoch": 0.7953404883886167, "valid_auc_epoch": 0.7995837787687043, "valid_acc_epoch": 0.7236901030004478, "_timestamp": 1670102819.6621244, "_runtime": 201.32121443748474, "_step": 16, "best_epoch": 6, "best_train_loss": 0.4658151865005493, "best_train_auc": 0.8392755097411924, "best_train_acc": 0.7860289443177144, "best_valid_auc": 0.8048383109732804, "best_valid_acc": 0.7335423197492164, "_wandb": {"runtime": 200}}