{"epoch": 23, "train_loss_epoch": 0.4386066794395447, "train_auc_epoch": 0.8609984140670437, "train_acc_epoch": 0.7998019595580571, "valid_auc_epoch": 0.8005356460658828, "valid_acc_epoch": 0.729511867442902, "_timestamp": 1670074009.2007015, "_runtime": 350.65317845344543, "_step": 23, "best_epoch": 13, "best_train_loss": 0.45688265562057495, "best_train_auc": 0.847208984202442, "best_train_acc": 0.7908067542213884, "best_valid_auc": 0.8056898549887157, "best_valid_acc": 0.7366771159874608, "_wandb": {"runtime": 350}}