{"epoch": 31, "train_loss_epoch": 0.4386933147907257, "train_auc_epoch": 0.8599212769978275, "train_acc_epoch": 0.7999223142941698, "valid_auc_epoch": 0.8045766678544943, "valid_acc_epoch": 0.7304075235109718, "_timestamp": 1670006747.9978123, "_runtime": 386.9515013694763, "_step": 31, "best_epoch": 21, "best_train_loss": 0.45114296674728394, "best_train_auc": 0.8502816255813685, "best_train_acc": 0.7937814442142646, "best_valid_auc": 0.8055421791179899, "best_valid_acc": 0.7380206000895656, "_wandb": {"runtime": 386}}