{"epoch": 17, "train_loss_epoch": 0.4010235667228699, "train_auc_epoch": 0.8873340162813057, "train_acc_epoch": 0.8152460270247301, "valid_auc_epoch": 0.7914917028633068, "valid_acc_epoch": 0.7156291983878191, "_timestamp": 1669825200.133393, "_runtime": 175.0754189491272, "_step": 17, "best_epoch": 7, "best_train_loss": 0.44321128726005554, "best_train_auc": 0.8587510500273504, "best_train_acc": 0.7966006628707402, "best_valid_auc": 0.7989513408005957, "best_valid_acc": 0.7348858038513211, "_wandb": {"runtime": 174}}