{"epoch": 11, "train_loss_epoch": 0.6024250984191895, "train_auc_epoch": 0.7342911919619548, "train_acc_epoch": 0.6343032797561674, "valid_auc_epoch": 0.6734441062881027, "valid_acc_epoch": 0.4890282131661442, "_timestamp": 1670530214.2759511, "_runtime": 124.14863014221191, "_step": 11, "best_epoch": 1, "best_train_loss": 0.5996758937835693, "best_train_auc": 0.7416573433440586, "best_train_acc": 0.6343032797561674, "best_valid_auc": 0.7411707486203543, "best_valid_acc": 0.4890282131661442, "_wandb": {"runtime": 123}}