{"epoch": 20, "train_loss_epoch": 0.5656465888023376, "train_auc_epoch": 0.8061445231549359, "train_acc_epoch": 0.6482363002646356, "valid_auc_epoch": 0.76872433730453, "valid_acc_epoch": 0.4890282131661442, "_timestamp": 1670483344.755116, "_runtime": 649.3057770729065, "_step": 20, "best_epoch": 10, "best_train_loss": 0.568017303943634, "best_train_auc": 0.8040444776150425, "best_train_acc": 0.6482363002646356, "best_valid_auc": 0.7731481927362733, "best_valid_acc": 0.4890282131661442, "_wandb": {"runtime": 649}}