{"epoch": 16, "train_loss_epoch": 0.44937974214553833, "train_auc_epoch": 0.8514081218125709, "train_acc_epoch": 0.7955397608917953, "valid_auc_epoch": 0.7987057494068888, "valid_acc_epoch": 0.7178683385579937, "_timestamp": 1670029330.7556002, "_runtime": 318.8378322124481, "_step": 16, "best_epoch": 6, "best_train_loss": 0.4671381115913391, "best_train_auc": 0.837407224139536, "best_train_acc": 0.7855474618424209, "best_valid_auc": 0.8016432150963264, "best_valid_acc": 0.7313031795790417, "_wandb": {"runtime": 318}}