{"epoch": 19, "train_loss_epoch": 0.4584445357322693, "train_auc_epoch": 0.8446778883702248, "train_acc_epoch": 0.7892436745083969, "valid_auc_epoch": 0.8039779385090514, "valid_acc_epoch": 0.7321988356471115, "_timestamp": 1669950761.6986313, "_runtime": 5210.1740782260895, "_step": 19, "best_epoch": 9, "best_train_loss": 0.46256500482559204, "best_train_auc": 0.8393898536127702, "best_train_acc": 0.7856730391403141, "best_valid_auc": 0.8084234637696512, "best_valid_acc": 0.7344379758172862, "_wandb": {"runtime": 5213}}