{"epoch": 34, "train_loss_epoch": 0.4566051959991455, "train_auc_epoch": 0.8464345540017861, "train_acc_epoch": 0.7905837478029991, "valid_auc_epoch": 0.8087521228406416, "valid_acc_epoch": 0.735333631885356, "_timestamp": 1670007244.6361318, "_runtime": 460.1374156475067, "_step": 34, "best_epoch": 24, "best_train_loss": 0.46280840039253235, "best_train_auc": 0.841317824559791, "best_train_acc": 0.7877341909427471, "best_valid_auc": 0.8106747182119662, "best_valid_acc": 0.7371249440214958, "_wandb": {"runtime": 459}}