{"epoch": 31, "train_loss_epoch": 0.4588462710380554, "train_auc_epoch": 0.8435861520981873, "train_acc_epoch": 0.7899823610590676, "valid_auc_epoch": 0.8052596687566013, "valid_acc_epoch": 0.7263770712046574, "_timestamp": 1669938370.579042, "_runtime": 875.1807019710541, "_step": 31, "best_epoch": 21, "best_train_loss": 0.461240291595459, "best_train_auc": 0.8415950016422036, "best_train_acc": 0.7884926473948289, "best_valid_auc": 0.8065149136577708, "best_valid_acc": 0.7384684281236006, "_wandb": {"runtime": 874}}