{"epoch": 33, "train_loss_epoch": 0.4406028687953949, "train_auc_epoch": 0.8540436397291753, "train_acc_epoch": 0.7989937578255664, "valid_auc_epoch": 0.8163562263036408, "valid_acc_epoch": 0.7389162561576355, "_timestamp": 1670116531.6779277, "_runtime": 1055.9314408302307, "_step": 33, "best_epoch": 23, "best_train_loss": 0.4545247256755829, "best_train_auc": 0.8451672084414104, "best_train_acc": 0.7918833453668077, "best_valid_auc": 0.8237608870825348, "best_valid_acc": 0.7433945364979848, "_wandb": {"runtime": 1055}}