{"epoch": 31, "train_loss_epoch": 0.4599320590496063, "train_auc_epoch": 0.8421726475491718, "train_acc_epoch": 0.7905627096337864, "valid_auc_epoch": 0.8160392047333327, "valid_acc_epoch": 0.735333631885356, "_timestamp": 1670126783.2247722, "_runtime": 1184.3014571666718, "_step": 31, "best_epoch": 21, "best_train_loss": 0.4626970589160919, "best_train_auc": 0.8402020928090425, "best_train_acc": 0.7883646965279618, "best_valid_auc": 0.81810987726851, "best_valid_acc": 0.7433945364979848, "_wandb": {"runtime": 1184}}