{"epoch": 78, "train_loss_epoch": 0.4055148959159851, "train_auc_epoch": 0.8832066716689521, "train_acc_epoch": 0.7975927356003515, "valid_auc_epoch": 0.79884740588071, "valid_acc_epoch": 0.7304075235109718, "_timestamp": 1670063830.5946789, "_runtime": 607.6118898391724, "_step": 78, "best_epoch": 68, "best_train_loss": 0.44544923305511475, "best_train_auc": 0.8582847272380527, "best_train_acc": 0.7909621068889303, "best_valid_auc": 0.8142983951485268, "best_valid_acc": 0.7433945364979848, "_wandb": {"runtime": 607}}