{"epoch": 31, "train_loss_epoch": 0.44627565145492554, "train_auc_epoch": 0.850841798278349, "train_acc_epoch": 0.7919122546255958, "valid_auc_epoch": 0.8218435085218608, "valid_acc_epoch": 0.7393640841916704, "_timestamp": 1669956905.1792758, "_runtime": 1554.489111661911, "_step": 31, "best_epoch": 21, "best_train_loss": 0.4533844590187073, "best_train_auc": 0.8455979728519849, "best_train_acc": 0.7907060974151333, "best_valid_auc": 0.8230666499728726, "best_valid_acc": 0.7402597402597403, "_wandb": {"runtime": 1554}}