{"epoch": 42, "train_loss_epoch": 0.4507265090942383, "train_auc_epoch": 0.8540123411994358, "train_acc_epoch": 0.7975692526241023, "valid_auc_epoch": 0.7861902193628749, "valid_acc_epoch": 0.7120465741155396, "_timestamp": 1670086001.3340623, "_runtime": 536.3529024124146, "_step": 42, "best_epoch": 32, "best_train_loss": 0.4607766568660736, "best_train_auc": 0.8464738224179589, "best_train_acc": 0.7924394286165259, "best_valid_auc": 0.7882697203468457, "best_valid_acc": 0.7169726824899239, "_wandb": {"runtime": 536}}