{"epoch": 29, "train_loss_epoch": 0.4405490756034851, "train_auc_epoch": 0.857927980937493, "train_acc_epoch": 0.7986436872461925, "valid_auc_epoch": 0.7966543389418062, "valid_acc_epoch": 0.7236901030004478, "_timestamp": 1669755582.5123928, "_runtime": 483.57690167427063, "_step": 29, "best_epoch": 19, "best_train_loss": 0.4496123790740967, "best_train_auc": 0.8511814407208599, "best_train_acc": 0.7946572274630422, "best_valid_auc": 0.7996736684291461, "best_valid_acc": 0.7250335871025526, "_wandb": {"runtime": 483}}