{"epoch": 30, "train_loss_epoch": 0.4658678472042084, "train_auc_epoch": 0.8368175724595044, "train_acc_epoch": 0.7867632427269471, "valid_auc_epoch": 0.8180978384747009, "valid_acc_epoch": 0.7330944917151814, "_timestamp": 1669907168.13958, "_runtime": 6360.34920501709, "_step": 30, "best_epoch": 20, "best_train_loss": 0.4662383198738098, "best_train_auc": 0.8365090080728703, "best_train_acc": 0.7862515563793074, "best_valid_auc": 0.8191379902598132, "best_valid_acc": 0.7407075682937752, "_wandb": {"runtime": 6362}}