{"epoch": 29, "train_loss_epoch": 0.4631742537021637, "train_auc_epoch": 0.8401277376255767, "train_acc_epoch": 0.7883890494976761, "valid_auc_epoch": 0.8069531257524246, "valid_acc_epoch": 0.729511867442902, "_timestamp": 1670123529.4865665, "_runtime": 1628.7600564956665, "_step": 29, "best_epoch": 19, "best_train_loss": 0.4721926152706146, "best_train_auc": 0.8322134796336178, "best_train_acc": 0.7826191122682042, "best_valid_auc": 0.8075374085452963, "best_valid_acc": 0.7371249440214958, "_wandb": {"runtime": 1628}}