{"epoch": 54, "train_loss_epoch": 0.4433450400829315, "train_auc_epoch": 0.8540851139718448, "train_acc_epoch": 0.7951988991427958, "valid_auc_epoch": 0.8165544651083654, "valid_acc_epoch": 0.7389162561576355, "_timestamp": 1670013309.5472367, "_runtime": 1931.9676847457886, "_step": 54, "best_epoch": 44, "best_train_loss": 0.45441552996635437, "best_train_auc": 0.8462177106814232, "best_train_acc": 0.7908750047341909, "best_valid_auc": 0.820955045538744, "best_valid_acc": 0.742498880429915, "_wandb": {"runtime": 1931}}