{"epoch": 38, "train_loss_epoch": 0.45580536127090454, "train_auc_epoch": 0.8505104130182349, "train_acc_epoch": 0.7912331838565022, "valid_auc_epoch": 0.8060799119081327, "valid_acc_epoch": 0.7357814599193909, "_timestamp": 1669782631.0339782, "_runtime": 334.6244831085205, "_step": 38, "best_epoch": 28, "best_train_loss": 0.46290045976638794, "best_train_auc": 0.8448918966279305, "best_train_acc": 0.7866367713004484, "best_valid_auc": 0.8079210447746819, "best_valid_acc": 0.7362292879534259, "_wandb": {"runtime": 334}}