{"epoch": 47, "train_loss_epoch": 0.46697643399238586, "train_auc_epoch": 0.8376501689303018, "train_acc_epoch": 0.7851056040196437, "valid_auc_epoch": 0.8091995646772159, "valid_acc_epoch": 0.729064039408867, "_timestamp": 1669829436.036975, "_runtime": 1567.972963809967, "_step": 47, "best_epoch": 37, "best_train_loss": 0.4710797369480133, "best_train_auc": 0.8344970488070125, "best_train_acc": 0.7823976467914809, "best_valid_auc": 0.8106658897631729, "best_valid_acc": 0.7299596954769368, "_wandb": {"runtime": 1567}}