{"epoch": 14, "train_loss_epoch": 0.5609539151191711, "train_auc_epoch": 0.808388656407529, "train_acc_epoch": 0.6451419986288781, "valid_auc_epoch": 0.7714655706548782, "valid_acc_epoch": 0.4890282131661442, "_timestamp": 1670526292.0492713, "_runtime": 114.28493523597717, "_step": 14, "best_epoch": 4, "best_train_loss": 0.5692876577377319, "best_train_auc": 0.7959101148956529, "best_train_acc": 0.6451419986288781, "best_valid_auc": 0.773457589737169, "best_valid_acc": 0.4890282131661442, "_wandb": {"runtime": 113}}