{"epoch": 46, "train_loss_epoch": 0.5668262243270874, "train_auc_epoch": 0.8036975898612856, "train_acc_epoch": 0.6482363002646356, "valid_auc_epoch": 0.7747782454180352, "valid_acc_epoch": 0.4890282131661442, "_timestamp": 1670495522.2871718, "_runtime": 540.2984488010406, "_step": 46, "best_epoch": 36, "best_train_loss": 0.5692590475082397, "best_train_auc": 0.8019266435561367, "best_train_acc": 0.6482363002646356, "best_valid_auc": 0.7755403010661557, "best_valid_acc": 0.4890282131661442, "_wandb": {"runtime": 539}}