{"epoch": 16, "train_loss_epoch": 0.445828378200531, "train_auc_epoch": 0.8555856124912832, "train_acc_epoch": 0.7965811965811965, "valid_auc_epoch": 0.8037146902177577, "valid_acc_epoch": 0.7268248992386923, "_timestamp": 1670049800.613375, "_runtime": 178.51463294029236, "_step": 16, "best_epoch": 6, "best_train_loss": 0.46417292952537537, "best_train_auc": 0.8412209322759336, "best_train_acc": 0.7867000208463623, "best_valid_auc": 0.8050562131412263, "best_valid_acc": 0.7371249440214958, "_wandb": {"runtime": 178}}