{"epoch": 47, "train_loss_epoch": 0.45787546038627625, "train_auc_epoch": 0.8517374131480832, "train_acc_epoch": 0.7955484624811194, "valid_auc_epoch": 0.7860401357333872, "valid_acc_epoch": 0.7178683385579937, "_timestamp": 1669922634.1618478, "_runtime": 190.76892471313477, "_step": 47, "best_epoch": 37, "best_train_loss": 0.47138917446136475, "best_train_auc": 0.8422262886505829, "best_train_acc": 0.78796773917752, "best_valid_auc": 0.787307820721493, "best_valid_acc": 0.7151813703537842, "_wandb": {"runtime": 190}}