{"epoch": 23, "train_loss_epoch": 0.5579983592033386, "train_auc_epoch": 0.8183646290440392, "train_acc_epoch": 0.6426106909152716, "valid_auc_epoch": 0.7664241251007244, "valid_acc_epoch": 0.4890282131661442, "_timestamp": 1670525672.1601756, "_runtime": 163.5073046684265, "_step": 23, "best_epoch": 13, "best_train_loss": 0.5616444945335388, "best_train_auc": 0.812935282853086, "best_train_acc": 0.6426106909152716, "best_valid_auc": 0.7773083985835958, "best_valid_acc": 0.4890282131661442, "_wandb": {"runtime": 162}}