{"epoch": 19, "train_loss_epoch": 0.5578531622886658, "train_auc_epoch": 0.8155970306030911, "train_acc_epoch": 0.6467624730109349, "valid_auc_epoch": 0.76757784284077, "valid_acc_epoch": 0.4890282131661442, "_timestamp": 1670535475.060903, "_runtime": 359.8763520717621, "_step": 19, "best_epoch": 9, "best_train_loss": 0.5648618936538696, "best_train_auc": 0.8091253977409067, "best_train_acc": 0.6467624730109349, "best_valid_auc": 0.7781780007897449, "best_valid_acc": 0.4890282131661442, "_wandb": {"runtime": 359}}