{"epoch": 17, "train_loss_epoch": 0.5585320591926575, "train_auc_epoch": 0.8121434997735365, "train_acc_epoch": 0.6480011966642982, "valid_auc_epoch": 0.7779801632781475, "valid_acc_epoch": 0.4890282131661442, "_timestamp": 1670446928.9325347, "_runtime": 638.9967896938324, "_step": 17, "best_epoch": 7, "best_train_loss": 0.5629687309265137, "best_train_auc": 0.8074214472429084, "best_train_acc": 0.6480011966642982, "best_valid_auc": 0.783400028251036, "best_valid_acc": 0.4890282131661442, "_wandb": {"runtime": 638}}