{"epoch": 30, "train_loss_epoch": 0.4469006657600403, "train_auc_epoch": 0.8515793567160619, "train_acc_epoch": 0.7937231988792647, "valid_auc_epoch": 0.8085374310177114, "valid_acc_epoch": 0.7348858038513211, "_timestamp": 1669780818.13658, "_runtime": 929.0624508857727, "_step": 30, "best_epoch": 20, "best_train_loss": 0.4531392455101013, "best_train_auc": 0.84688257524333, "best_train_acc": 0.7910751200177678, "best_valid_auc": 0.8106514432106018, "best_valid_acc": 0.7339901477832512, "_wandb": {"runtime": 928}}