{"epoch": 22, "train_loss_epoch": 0.45667681097984314, "train_auc_epoch": 0.8466742786276957, "train_acc_epoch": 0.7900576225995174, "valid_auc_epoch": 0.8064282343423447, "valid_acc_epoch": 0.7308553515450067, "_timestamp": 1670049584.366103, "_runtime": 499.75777792930603, "_step": 22, "best_epoch": 12, "best_train_loss": 0.467277854681015, "best_train_auc": 0.838565285360828, "best_train_acc": 0.7852098322003459, "best_valid_auc": 0.8090599146690295, "best_valid_acc": 0.7241379310344828, "_wandb": {"runtime": 499}}