{"epoch": 30, "train_loss_epoch": 0.47295090556144714, "train_auc_epoch": 0.8335733778722567, "train_acc_epoch": 0.782514305624422, "valid_auc_epoch": 0.8106000776903494, "valid_acc_epoch": 0.7277205553067622, "_timestamp": 1669891493.7365775, "_runtime": 394.8689935207367, "_step": 30, "best_epoch": 20, "best_train_loss": 0.4728419780731201, "best_train_auc": 0.8336925369804282, "best_train_acc": 0.7826751182642956, "best_valid_auc": 0.811304748421313, "best_valid_acc": 0.7357814599193909, "_wandb": {"runtime": 394}}