{"epoch": 26, "train_loss_epoch": 0.5651230216026306, "train_auc_epoch": 0.8074103481987781, "train_acc_epoch": 0.6493812034100738, "valid_auc_epoch": 0.7768196235549434, "valid_acc_epoch": 0.4890282131661442, "_timestamp": 1670445515.7579203, "_runtime": 1314.390631198883, "_step": 26, "best_epoch": 16, "best_train_loss": 0.5666952133178711, "best_train_auc": 0.8049127954702563, "best_train_acc": 0.6493812034100738, "best_valid_auc": 0.7786800184915873, "best_valid_acc": 0.4890282131661442, "_wandb": {"runtime": 1314}}