{"epoch": 29, "train_loss_epoch": 0.5620428919792175, "train_auc_epoch": 0.8058960364008969, "train_acc_epoch": 0.6492469480248956, "valid_auc_epoch": 0.7837563765477876, "valid_acc_epoch": 0.4890282131661442, "_timestamp": 1670432709.9817765, "_runtime": 1312.2643194198608, "_step": 29, "best_epoch": 19, "best_train_loss": 0.5623151063919067, "best_train_auc": 0.8064168015747805, "best_train_acc": 0.6492469480248956, "best_valid_auc": 0.7860397344402603, "best_valid_acc": 0.4890282131661442, "_wandb": {"runtime": 1312}}