{"epoch": 31, "train_loss_epoch": 0.4111081063747406, "train_auc_epoch": 0.8771434968464665, "train_acc_epoch": 0.808985646641018, "valid_auc_epoch": 0.8042395816278375, "valid_acc_epoch": 0.7317510076130765, "_timestamp": 1670095678.6744647, "_runtime": 1479.0240375995636, "_step": 31, "best_epoch": 21, "best_train_loss": 0.4564432203769684, "best_train_auc": 0.8447783720771188, "best_train_acc": 0.7905907812962415, "best_valid_auc": 0.8200489256580404, "best_valid_acc": 0.735333631885356, "_wandb": {"runtime": 1478}}