{"epoch": 78, "train_loss_epoch": 0.5633758902549744, "train_auc_epoch": 0.8087333210895531, "train_acc_epoch": 0.6474476553036858, "valid_auc_epoch": 0.7678796152722533, "valid_acc_epoch": 0.4890282131661442, "_timestamp": 1670422459.5813358, "_runtime": 865.9769837856293, "_step": 78, "best_epoch": 68, "best_train_loss": 0.5652702450752258, "best_train_auc": 0.8064685708460366, "best_train_acc": 0.6474476553036858, "best_valid_auc": 0.7681934264975459, "best_valid_acc": 0.4890282131661442, "_wandb": {"runtime": 865}}