{"epoch": 34, "train_loss_epoch": 0.45339667797088623, "train_auc_epoch": 0.8474306164090023, "train_acc_epoch": 0.7917448277040302, "valid_auc_epoch": 0.8136290382127368, "valid_acc_epoch": 0.735333631885356, "_timestamp": 1669741747.8328266, "_runtime": 1310.3961005210876, "_step": 34, "best_epoch": 24, "best_train_loss": 0.45706459879875183, "best_train_auc": 0.8449304057042, "best_train_acc": 0.7901320622554798, "best_valid_auc": 0.8150014607069822, "best_valid_acc": 0.7398119122257053, "_wandb": {"runtime": 1310}}