{"epoch": 22, "train_loss_epoch": 0.5630167722702026, "train_auc_epoch": 0.813042825748693, "train_acc_epoch": 0.6401365955878073, "valid_auc_epoch": 0.7762678455053564, "valid_acc_epoch": 0.4890282131661442, "_timestamp": 1670476773.9026427, "_runtime": 298.4694128036499, "_step": 22, "best_epoch": 12, "best_train_loss": 0.5675696730613708, "best_train_auc": 0.810747668079946, "best_train_acc": 0.6401365955878073, "best_valid_auc": 0.7802017220290665, "best_valid_acc": 0.4890282131661442, "_wandb": {"runtime": 298}}