{"epoch": 17, "train_loss_epoch": 0.49975118041038513, "train_auc_epoch": 0.8104525521845364, "train_acc_epoch": 0.7658929051561886, "valid_auc_epoch": 0.7852415624107124, "valid_acc_epoch": 0.7196596506941334, "_timestamp": 1669935780.3777936, "_runtime": 731.0536484718323, "_step": 17, "best_epoch": 7, "best_train_loss": 0.5011857748031616, "best_train_auc": 0.8094056393126436, "best_train_acc": 0.7662100393660074, "best_valid_auc": 0.7917128153762685, "best_valid_acc": 0.7115987460815048, "_wandb": {"runtime": 730}}