{"epoch": 91, "train_loss_epoch": 0.45003849267959595, "train_auc_epoch": 0.8504590527743312, "train_acc_epoch": 0.7944105480042806, "valid_auc_epoch": 0.8069162067847433, "valid_acc_epoch": 0.728616211374832, "_timestamp": 1670111351.5567436, "_runtime": 25446.84697151184, "_step": 91, "best_epoch": 81, "best_train_loss": 0.462014377117157, "best_train_auc": 0.8405875937639143, "best_train_acc": 0.7876263795939881, "best_valid_auc": 0.8168441987460392, "best_valid_acc": 0.7398119122257053, "_wandb": {"runtime": 25450}}