{"epoch": 66, "train_loss_epoch": 0.44828349351882935, "train_auc_epoch": 0.8509839922245588, "train_acc_epoch": 0.7939837056325296, "valid_auc_epoch": 0.8119725001845948, "valid_acc_epoch": 0.7277205553067622, "_timestamp": 1669777423.0251188, "_runtime": 3031.0477328300476, "_step": 66, "best_epoch": 56, "best_train_loss": 0.4635310471057892, "best_train_auc": 0.8396662631490044, "best_train_acc": 0.7874966598252306, "best_valid_auc": 0.8193209799257126, "best_valid_acc": 0.7366771159874608, "_wandb": {"runtime": 3031}}