{"epoch": 14, "train_loss_epoch": 0.4208122491836548, "train_auc_epoch": 0.8744988312116502, "train_acc_epoch": 0.8036862127771218, "valid_auc_epoch": 0.79084842998077, "valid_acc_epoch": 0.7263770712046574, "_timestamp": 1670010329.0873332, "_runtime": 138.27544331550598, "_step": 14, "best_epoch": 4, "best_train_loss": 0.469320684671402, "best_train_auc": 0.8396316318976077, "best_train_acc": 0.7813524858979405, "best_valid_auc": 0.7978485872876758, "best_valid_acc": 0.7259292431706225, "_wandb": {"runtime": 137}}