{"epoch": 22, "train_loss_epoch": 0.5583054423332214, "train_auc_epoch": 0.8150590879601141, "train_acc_epoch": 0.6400531286894924, "valid_auc_epoch": 0.7679763269158537, "valid_acc_epoch": 0.4890282131661442, "_timestamp": 1670487260.860726, "_runtime": 350.6013870239258, "_step": 22, "best_epoch": 12, "best_train_loss": 0.563264787197113, "best_train_auc": 0.8113032625215192, "best_train_acc": 0.6400531286894924, "best_valid_auc": 0.7744808872109485, "best_valid_acc": 0.4890282131661442, "_wandb": {"runtime": 350}}