{"epoch": 17, "train_loss_epoch": 0.4663656949996948, "train_auc_epoch": 0.8367792713437487, "train_acc_epoch": 0.7855693079157878, "valid_auc_epoch": 0.8048174437306778, "valid_acc_epoch": 0.7335423197492164, "_timestamp": 1669947945.0875747, "_runtime": 1222.570557832718, "_step": 17, "best_epoch": 7, "best_train_loss": 0.46778005361557007, "best_train_auc": 0.8361614519185887, "best_train_acc": 0.7847079692305943, "best_valid_auc": 0.8071248792107688, "best_valid_acc": 0.7348858038513211, "_wandb": {"runtime": 1222}}