{"epoch": 20, "train_loss_epoch": 0.44385090470314026, "train_auc_epoch": 0.8567506565400427, "train_acc_epoch": 0.7978736555816541, "valid_auc_epoch": 0.8014775220089838, "valid_acc_epoch": 0.735820895522388, "_timestamp": 1669704572.0977128, "_runtime": 1019.1890616416931, "_step": 20, "best_epoch": 15, "best_train_loss": 0.477300763130188, "best_train_auc": 0.8293698368384319, "best_train_acc": 0.7783038694523426, "best_valid_auc": 0.8126142022546201, "best_valid_acc": 0.7373134328358208, "_wandb": {"runtime": 1019}}