{"epoch": 23, "train_loss_epoch": 0.5526043772697449, "train_auc_epoch": 0.824608898648959, "train_acc_epoch": 0.6426106909152716, "valid_auc_epoch": 0.7726899159852709, "valid_acc_epoch": 0.4890282131661442, "_timestamp": 1670535080.1487834, "_runtime": 409.4063594341278, "_step": 23, "best_epoch": 13, "best_train_loss": 0.5603055357933044, "best_train_auc": 0.8172414962627601, "best_train_acc": 0.6426106909152716, "best_valid_auc": 0.7794348508634223, "best_valid_acc": 0.4890282131661442, "_wandb": {"runtime": 408}}