{"epoch": 39, "train_loss_epoch": 0.4398370683193207, "train_auc_epoch": 0.8561960886795781, "train_acc_epoch": 0.79774175758575, "valid_auc_epoch": 0.8175416462007172, "valid_acc_epoch": 0.7366771159874608, "_timestamp": 1669955314.3539093, "_runtime": 1306.208689212799, "_step": 39, "best_epoch": 29, "best_train_loss": 0.444864422082901, "best_train_auc": 0.852665442918909, "best_train_acc": 0.7959309564554918, "best_valid_auc": 0.8198964342697911, "best_valid_acc": 0.7384684281236006, "_wandb": {"runtime": 1306}}