{"epoch": 33, "train_loss_epoch": 0.46341320872306824, "train_auc_epoch": 0.8394146334107396, "train_acc_epoch": 0.7877581884029132, "valid_auc_epoch": 0.8170416349645098, "valid_acc_epoch": 0.7330944917151814, "_timestamp": 1670033168.7575312, "_runtime": 1260.1602382659912, "_step": 33, "best_epoch": 23, "best_train_loss": 0.4640656113624573, "best_train_auc": 0.8389576762808227, "best_train_acc": 0.787380109046046, "best_valid_auc": 0.8184927109116417, "best_valid_acc": 0.7339901477832512, "_wandb": {"runtime": 1259}}