{"epoch": 16, "train_loss_epoch": 0.4191194772720337, "train_auc_epoch": 0.8756648138559767, "train_acc_epoch": 0.8086023202588588, "valid_auc_epoch": 0.7916076765770017, "valid_acc_epoch": 0.7187639946260636, "_timestamp": 1669965092.2193527, "_runtime": 154.40788173675537, "_step": 16, "best_epoch": 6, "best_train_loss": 0.4600151479244232, "best_train_auc": 0.845966787400525, "best_train_acc": 0.7878304790466419, "best_valid_auc": 0.8033928531299258, "best_valid_acc": 0.7254814151365876, "_wandb": {"runtime": 153}}