{"epoch": 32, "train_loss_epoch": 0.4573585093021393, "train_auc_epoch": 0.8465962286943993, "train_acc_epoch": 0.7949175795765568, "valid_auc_epoch": 0.7951141759204862, "valid_acc_epoch": 0.7232422749664129, "_timestamp": 1669928823.61579, "_runtime": 957.0891048908234, "_step": 32, "best_epoch": 22, "best_train_loss": 0.4782620966434479, "best_train_auc": 0.8290759005020818, "best_train_acc": 0.7819012885300829, "best_valid_auc": 0.8027644280930872, "best_valid_acc": 0.728616211374832, "_wandb": {"runtime": 956}}