{"epoch": 37, "train_loss_epoch": 0.4251312017440796, "train_auc_epoch": 0.8706642103887502, "train_acc_epoch": 0.8093298133233272, "valid_auc_epoch": 0.8062476524352071, "valid_acc_epoch": 0.7277205553067622, "_timestamp": 1670012738.4867632, "_runtime": 1011.1005783081055, "_step": 37, "best_epoch": 27, "best_train_loss": 0.4559425115585327, "best_train_auc": 0.8472394865181878, "best_train_acc": 0.7925382935098699, "best_valid_auc": 0.8171475763500304, "best_valid_acc": 0.7407075682937752, "_wandb": {"runtime": 1010}}