{"epoch": 21, "train_loss_epoch": 0.5680819153785706, "train_auc_epoch": 0.8010605383615865, "train_acc_epoch": 0.6501230889936267, "valid_auc_epoch": 0.7744094570343476, "valid_acc_epoch": 0.4890282131661442, "_timestamp": 1670531614.164385, "_runtime": 959.2754709720612, "_step": 21, "best_epoch": 11, "best_train_loss": 0.567888617515564, "best_train_auc": 0.7994384874424701, "best_train_acc": 0.6501230889936267, "best_valid_auc": 0.7773252528949286, "best_valid_acc": 0.4890282131661442, "_wandb": {"runtime": 959}}