{"epoch": 100, "train_loss_epoch": 0.4453338384628296, "train_auc_epoch": 0.8594214788625041, "train_acc_epoch": 0.8077293807402018, "valid_auc_epoch": 0.7668759811616954, "valid_acc_epoch": 0.6963725929243171, "_timestamp": 1669837238.4452353, "_runtime": 567.7858302593231, "_step": 100, "best_epoch": 94, "best_train_loss": 0.4493228793144226, "best_train_auc": 0.8567346449556643, "best_train_acc": 0.8048194962262435, "best_valid_auc": 0.7672050415258128, "best_valid_acc": 0.7026421854008061, "_wandb": {"runtime": 567}}