{"epoch": 24, "train_loss_epoch": 0.5936514139175415, "train_auc_epoch": 0.7596525084090573, "train_acc_epoch": 0.6435031116626243, "valid_auc_epoch": 0.7316336161647292, "valid_acc_epoch": 0.4890282131661442, "_timestamp": 1670388294.9951842, "_runtime": 133.12895011901855, "_step": 24, "best_epoch": 14, "best_train_loss": 0.5927363038063049, "best_train_auc": 0.7628688585972184, "best_train_acc": 0.6435031116626243, "best_valid_auc": 0.7411197843932287, "best_valid_acc": 0.4890282131661442, "_wandb": {"runtime": 132}}