{"epoch": 19, "train_loss_epoch": 0.4370104670524597, "train_auc_epoch": 0.8641979663281103, "train_acc_epoch": 0.8006513046704316, "valid_auc_epoch": 0.8020866440016309, "valid_acc_epoch": 0.7196596506941334, "_timestamp": 1670075941.1502218, "_runtime": 125.4994797706604, "_step": 19, "best_epoch": 9, "best_train_loss": 0.4654470980167389, "best_train_auc": 0.842497714934047, "best_train_acc": 0.7849251824065295, "best_valid_auc": 0.8092043801947395, "best_valid_acc": 0.7384684281236006, "_wandb": {"runtime": 125}}