{"epoch": 37, "train_loss_epoch": 0.45569366216659546, "train_auc_epoch": 0.848132315523295, "train_acc_epoch": 0.790575313004071, "valid_auc_epoch": 0.8108745621891985, "valid_acc_epoch": 0.7330944917151814, "_timestamp": 1669853144.0686414, "_runtime": 474.8542833328247, "_step": 37, "best_epoch": 27, "best_train_loss": 0.46270662546157837, "best_train_auc": 0.8425477354316162, "best_train_acc": 0.7868499884783777, "best_valid_auc": 0.8110856423739861, "best_valid_acc": 0.7344379758172862, "_wandb": {"runtime": 474}}