{"epoch": 46, "train_loss_epoch": 0.45857229828834534, "train_auc_epoch": 0.8480364189449856, "train_acc_epoch": 0.790469353305264, "valid_auc_epoch": 0.8017347099292762, "valid_acc_epoch": 0.7241379310344828, "_timestamp": 1670059632.0824466, "_runtime": 392.6928355693817, "_step": 46, "best_epoch": 36, "best_train_loss": 0.4650140404701233, "best_train_auc": 0.8430748713376983, "best_train_acc": 0.7867246163099788, "best_valid_auc": 0.8023053487558307, "best_valid_acc": 0.7210031347962382, "_wandb": {"runtime": 392}}