{"epoch": 11, "train_loss_epoch": 0.6532491445541382, "train_auc_epoch": 0.49403937378371926, "train_acc_epoch": 0.6403838426812262, "valid_auc_epoch": 0.5, "valid_acc_epoch": 0.4890282131661442, "_timestamp": 1670388125.0162861, "_runtime": 68.58319902420044, "_step": 11, "best_epoch": 1, "best_train_loss": 0.6539866924285889, "best_train_auc": 0.5006501409717039, "best_train_acc": 0.6403838426812262, "best_valid_auc": 0.5, "best_valid_acc": 0.4890282131661442, "_wandb": {"runtime": 68}}