{"epoch": 11, "train_loss_epoch": 0.6523925065994263, "train_auc_epoch": 0.49749184991111484, "train_acc_epoch": 0.6425316686412103, "valid_auc_epoch": 0.5, "valid_acc_epoch": 0.4890282131661442, "_timestamp": 1669729731.8462443, "_runtime": 85.67608523368835, "_step": 11, "best_epoch": 1, "best_train_loss": 0.6524829864501953, "best_train_auc": 0.5022995796092453, "best_train_acc": 0.6425316686412103, "best_valid_auc": 0.5, "best_valid_acc": 0.4890282131661442, "_wandb": {"runtime": 85}}