{"epoch": 68, "train_loss_epoch": 0.44265568256378174, "train_auc_epoch": 0.8561066228685281, "train_acc_epoch": 0.7976908926612019, "valid_auc_epoch": 0.8112196742783947, "valid_acc_epoch": 0.7362292879534259, "_timestamp": 1669811611.8309424, "_runtime": 875.1310102939606, "_step": 68, "best_epoch": 58, "best_train_loss": 0.4463757276535034, "best_train_auc": 0.8534888501370136, "best_train_acc": 0.795786806945072, "best_valid_auc": 0.8131731692204961, "best_valid_acc": 0.7348858038513211, "_wandb": {"runtime": 874}}