{"epoch": 29, "train_loss_epoch": 0.44316285848617554, "train_auc_epoch": 0.8550158561012515, "train_acc_epoch": 0.7963119311395741, "valid_auc_epoch": 0.807791025801543, "valid_acc_epoch": 0.7317510076130765, "_timestamp": 1669738553.8321006, "_runtime": 1100.96036362648, "_step": 29, "best_epoch": 19, "best_train_loss": 0.44984713196754456, "best_train_auc": 0.8500065175760028, "best_train_acc": 0.7935319797372431, "best_valid_auc": 0.8096995759134233, "best_valid_acc": 0.728616211374832, "_wandb": {"runtime": 1100}}