{"epoch": 41, "train_loss_epoch": 0.5681216716766357, "train_auc_epoch": 0.8002811956183475, "train_acc_epoch": 0.6501230889936267, "valid_auc_epoch": 0.7785672551229081, "valid_acc_epoch": 0.4890282131661442, "_timestamp": 1670450578.7511358, "_runtime": 3616.0400488376617, "_step": 41, "best_epoch": 31, "best_train_loss": 0.5679497122764587, "best_train_auc": 0.8010421263363696, "best_train_acc": 0.6501230889936267, "best_valid_auc": 0.7786868404747459, "best_valid_acc": 0.4890282131661442, "_wandb": {"runtime": 3616}}