{"epoch": 15, "train_loss_epoch": 0.48186421394348145, "train_auc_epoch": 0.8243304929579819, "train_acc_epoch": 0.7773141015072006, "valid_auc_epoch": 0.8041753747275219, "valid_acc_epoch": 0.7227944469323779, "_timestamp": 1670043723.8122256, "_runtime": 1378.4043715000153, "_step": 15, "best_epoch": 5, "best_train_loss": 0.4816131293773651, "best_train_auc": 0.8243105297415114, "best_train_acc": 0.7777604057104196, "best_valid_auc": 0.807136918004578, "best_valid_acc": 0.7263770712046574, "_wandb": {"runtime": 1378}}