{"epoch": 85, "train_loss_epoch": 0.462141215801239, "train_auc_epoch": 0.8419230838967954, "train_acc_epoch": 0.7897067514255139, "valid_auc_epoch": 0.8117228958596181, "valid_acc_epoch": 0.7313031795790417, "_timestamp": 1670001878.8999712, "_runtime": 7018.620233297348, "_step": 85, "best_epoch": 75, "best_train_loss": 0.4631284177303314, "best_train_auc": 0.8409397096662543, "best_train_acc": 0.788177418581993, "best_valid_auc": 0.8151868581316434, "best_valid_acc": 0.7344379758172862, "_wandb": {"runtime": 7018}}