{"epoch": 72, "train_loss_epoch": 0.46712827682495117, "train_auc_epoch": 0.8375270784501586, "train_acc_epoch": 0.7894581241578496, "valid_auc_epoch": 0.8020340746019975, "valid_acc_epoch": 0.7330944917151814, "_timestamp": 1669921708.0988853, "_runtime": 4988.8626272678375, "_step": 72, "best_epoch": 62, "best_train_loss": 0.4699651002883911, "best_train_auc": 0.8347842099974225, "best_train_acc": 0.7872806144784494, "best_valid_auc": 0.8070494361028979, "best_valid_acc": 0.7375727720555306, "_wandb": {"runtime": 4988}}