{"epoch": 36, "train_loss_epoch": 0.44572868943214417, "train_auc_epoch": 0.8554079079652327, "train_acc_epoch": 0.7988535087591347, "valid_auc_epoch": 0.8058575955157901, "valid_acc_epoch": 0.7326466636811464, "_timestamp": 1669794562.8928375, "_runtime": 461.12489461898804, "_step": 36, "best_epoch": 26, "best_train_loss": 0.4581563472747803, "best_train_auc": 0.8459311695745356, "best_train_acc": 0.7910351969893665, "best_valid_auc": 0.8063780727014732, "best_valid_acc": 0.7326466636811464, "_wandb": {"runtime": 460}}