{"epoch": 40, "train_loss_epoch": 0.544215738773346, "train_auc_epoch": 0.7594329108147585, "train_acc_epoch": 0.7343602913624026, "valid_auc_epoch": 0.743218948740421, "valid_acc_epoch": 0.6480071652485445, "_timestamp": 1669748333.8994489, "_runtime": 1663.9728529453278, "_step": 40, "best_epoch": 30, "best_train_loss": 0.5468896627426147, "best_train_auc": 0.7561073902455883, "best_train_acc": 0.7329893892173976, "best_valid_auc": 0.7437021056652957, "best_valid_acc": 0.6556202418271384, "_wandb": {"runtime": 1663}}