{"epoch": 29, "train_loss_epoch": 0.44372257590293884, "train_auc_epoch": 0.8593651190685061, "train_acc_epoch": 0.7973094170403587, "valid_auc_epoch": 0.8063495808894582, "valid_acc_epoch": 0.7281683833407971, "_timestamp": 1669863325.3988152, "_runtime": 398.8908500671387, "_step": 29, "best_epoch": 19, "best_train_loss": 0.4544048309326172, "best_train_auc": 0.851220127972582, "best_train_acc": 0.7912331838565022, "best_valid_auc": 0.8071770473172754, "best_valid_acc": 0.7330944917151814, "_wandb": {"runtime": 398}}