{"epoch": 16, "train_loss_epoch": 0.4302608072757721, "train_auc_epoch": 0.8676355815648786, "train_acc_epoch": 0.8023981342417915, "valid_auc_epoch": 0.795899105276844, "valid_acc_epoch": 0.7326466636811464, "_timestamp": 1669779801.9058702, "_runtime": 192.56314420700073, "_step": 16, "best_epoch": 6, "best_train_loss": 0.4638036787509918, "best_train_auc": 0.8423439811647957, "best_train_acc": 0.7863658009450896, "best_valid_auc": 0.8008053150472082, "best_valid_acc": 0.7254814151365876, "_wandb": {"runtime": 192}}