{"epoch": 38, "train_loss_epoch": 0.4520428776741028, "train_auc_epoch": 0.8494798530868983, "train_acc_epoch": 0.7931710565255993, "valid_auc_epoch": 0.8059844041439135, "valid_acc_epoch": 0.7272727272727273, "_timestamp": 1670057457.6418047, "_runtime": 507.16129779815674, "_step": 38, "best_epoch": 28, "best_train_loss": 0.4585587978363037, "best_train_auc": 0.8441056082292459, "best_train_acc": 0.7900081385025155, "best_valid_auc": 0.8082789982439412, "best_valid_acc": 0.7339901477832512, "_wandb": {"runtime": 506}}