{"epoch": 19, "train_loss_epoch": 0.6032540798187256, "train_auc_epoch": 0.7357963801853757, "train_acc_epoch": 0.6584897610921502, "valid_auc_epoch": 0.7180353103015985, "valid_acc_epoch": 0.6378109452736318, "_timestamp": 1668395885.5866985, "_runtime": 47.10794258117676, "_step": 19, "_wandb": {"runtime": 46}}