{"epoch": 61, "train_loss_epoch": 0.4694361984729767, "train_auc_epoch": 0.8386922161354793, "train_acc_epoch": 0.7828401440425865, "valid_auc_epoch": 0.8082109118356104, "valid_acc_epoch": 0.7427860696517413, "_timestamp": 1669717154.243382, "_runtime": 421.8360929489136, "_step": 61, "best_epoch": 56, "best_train_loss": 0.4719805121421814, "best_train_auc": 0.8369096309623324, "best_train_acc": 0.781524972600595, "best_valid_auc": 0.8083353829578124, "best_valid_acc": 0.7457711442786069, "_wandb": {"runtime": 421}}