{"epoch": 35, "train_loss_epoch": 0.45322543382644653, "train_auc_epoch": 0.8501403960208741, "train_acc_epoch": 0.7942536283351872, "valid_auc_epoch": 0.7892428561797536, "valid_acc_epoch": 0.7196596506941334, "_timestamp": 1669788043.7798553, "_runtime": 263.00774335861206, "_step": 35, "best_epoch": 25, "best_train_loss": 0.4664803147315979, "best_train_auc": 0.839619103693138, "best_train_acc": 0.7870170595408799, "best_valid_auc": 0.7917641808965209, "best_valid_acc": 0.7218987908643081, "_wandb": {"runtime": 262}}