{"epoch": 28, "train_loss_epoch": 0.5619462132453918, "train_auc_epoch": 0.8140149263433161, "train_acc_epoch": 0.6426106909152716, "valid_auc_epoch": 0.781135531135531, "valid_acc_epoch": 0.4890282131661442, "_timestamp": 1670452592.0811396, "_runtime": 279.723242521286, "_step": 28, "best_epoch": 18, "best_train_loss": 0.5648705959320068, "best_train_auc": 0.8131474040761851, "best_train_acc": 0.6426106909152716, "best_valid_auc": 0.7815428436594081, "best_valid_acc": 0.4890282131661442, "_wandb": {"runtime": 279}}