{"epoch": 12, "train_loss_epoch": 0.6578577756881714, "train_auc_epoch": 0.4916580259685452, "train_acc_epoch": 0.6347028142693777, "valid_auc_epoch": 0.5, "valid_acc_epoch": 0.4890282131661442, "_timestamp": 1669805545.6597075, "_runtime": 396.6335325241089, "_step": 12, "best_epoch": 2, "best_train_loss": 0.6634102463722229, "best_train_auc": 0.4999153271532249, "best_train_acc": 0.6347028142693777, "best_valid_auc": 0.6039040203150633, "best_valid_acc": 0.4890282131661442, "_wandb": {"runtime": 396}}