{"epoch": 35, "train_loss_epoch": 0.4819068908691406, "train_auc_epoch": 0.8256389302231373, "train_acc_epoch": 0.7785876319724372, "valid_auc_epoch": 0.7973144661356757, "valid_acc_epoch": 0.7048813255709807, "_timestamp": 1670039715.8836117, "_runtime": 1068.6759676933289, "_step": 35, "best_epoch": 25, "best_train_loss": 0.4810416102409363, "best_train_auc": 0.8264509332639363, "best_train_acc": 0.779494453888532, "best_valid_auc": 0.8001287348351327, "best_valid_acc": 0.7169726824899239, "_wandb": {"runtime": 1068}}