{"epoch": 18, "train_loss_epoch": 0.42179325222969055, "train_auc_epoch": 0.8721658389447984, "train_acc_epoch": 0.8042348362649461, "valid_auc_epoch": 0.8084981042912681, "valid_acc_epoch": 0.729511867442902, "_timestamp": 1670122810.647213, "_runtime": 342.1136338710785, "_step": 18, "best_epoch": 8, "best_train_loss": 0.44848379492759705, "best_train_auc": 0.8527832702446538, "best_train_acc": 0.7924955833781396, "best_valid_auc": 0.8179268876026107, "best_valid_acc": 0.7223466188983431, "_wandb": {"runtime": 341}}