{"epoch": 28, "train_loss_epoch": 0.43347227573394775, "train_auc_epoch": 0.8619219908847797, "train_acc_epoch": 0.8000726732578384, "valid_auc_epoch": 0.8135423588973107, "valid_acc_epoch": 0.7313031795790417, "_timestamp": 1669769000.2161958, "_runtime": 1302.5314667224884, "_step": 28, "best_epoch": 18, "best_train_loss": 0.4408126473426819, "best_train_auc": 0.8565236816746147, "best_train_acc": 0.7966027248478653, "best_valid_auc": 0.8145002455913938, "best_valid_acc": 0.7321988356471115, "_wandb": {"runtime": 1302}}