{"epoch": 31, "train_loss_epoch": 0.4584541320800781, "train_auc_epoch": 0.8426326654981134, "train_acc_epoch": 0.7901773277464764, "valid_auc_epoch": 0.819056126461911, "valid_acc_epoch": 0.7398119122257053, "_timestamp": 1669866543.6322985, "_runtime": 1870.7671484947205, "_step": 31, "best_epoch": 21, "best_train_loss": 0.458692342042923, "best_train_auc": 0.8426436764762676, "best_train_acc": 0.7896059446582788, "best_valid_auc": 0.821781709380307, "best_valid_acc": 0.7375727720555306, "_wandb": {"runtime": 1870}}