{"epoch": 16, "train_loss_epoch": 0.41470202803611755, "train_auc_epoch": 0.880365984582502, "train_acc_epoch": 0.8126008968609866, "valid_auc_epoch": 0.7927184559524612, "valid_acc_epoch": 0.7281683833407971, "_timestamp": 1670080518.8812194, "_runtime": 108.48762035369873, "_step": 16, "best_epoch": 6, "best_train_loss": 0.4619368016719818, "best_train_auc": 0.8460192954616065, "best_train_acc": 0.7875336322869955, "best_valid_auc": 0.8011030745474215, "best_valid_acc": 0.729064039408867, "_wandb": {"runtime": 108}}