{"epoch": 11, "train_loss_epoch": 1.1113585233688354, "train_auc_epoch": 0.49950033536233823, "train_acc_epoch": 0.5943233138124656, "valid_auc_epoch": 0.471330013836587, "valid_acc_epoch": 0.4890282131661442, "_timestamp": 1670093357.6979492, "_runtime": 87.07884907722473, "_step": 11, "best_epoch": 1, "best_train_loss": 0.6744470000267029, "best_train_auc": 0.4976294983271934, "best_train_acc": 0.6378901381648597, "best_valid_auc": 0.5, "best_valid_acc": 0.4890282131661442, "_wandb": {"runtime": 86}}