{"epoch": 16, "train_loss_epoch": 0.647128701210022, "train_auc_epoch": 0.4998074391518068, "train_acc_epoch": 0.6512470639845728, "valid_auc_epoch": 0.5, "valid_acc_epoch": 0.4890282131661442, "_timestamp": 1669785124.7824087, "_runtime": 429.26936864852905, "_step": 16, "best_epoch": 6, "best_train_loss": 0.48942938446998596, "best_train_auc": 0.817403362594099, "best_train_acc": 0.7754233802791157, "best_valid_auc": 0.8025220470443959, "best_valid_acc": 0.7236901030004478, "_wandb": {"runtime": 429}}