{"epoch": 26, "train_loss_epoch": 0.4623180031776428, "train_auc_epoch": 0.8401820403335937, "train_acc_epoch": 0.7887133362518407, "valid_auc_epoch": 0.8056087937770673, "valid_acc_epoch": 0.7326466636811464, "_timestamp": 1670009684.2525685, "_runtime": 1030.412246465683, "_step": 26, "best_epoch": 16, "best_train_loss": 0.47373172640800476, "best_train_auc": 0.830504867956666, "best_train_acc": 0.7823968525604217, "best_valid_auc": 0.8087083818898018, "best_valid_acc": 0.7330944917151814, "_wandb": {"runtime": 1030}}