{"epoch": 39, "train_loss_epoch": 0.470028817653656, "train_auc_epoch": 0.8342657534688891, "train_acc_epoch": 0.785160747117549, "valid_auc_epoch": 0.8150102891557756, "valid_acc_epoch": 0.74205105239588, "_timestamp": 1669862858.8684175, "_runtime": 1209.717185497284, "_step": 39, "best_epoch": 29, "best_train_loss": 0.47083646059036255, "best_train_auc": 0.8337328834854179, "best_train_acc": 0.7847941761030065, "best_valid_auc": 0.8168662698680227, "best_valid_acc": 0.741603224361845, "_wandb": {"runtime": 1209}}