{"epoch": 32, "train_loss_epoch": 0.5690387487411499, "train_auc_epoch": 0.8044251693080153, "train_acc_epoch": 0.6474476553036858, "valid_auc_epoch": 0.7676753570706243, "valid_acc_epoch": 0.4890282131661442, "_timestamp": 1670546998.1352563, "_runtime": 939.9980292320251, "_step": 32, "best_epoch": 22, "best_train_loss": 0.5748798847198486, "best_train_auc": 0.7940279026301597, "best_train_acc": 0.6474476553036858, "best_valid_auc": 0.7771920235767739, "best_valid_acc": 0.4890282131661442, "_wandb": {"runtime": 939}}