{"epoch": 38, "train_loss_epoch": 0.4681173861026764, "train_auc_epoch": 0.8362848223179286, "train_acc_epoch": 0.7867365429759895, "valid_auc_epoch": 0.8096169095292671, "valid_acc_epoch": 0.7339901477832512, "_timestamp": 1669737416.9310083, "_runtime": 1111.307730436325, "_step": 38, "best_epoch": 28, "best_train_loss": 0.45929253101348877, "best_train_auc": 0.8437504614485493, "best_train_acc": 0.7912359458012438, "best_valid_auc": 0.8145271322309008, "best_valid_acc": 0.7348858038513211, "_wandb": {"runtime": 1110}}