{"epoch": 51, "train_loss_epoch": 0.45435458421707153, "train_auc_epoch": 0.8477471231182993, "train_acc_epoch": 0.7925852223568092, "valid_auc_epoch": 0.8078921516695399, "valid_acc_epoch": 0.7348858038513211, "_timestamp": 1669914319.6312685, "_runtime": 545.2677524089813, "_step": 51, "best_epoch": 41, "best_train_loss": 0.45950058102607727, "best_train_auc": 0.8439228250391508, "best_train_acc": 0.7892455442118014, "best_valid_auc": 0.8106173332948091, "best_valid_acc": 0.7339901477832512, "_wandb": {"runtime": 544}}