{"epoch": 43, "train_loss_epoch": 0.4396785497665405, "train_auc_epoch": 0.8573556172990422, "train_acc_epoch": 0.8006999215308922, "valid_auc_epoch": 0.8087766017213869, "valid_acc_epoch": 0.7263770712046574, "_timestamp": 1669862891.2974117, "_runtime": 1063.2963597774506, "_step": 43, "best_epoch": 33, "best_train_loss": 0.44850221276283264, "best_train_auc": 0.850914119301742, "best_train_acc": 0.7956939361135453, "best_valid_auc": 0.8129067105841865, "best_valid_acc": 0.7339901477832512, "_wandb": {"runtime": 1062}}