{"epoch": 35, "train_loss_epoch": 0.4466106593608856, "train_auc_epoch": 0.8539602438869657, "train_acc_epoch": 0.7966011190304831, "valid_auc_epoch": 0.8110728009939228, "valid_acc_epoch": 0.7268248992386923, "_timestamp": 1670030906.2810326, "_runtime": 1118.033245563507, "_step": 35, "best_epoch": 25, "best_train_loss": 0.45482927560806274, "best_train_auc": 0.8479507143605876, "best_train_acc": 0.7909363174146217, "best_valid_auc": 0.8131490916328779, "best_valid_acc": 0.7344379758172862, "_wandb": {"runtime": 1117}}