{"epoch": 14, "train_loss_epoch": 0.42995867133140564, "train_auc_epoch": 0.86857911985495, "train_acc_epoch": 0.8045647276136634, "valid_auc_epoch": 0.7945908896829142, "valid_acc_epoch": 0.7245857590685177, "_timestamp": 1669898456.9753265, "_runtime": 119.49611043930054, "_step": 14, "best_epoch": 4, "best_train_loss": 0.4688205122947693, "best_train_auc": 0.838274727002374, "best_train_acc": 0.7860511327857153, "best_valid_auc": 0.7994497468642955, "best_valid_acc": 0.7313031795790417, "_wandb": {"runtime": 119}}