{"epoch": 11, "train_loss_epoch": 0.6521584391593933, "train_auc_epoch": 0.49398729393717966, "train_acc_epoch": 0.6427402639904003, "valid_auc_epoch": 0.5, "valid_acc_epoch": 0.4890282131661442, "_timestamp": 1670388021.0313964, "_runtime": 410.47603034973145, "_step": 11, "best_epoch": 1, "best_train_loss": 0.6526364684104919, "best_train_auc": 0.5022973098469655, "best_train_acc": 0.6427402639904003, "best_valid_auc": 0.5, "best_valid_acc": 0.4890282131661442, "_wandb": {"runtime": 410}}