{"epoch": 23, "train_loss_epoch": 0.5602209568023682, "train_auc_epoch": 0.8160601431490312, "train_acc_epoch": 0.6441482960800881, "valid_auc_epoch": 0.7608417364114122, "valid_acc_epoch": 0.4890282131661442, "_timestamp": 1670430137.9870157, "_runtime": 269.17488265037537, "_step": 23, "best_epoch": 13, "best_train_loss": 0.5700010657310486, "best_train_auc": 0.8064960509258948, "best_train_acc": 0.6441482960800881, "best_valid_auc": 0.7653615009005018, "best_valid_acc": 0.4890282131661442, "_wandb": {"runtime": 268}}