{"epoch": 12, "train_loss_epoch": 0.4534582197666168, "train_auc_epoch": 0.8491288445951206, "train_acc_epoch": 0.7892508547235656, "valid_auc_epoch": 0.7967117716821227, "valid_acc_epoch": 0.7169154228855721, "_timestamp": 1669720899.5384884, "_runtime": 107.80204248428345, "_step": 12, "best_epoch": 7, "best_train_loss": 0.4724119007587433, "best_train_auc": 0.8340161130404579, "best_train_acc": 0.7787107402880374, "best_valid_auc": 0.8032131473369652, "best_valid_acc": 0.7378109452736319, "_wandb": {"runtime": 107}}