{"epoch": 19, "train_loss_epoch": 0.5367063283920288, "train_auc_epoch": 0.8027444441506891, "train_acc_epoch": 0.738481228668942, "valid_auc_epoch": 0.7159435900029854, "valid_acc_epoch": 0.6711442786069651, "_timestamp": 1668602064.590263, "_runtime": 52.98339486122131, "_step": 19, "_wandb": {"runtime": 52}}