{"epoch": 29, "train_loss_epoch": 0.47758984565734863, "train_auc_epoch": 0.8277450672199591, "train_acc_epoch": 0.7799611165115956, "valid_auc_epoch": 0.7998719072338704, "valid_acc_epoch": 0.7277205553067622, "_timestamp": 1669998758.3764355, "_runtime": 512.3052206039429, "_step": 29, "best_epoch": 19, "best_train_loss": 0.4774290919303894, "best_train_auc": 0.8279474375485882, "best_train_acc": 0.7801883576775953, "best_valid_auc": 0.8064691662412959, "best_valid_acc": 0.7308553515450067, "_wandb": {"runtime": 512}}