{"epoch": 14, "train_loss_epoch": 0.43991127610206604, "train_auc_epoch": 0.8600505568997583, "train_acc_epoch": 0.7987175390853101, "valid_auc_epoch": 0.8050999540920663, "valid_acc_epoch": 0.7326466636811464, "_timestamp": 1669970165.5692546, "_runtime": 141.43090963363647, "_step": 14, "best_epoch": 4, "best_train_loss": 0.47121018171310425, "best_train_auc": 0.8354555256948801, "best_train_acc": 0.7819706267972633, "best_valid_auc": 0.805105572195844, "best_valid_acc": 0.7304075235109718, "_wandb": {"runtime": 140}}