{"epoch": 14, "train_loss_epoch": 0.5653813481330872, "train_auc_epoch": 0.802755567299211, "train_acc_epoch": 0.6512702236345309, "valid_auc_epoch": 0.7801347060768622, "valid_acc_epoch": 0.4890282131661442, "_timestamp": 1670539042.1243536, "_runtime": 537.0770876407623, "_step": 14, "best_epoch": 4, "best_train_loss": 0.5668768882751465, "best_train_auc": 0.7995609574824706, "best_train_acc": 0.6512702236345309, "best_valid_auc": 0.7824341156944137, "best_valid_acc": 0.4890282131661442, "_wandb": {"runtime": 537}}