{"epoch": 40, "train_loss_epoch": 0.465798556804657, "train_auc_epoch": 0.8371484928221011, "train_acc_epoch": 0.7854811841559165, "valid_auc_epoch": 0.8181259289935889, "valid_acc_epoch": 0.7447380206000895, "_timestamp": 1670042304.7058444, "_runtime": 15344.77776646614, "_step": 40, "best_epoch": 30, "best_train_loss": 0.46533313393592834, "best_train_auc": 0.837691326575666, "best_train_acc": 0.7857455554355304, "best_valid_auc": 0.8191066893959094, "best_valid_acc": 0.7389162561576355, "_wandb": {"runtime": 15349}}