{"epoch": 26, "train_loss_epoch": 0.4689972698688507, "train_auc_epoch": 0.834401646983993, "train_acc_epoch": 0.7846582269830694, "valid_auc_epoch": 0.8165584780396349, "valid_acc_epoch": 0.7389162561576355, "_timestamp": 1669780556.0540466, "_runtime": 1207.8436136245728, "_step": 26, "best_epoch": 16, "best_train_loss": 0.46901029348373413, "best_train_auc": 0.8343453949257221, "best_train_acc": 0.7847983188970324, "best_valid_auc": 0.8172727798056457, "best_valid_acc": 0.7389162561576355, "_wandb": {"runtime": 1207}}