{"epoch": 30, "train_loss_epoch": 0.4415046274662018, "train_auc_epoch": 0.8553067833521409, "train_acc_epoch": 0.8017762684475641, "valid_auc_epoch": 0.8147374098294344, "valid_acc_epoch": 0.7380206000895656, "_timestamp": 1669923206.0560288, "_runtime": 1551.213455915451, "_step": 30, "best_epoch": 20, "best_train_loss": 0.45591750741004944, "best_train_auc": 0.8447044388949212, "best_train_acc": 0.7918975899811895, "best_valid_auc": 0.8205080049952969, "best_valid_acc": 0.742498880429915, "_wandb": {"runtime": 1551}}