{"epoch": 26, "train_loss_epoch": 0.4742565155029297, "train_auc_epoch": 0.8306857982358717, "train_acc_epoch": 0.783403169044113, "valid_auc_epoch": 0.8091305422593768, "valid_acc_epoch": 0.7321988356471115, "_timestamp": 1669767662.955425, "_runtime": 3569.590800046921, "_step": 26, "best_epoch": 16, "best_train_loss": 0.4731422960758209, "best_train_auc": 0.8315289272225135, "best_train_acc": 0.7836590122179329, "best_valid_auc": 0.8099885069648436, "best_valid_acc": 0.7348858038513211, "_wandb": {"runtime": 3570}}