{"epoch": 71, "train_loss_epoch": 0.4577285945415497, "train_auc_epoch": 0.84393566371629, "train_acc_epoch": 0.7898484615516034, "valid_auc_epoch": 0.8152534727907208, "valid_acc_epoch": 0.7326466636811464, "_timestamp": 1670037769.992309, "_runtime": 6128.693358182907, "_step": 71, "best_epoch": 61, "best_train_loss": 0.4578680396080017, "best_train_auc": 0.8435898761362838, "best_train_acc": 0.7893700989185588, "best_valid_auc": 0.8178843505311516, "best_valid_acc": 0.7407075682937752, "_wandb": {"runtime": 6129}}