{"epoch": 65, "train_loss_epoch": 0.4554477632045746, "train_auc_epoch": 0.8456965038399895, "train_acc_epoch": 0.7906531009918701, "valid_auc_epoch": 0.8198900135797593, "valid_acc_epoch": 0.7456336766681594, "_timestamp": 1669791207.965663, "_runtime": 1911.3804569244385, "_step": 65, "best_epoch": 55, "best_train_loss": 0.460623174905777, "best_train_auc": 0.8419546598889441, "best_train_acc": 0.7889880049194206, "best_valid_auc": 0.8218884533520817, "best_valid_acc": 0.7447380206000895, "_wandb": {"runtime": 1911}}