{"epoch": 23, "train_loss_epoch": 0.5099102258682251, "train_auc_epoch": 0.8049026818828209, "train_acc_epoch": 0.7649533703939974, "valid_auc_epoch": 0.7935290680689454, "valid_acc_epoch": 0.7299596954769368, "_timestamp": 1669735434.7550383, "_runtime": 272.4665253162384, "_step": 23, "best_epoch": 13, "best_train_loss": 0.4986439645290375, "best_train_auc": 0.8128328960623241, "best_train_acc": 0.7698441629454115, "best_valid_auc": 0.8002880482065409, "best_valid_acc": 0.7335423197492164, "_wandb": {"runtime": 272}}