{"epoch": 99, "train_loss_epoch": 0.4775368869304657, "train_auc_epoch": 0.8327045579812324, "train_acc_epoch": 0.7904936078920991, "valid_auc_epoch": 0.7577489702818361, "valid_acc_epoch": 0.6950291088222122, "_timestamp": 1669992849.8520439, "_runtime": 590.9615697860718, "_step": 99, "best_epoch": 89, "best_train_loss": 0.4829176366329193, "best_train_auc": 0.8286593592680846, "best_train_acc": 0.7874514217384423, "best_valid_auc": 0.7585017961880364, "best_valid_acc": 0.6936856247201075, "_wandb": {"runtime": 590}}