{"epoch": 29, "train_loss_epoch": 0.4645721912384033, "train_auc_epoch": 0.837784960711905, "train_acc_epoch": 0.7867117694292108, "valid_auc_epoch": 0.8164509314816062, "valid_acc_epoch": 0.7371249440214958, "_timestamp": 1670015915.0123498, "_runtime": 820.7139668464661, "_step": 29, "best_epoch": 19, "best_train_loss": 0.4648648202419281, "best_train_auc": 0.8375439345258953, "best_train_acc": 0.7867937744520185, "best_valid_auc": 0.8198627256471251, "best_valid_acc": 0.742498880429915, "_wandb": {"runtime": 820}}