{"epoch": 32, "train_loss_epoch": 0.5665926337242126, "train_auc_epoch": 0.8023600054799407, "train_acc_epoch": 0.6493675030746379, "valid_auc_epoch": 0.78046898325163, "valid_acc_epoch": 0.4890282131661442, "_timestamp": 1670421119.3373563, "_runtime": 2565.6492352485657, "_step": 32, "best_epoch": 22, "best_train_loss": 0.5666876435279846, "best_train_auc": 0.8015117793472847, "best_train_acc": 0.6493675030746379, "best_valid_auc": 0.7821584273161837, "best_valid_acc": 0.4890282131661442, "_wandb": {"runtime": 2566}}