{"epoch": 53, "train_loss_epoch": 0.4454875588417053, "train_auc_epoch": 0.8545114428686835, "train_acc_epoch": 0.7973724311189819, "valid_auc_epoch": 0.7973758639841024, "valid_acc_epoch": 0.7192118226600985, "_timestamp": 1669818762.9359136, "_runtime": 907.0442576408386, "_step": 53, "best_epoch": 43, "best_train_loss": 0.44887396693229675, "best_train_auc": 0.8519923641049605, "best_train_acc": 0.7954625015444174, "best_valid_auc": 0.7982731554160125, "best_valid_acc": 0.7232422749664129, "_wandb": {"runtime": 906}}