{"epoch": 17, "train_loss_epoch": 0.44779592752456665, "train_auc_epoch": 0.8528340326250383, "train_acc_epoch": 0.7961141760614057, "valid_auc_epoch": 0.8018085478646391, "valid_acc_epoch": 0.7308553515450067, "_timestamp": 1669756618.0712123, "_runtime": 253.5310492515564, "_step": 17, "best_epoch": 7, "best_train_loss": 0.4611508250236511, "best_train_auc": 0.8423194295214211, "best_train_acc": 0.7890570754061936, "best_valid_auc": 0.8053383222094879, "best_valid_acc": 0.7272727272727273, "_wandb": {"runtime": 253}}