{"epoch": 16, "train_loss_epoch": 0.47886350750923157, "train_auc_epoch": 0.8288844787342399, "train_acc_epoch": 0.7784050532964863, "valid_auc_epoch": 0.8131041205916063, "valid_acc_epoch": 0.7323383084577114, "_timestamp": 1669719080.6478994, "_runtime": 197.25586438179016, "_step": 16, "best_epoch": 11, "best_train_loss": 0.47933679819107056, "best_train_auc": 0.8282901676674522, "best_train_acc": 0.7791156731148835, "best_valid_auc": 0.8137613281168317, "best_valid_acc": 0.7308457711442786, "_wandb": {"runtime": 196}}