{"epoch": 25, "train_loss_epoch": 0.40983158349990845, "train_auc_epoch": 0.8804079050088172, "train_acc_epoch": 0.8160448712501063, "valid_auc_epoch": 0.8021343978837406, "valid_acc_epoch": 0.7223466188983431, "_timestamp": 1669818704.2565708, "_runtime": 703.783392906189, "_step": 25, "best_epoch": 15, "best_train_loss": 0.4438229501247406, "best_train_auc": 0.856789560169108, "best_train_acc": 0.7981983513214923, "best_valid_auc": 0.8112100432433472, "best_valid_acc": 0.7330944917151814, "_wandb": {"runtime": 703}}