{"epoch": 18, "train_loss_epoch": 0.4352667033672333, "train_auc_epoch": 0.862469799567418, "train_acc_epoch": 0.7995500951721751, "valid_auc_epoch": 0.8021295823662169, "valid_acc_epoch": 0.7241379310344828, "_timestamp": 1669734915.3111217, "_runtime": 202.89494466781616, "_step": 18, "best_epoch": 8, "best_train_loss": 0.4566253423690796, "best_train_auc": 0.8464626303969942, "best_train_acc": 0.7898857933898599, "best_valid_auc": 0.8056577515385578, "best_valid_acc": 0.7272727272727273, "_wandb": {"runtime": 202}}