{"epoch": 31, "train_loss_epoch": 0.41859135031700134, "train_auc_epoch": 0.875272093979514, "train_acc_epoch": 0.8092835186144134, "valid_auc_epoch": 0.7935017801363113, "valid_acc_epoch": 0.7187639946260636, "_timestamp": 1669747366.2786047, "_runtime": 433.05560779571533, "_step": 31, "best_epoch": 21, "best_train_loss": 0.43504205346107483, "best_train_auc": 0.8638350263164518, "best_train_acc": 0.8014829831539284, "best_valid_auc": 0.7970379751711916, "best_valid_acc": 0.7277205553067622, "_wandb": {"runtime": 432}}