{"epoch": 15, "train_loss_epoch": 0.46820902824401855, "train_auc_epoch": 0.8402102268490225, "train_acc_epoch": 0.7854035874439462, "valid_auc_epoch": 0.7932553861563503, "valid_acc_epoch": 0.7250335871025526, "_timestamp": 1669742423.885419, "_runtime": 136.734689950943, "_step": 15, "best_epoch": 5, "best_train_loss": 0.48153188824653625, "best_train_auc": 0.8294890532372637, "best_train_acc": 0.7767488789237668, "best_valid_auc": 0.7974087700205141, "best_valid_acc": 0.7384684281236006, "_wandb": {"runtime": 136}}