{"epoch": 26, "train_loss_epoch": 0.46596789360046387, "train_auc_epoch": 0.8377167830319026, "train_acc_epoch": 0.7865807233085309, "valid_auc_epoch": 0.8155584555672196, "valid_acc_epoch": 0.7317510076130765, "_timestamp": 1670026716.7124548, "_runtime": 759.7741549015045, "_step": 26, "best_epoch": 16, "best_train_loss": 0.46630340814590454, "best_train_auc": 0.8374124591225964, "best_train_acc": 0.7864855511334141, "best_valid_auc": 0.8190023531828967, "best_valid_acc": 0.7371249440214958, "_wandb": {"runtime": 759}}