{"epoch": 14, "train_loss_epoch": 0.5093836188316345, "train_auc_epoch": 0.7987191532556601, "train_acc_epoch": 0.7613494874608417, "valid_auc_epoch": 0.7729852677267226, "valid_acc_epoch": 0.6856247201074788, "_timestamp": 1669865930.5432577, "_runtime": 571.2221968173981, "_step": 14, "best_epoch": 4, "best_train_loss": 0.5080859065055847, "best_train_auc": 0.8009369796172312, "best_train_acc": 0.7618156905775801, "best_valid_auc": 0.778133858545778, "best_valid_acc": 0.6820420958351993, "_wandb": {"runtime": 570}}