{"epoch": 14, "train_loss_epoch": 0.4068162739276886, "train_auc_epoch": 0.8849715292487339, "train_acc_epoch": 0.8133476235623892, "valid_auc_epoch": 0.7943806120843807, "valid_acc_epoch": 0.7210031347962382, "_timestamp": 1669745807.361843, "_runtime": 160.7497742176056, "_step": 14, "best_epoch": 4, "best_train_loss": 0.46845632791519165, "best_train_auc": 0.8403272630011529, "best_train_acc": 0.7838946370419226, "best_valid_auc": 0.8007009788341953, "best_valid_acc": 0.7263770712046574, "_wandb": {"runtime": 160}}