{"epoch": 31, "train_loss_epoch": 0.47886916995048523, "train_auc_epoch": 0.8325376520215416, "train_acc_epoch": 0.7793002839502957, "valid_auc_epoch": 0.8028735798236237, "valid_acc_epoch": 0.7308553515450067, "_timestamp": 1670029517.5894167, "_runtime": 154.63922476768494, "_step": 31, "best_epoch": 21, "best_train_loss": 0.4790908992290497, "best_train_auc": 0.8320733753354211, "best_train_acc": 0.7796910412379191, "best_valid_auc": 0.8068375533318566, "best_valid_acc": 0.7281683833407971, "_wandb": {"runtime": 154}}