{"epoch": 17, "train_loss_epoch": 0.4733343720436096, "train_auc_epoch": 0.8319660579101168, "train_acc_epoch": 0.781892379689821, "valid_auc_epoch": 0.8061665912235587, "valid_acc_epoch": 0.7330944917151814, "_timestamp": 1669882151.8322709, "_runtime": 401.5815999507904, "_step": 17, "best_epoch": 7, "best_train_loss": 0.4738166034221649, "best_train_auc": 0.8315339766086781, "best_train_acc": 0.7810977654969733, "best_valid_auc": 0.8100912380053484, "best_valid_acc": 0.7335423197492164, "_wandb": {"runtime": 401}}