{"epoch": 15, "train_loss_epoch": 0.5730239152908325, "train_auc_epoch": 0.7803267443040179, "train_acc_epoch": 0.6512702236345309, "valid_auc_epoch": 0.7684133351311266, "valid_acc_epoch": 0.4890282131661442, "_timestamp": 1670442616.3420434, "_runtime": 1087.4490003585815, "_step": 15, "best_epoch": 5, "best_train_loss": 0.5737386345863342, "best_train_auc": 0.7772074374387787, "best_train_acc": 0.6512702236345309, "best_valid_auc": 0.7687135023901018, "best_valid_acc": 0.4890282131661442, "_wandb": {"runtime": 1087}}