{"epoch": 22, "train_loss_epoch": 0.4480164349079132, "train_auc_epoch": 0.8516366993118571, "train_acc_epoch": 0.7936658292492071, "valid_auc_epoch": 0.8059619317288029, "valid_acc_epoch": 0.7371249440214958, "_timestamp": 1669943900.7414005, "_runtime": 1426.9713015556335, "_step": 22, "best_epoch": 12, "best_train_loss": 0.45527297258377075, "best_train_auc": 0.8458385665386905, "best_train_acc": 0.790262962810428, "best_valid_auc": 0.8099564035146856, "best_valid_acc": 0.7348858038513211, "_wandb": {"runtime": 1427}}