{"epoch": 15, "train_loss_epoch": 0.39357689023017883, "train_auc_epoch": 0.8887647312789814, "train_acc_epoch": 0.8205922610239715, "valid_auc_epoch": 0.795651908710629, "valid_acc_epoch": 0.7183161665920287, "_timestamp": 1670099512.0035353, "_runtime": 436.07265424728394, "_step": 15, "best_epoch": 5, "best_train_loss": 0.46019041538238525, "best_train_auc": 0.842469691549554, "best_train_acc": 0.7883156999112163, "best_valid_auc": 0.8062002998462244, "best_valid_acc": 0.7330944917151814, "_wandb": {"runtime": 435}}