{"epoch": 27, "train_loss_epoch": 0.4572921693325043, "train_auc_epoch": 0.844293809257332, "train_acc_epoch": 0.7900371971448678, "valid_auc_epoch": 0.8139396390930135, "valid_acc_epoch": 0.7366771159874608, "_timestamp": 1669824714.2702725, "_runtime": 1691.982251405716, "_step": 27, "best_epoch": 17, "best_train_loss": 0.45925965905189514, "best_train_auc": 0.8421003545551351, "best_train_acc": 0.7886525859784128, "best_valid_auc": 0.8151090072650108, "best_valid_acc": 0.7339901477832512, "_wandb": {"runtime": 1692}}