{"epoch": 35, "train_loss_epoch": 0.4617723524570465, "train_auc_epoch": 0.8410391958187338, "train_acc_epoch": 0.789804933793472, "valid_auc_epoch": 0.806366435200791, "valid_acc_epoch": 0.729511867442902, "_timestamp": 1669951677.6090155, "_runtime": 1109.5977845191956, "_step": 35, "best_epoch": 25, "best_train_loss": 0.4733065366744995, "best_train_auc": 0.8310373660543072, "best_train_acc": 0.782973921052482, "best_valid_auc": 0.8096795112570747, "best_valid_acc": 0.7393640841916704, "_wandb": {"runtime": 1109}}