{"epoch": 15, "train_loss_epoch": 0.4364471137523651, "train_auc_epoch": 0.8641791616097402, "train_acc_epoch": 0.8041641879833432, "valid_auc_epoch": 0.785942220210406, "valid_acc_epoch": 0.7232422749664129, "_timestamp": 1670086843.0728402, "_runtime": 111.22529530525208, "_step": 15, "best_epoch": 5, "best_train_loss": 0.4681309461593628, "best_train_auc": 0.8395926515776292, "best_train_acc": 0.7883062802753463, "best_valid_auc": 0.7925900421518302, "best_valid_acc": 0.7138378862516793, "_wandb": {"runtime": 110}}