{"epoch": 10, "train_loss_epoch": 0.44811367988586426, "train_auc_epoch": 0.8552945393421542, "train_acc_epoch": 0.7899131675984299, "valid_auc_epoch": 0.797417771887251, "valid_acc_epoch": 0.7243781094527363, "_timestamp": 1669720217.0968773, "_runtime": 84.9952323436737, "_step": 10, "best_epoch": 5, "best_train_loss": 0.47648707032203674, "best_train_auc": 0.8333264800974679, "best_train_acc": 0.7743547044129891, "best_valid_auc": 0.8012544697579982, "best_valid_acc": 0.7298507462686568, "_wandb": {"runtime": 84}}