{"epoch": 23, "train_loss_epoch": 0.43543535470962524, "train_auc_epoch": 0.8624857225843283, "train_acc_epoch": 0.8012263243563185, "valid_auc_epoch": 0.8002443072557006, "valid_acc_epoch": 0.7218987908643081, "_timestamp": 1669985451.0940318, "_runtime": 424.8257098197937, "_step": 23, "best_epoch": 13, "best_train_loss": 0.45047202706336975, "best_train_auc": 0.8510159928605487, "best_train_acc": 0.794401080201243, "best_valid_auc": 0.8055225157547683, "best_valid_acc": 0.7330944917151814, "_wandb": {"runtime": 424}}