{"epoch": 17, "train_loss_epoch": 0.5540658831596375, "train_auc_epoch": 0.8171750343798435, "train_acc_epoch": 0.6492469480248956, "valid_auc_epoch": 0.7698479580600528, "valid_acc_epoch": 0.4890282131661442, "_timestamp": 1670539322.6515563, "_runtime": 243.40958428382874, "_step": 17, "best_epoch": 7, "best_train_loss": 0.5659537315368652, "best_train_auc": 0.8126131662786756, "best_train_acc": 0.6492469480248956, "best_valid_auc": 0.7762068489500566, "best_valid_acc": 0.4890282131661442, "_wandb": {"runtime": 242}}