{"epoch": 22, "train_loss_epoch": 0.5002521276473999, "train_auc_epoch": 0.8117816565610654, "train_acc_epoch": 0.7683011812696524, "valid_auc_epoch": 0.785200630511761, "valid_acc_epoch": 0.7151813703537842, "_timestamp": 1670035963.7088385, "_runtime": 378.70347452163696, "_step": 22, "best_epoch": 12, "best_train_loss": 0.500835657119751, "best_train_auc": 0.811971094446189, "best_train_acc": 0.765207784482026, "best_valid_auc": 0.7888235048620675, "best_valid_acc": 0.7187639946260636, "_wandb": {"runtime": 378}}