{"epoch": 53, "train_loss_epoch": 0.42363494634628296, "train_auc_epoch": 0.8717112104277266, "train_acc_epoch": 0.8086775448145169, "valid_auc_epoch": 0.8072781731852723, "valid_acc_epoch": 0.7348858038513211, "_timestamp": 1669959224.5297616, "_runtime": 698.7315175533295, "_step": 53, "best_epoch": 43, "best_train_loss": 0.4525298476219177, "best_train_auc": 0.8495734170300648, "best_train_acc": 0.7932417394753368, "best_valid_auc": 0.8201115273858481, "best_valid_acc": 0.7411553963278101, "_wandb": {"runtime": 698}}