{"epoch": 51, "train_loss_epoch": 0.4636342227458954, "train_auc_epoch": 0.839485982193761, "train_acc_epoch": 0.7889238276887125, "valid_auc_epoch": 0.8157607073032139, "valid_acc_epoch": 0.7375727720555306, "_timestamp": 1669887782.0752597, "_runtime": 2269.672550678253, "_step": 51, "best_epoch": 41, "best_train_loss": 0.46368277072906494, "best_train_auc": 0.839415875372761, "best_train_acc": 0.7884713415926365, "best_valid_auc": 0.8177671729380757, "best_valid_acc": 0.7433945364979848, "_wandb": {"runtime": 2269}}