{"epoch": 38, "train_loss_epoch": 0.4558107852935791, "train_auc_epoch": 0.8461810190725596, "train_acc_epoch": 0.7893000064545278, "valid_auc_epoch": 0.8037861203943587, "valid_acc_epoch": 0.7362292879534259, "_timestamp": 1670026925.3574924, "_runtime": 2014.1156513690948, "_step": 38, "best_epoch": 28, "best_train_loss": 0.4621164798736572, "best_train_auc": 0.8416699953856617, "best_train_acc": 0.7864116052410766, "best_valid_auc": 0.8055510075667833, "best_valid_acc": 0.7375727720555306, "_wandb": {"runtime": 2013}}