{"epoch": 38, "train_loss_epoch": 0.4752177894115448, "train_auc_epoch": 0.830734090202052, "train_acc_epoch": 0.7808683295314311, "valid_auc_epoch": 0.8071898886973384, "valid_acc_epoch": 0.7259292431706225, "_timestamp": 1669775370.8948872, "_runtime": 481.0283513069153, "_step": 38, "best_epoch": 28, "best_train_loss": 0.4757682979106903, "best_train_auc": 0.8306209695299418, "best_train_acc": 0.7804270595714446, "best_valid_auc": 0.810301515603882, "best_valid_acc": 0.7339901477832512, "_wandb": {"runtime": 480}}