{"epoch": 14, "train_loss_epoch": 0.4546383321285248, "train_auc_epoch": 0.8474518091296537, "train_acc_epoch": 0.792768690554643, "valid_auc_epoch": 0.8058094403405535, "valid_acc_epoch": 0.7344379758172862, "_timestamp": 1669945252.7563941, "_runtime": 245.7442591190338, "_step": 14, "best_epoch": 4, "best_train_loss": 0.4693277180194855, "best_train_auc": 0.8362081512526898, "best_train_acc": 0.7843885550167701, "best_valid_auc": 0.8069370740273456, "best_valid_acc": 0.7384684281236006, "_wandb": {"runtime": 245}}