{"epoch": 13, "train_loss_epoch": 0.5632715821266174, "train_auc_epoch": 0.8060651023805832, "train_acc_epoch": 0.6480011966642982, "valid_auc_epoch": 0.7781956576873317, "valid_acc_epoch": 0.4890282131661442, "_timestamp": 1670522355.225849, "_runtime": 182.08603382110596, "_step": 13, "best_epoch": 3, "best_train_loss": 0.567245364189148, "best_train_auc": 0.7988258568438509, "best_train_acc": 0.6480011966642982, "best_valid_auc": 0.7798417620941722, "best_valid_acc": 0.4890282131661442, "_wandb": {"runtime": 181}}