{"epoch": 31, "train_loss_epoch": 0.5786522030830383, "train_auc_epoch": 0.791215298837156, "train_acc_epoch": 0.6501230889936267, "valid_auc_epoch": 0.7752224769095936, "valid_acc_epoch": 0.4890282131661442, "_timestamp": 1670486518.564403, "_runtime": 2753.7862441539764, "_step": 31, "best_epoch": 21, "best_train_loss": 0.578667402267456, "best_train_auc": 0.791099765996776, "best_train_acc": 0.6501230889936267, "best_valid_auc": 0.7796904745853037, "best_valid_acc": 0.4890282131661442, "_wandb": {"runtime": 2754}}