{"epoch": 23, "train_loss_epoch": 0.4312681257724762, "train_auc_epoch": 0.8656661593668113, "train_acc_epoch": 0.8035581278923526, "valid_auc_epoch": 0.8062091282950179, "valid_acc_epoch": 0.7375727720555306, "_timestamp": 1669795893.6239843, "_runtime": 1219.7178032398224, "_step": 23, "best_epoch": 13, "best_train_loss": 0.45682865381240845, "best_train_auc": 0.846562794930265, "best_train_acc": 0.7892474693822729, "best_valid_auc": 0.8120351019124026, "best_valid_acc": 0.7313031795790417, "_wandb": {"runtime": 1219}}