{"epoch": 41, "train_loss_epoch": 0.46746790409088135, "train_auc_epoch": 0.8362919094548625, "train_acc_epoch": 0.7854044312037706, "valid_auc_epoch": 0.8184132548725012, "valid_acc_epoch": 0.7407075682937752, "_timestamp": 1669804816.7303212, "_runtime": 1684.6470682621002, "_step": 41, "best_epoch": 31, "best_train_loss": 0.46805617213249207, "best_train_auc": 0.8358311096245739, "best_train_acc": 0.7854584425404658, "best_valid_auc": 0.8186580436799544, "best_valid_acc": 0.7402597402597403, "_wandb": {"runtime": 1684}}