{"epoch": 27, "train_loss_epoch": 0.5691275000572205, "train_auc_epoch": 0.8000543712936173, "train_acc_epoch": 0.6496382975067443, "valid_auc_epoch": 0.7766683360460749, "valid_acc_epoch": 0.4890282131661442, "_timestamp": 1670479163.319586, "_runtime": 1228.6043000221252, "_step": 27, "best_epoch": 17, "best_train_loss": 0.5693879723548889, "best_train_auc": 0.7991266565019822, "best_train_acc": 0.6496382975067443, "best_valid_auc": 0.7820581040344405, "best_valid_acc": 0.4890282131661442, "_wandb": {"runtime": 1228}}