{"epoch": 59, "train_loss_epoch": 0.3918844759464264, "train_auc_epoch": 0.8948172324645653, "train_acc_epoch": 0.8155558854089358, "valid_auc_epoch": 0.7730253970394199, "valid_acc_epoch": 0.7080161218092252, "_timestamp": 1669767495.7135975, "_runtime": 237.0831515789032, "_step": 59, "best_epoch": 49, "best_train_loss": 0.4692839980125427, "best_train_auc": 0.8412736136878722, "best_train_acc": 0.7820988570580377, "best_valid_auc": 0.8083616646280976, "best_valid_acc": 0.7335423197492164, "_wandb": {"runtime": 236}}