{"epoch": 90, "train_loss_epoch": 0.4566282629966736, "train_auc_epoch": 0.845533988899183, "train_acc_epoch": 0.7910196770154546, "valid_auc_epoch": 0.8077244111424656, "valid_acc_epoch": 0.7398119122257053, "_timestamp": 1669782453.493242, "_runtime": 1858.5971050262451, "_step": 90, "best_epoch": 80, "best_train_loss": 0.45698270201683044, "best_train_auc": 0.8448003391707586, "best_train_acc": 0.7902839595309686, "best_valid_auc": 0.8089154491433195, "best_valid_acc": 0.7366771159874608, "_wandb": {"runtime": 1858}}