{"epoch": 63, "train_loss_epoch": 0.4467211067676544, "train_auc_epoch": 0.8528218128182881, "train_acc_epoch": 0.7963707650547904, "valid_auc_epoch": 0.8109596363321167, "valid_acc_epoch": 0.7366771159874608, "_timestamp": 1669803145.8257146, "_runtime": 1524.7525956630707, "_step": 63, "best_epoch": 53, "best_train_loss": 0.4485951066017151, "best_train_auc": 0.8513195049518193, "best_train_acc": 0.7952420556220697, "best_valid_auc": 0.8121265967453524, "best_valid_acc": 0.7407075682937752, "_wandb": {"runtime": 1524}}