{"epoch": 16, "train_loss_epoch": 0.4471583664417267, "train_auc_epoch": 0.8595656743359597, "train_acc_epoch": 0.7936568254896229, "valid_auc_epoch": 0.7930214518510847, "valid_acc_epoch": 0.7228855721393035, "_timestamp": 1669704792.850869, "_runtime": 209.05914187431335, "_step": 16, "best_epoch": 11, "best_train_loss": 0.46066364645957947, "best_train_auc": 0.8488495017199599, "best_train_acc": 0.7856474714995615, "best_valid_auc": 0.7986694534921119, "best_valid_acc": 0.7353233830845771, "_wandb": {"runtime": 208}}