{"epoch": 46, "train_loss_epoch": 0.44420716166496277, "train_auc_epoch": 0.8558317555192039, "train_acc_epoch": 0.7971948184795759, "valid_auc_epoch": 0.8029610617253036, "valid_acc_epoch": 0.7304075235109718, "_timestamp": 1669801381.015692, "_runtime": 455.34537506103516, "_step": 46, "best_epoch": 36, "best_train_loss": 0.45215484499931335, "best_train_auc": 0.8496574093242435, "best_train_acc": 0.7934080201438, "best_valid_auc": 0.805814255858077, "best_valid_acc": 0.7344379758172862, "_wandb": {"runtime": 453}}