{"epoch": 25, "train_loss_epoch": 0.4521080553531647, "train_auc_epoch": 0.8491131047464626, "train_acc_epoch": 0.7924699324378284, "valid_auc_epoch": 0.8058551877570284, "valid_acc_epoch": 0.7317510076130765, "_timestamp": 1670046530.8947458, "_runtime": 713.6454079151154, "_step": 25, "best_epoch": 15, "best_train_loss": 0.4575159251689911, "best_train_auc": 0.8450163928781043, "best_train_acc": 0.7900501525339807, "best_valid_auc": 0.807178652489783, "best_valid_acc": 0.7330944917151814, "_wandb": {"runtime": 713}}