{"epoch": 17, "train_loss_epoch": 0.5586463212966919, "train_auc_epoch": 0.7863136984265758, "train_acc_epoch": 0.7214163822525598, "valid_auc_epoch": 0.7165595019543551, "valid_acc_epoch": 0.6393034825870647, "_timestamp": 1668601648.9601154, "_runtime": 58.86667346954346, "_step": 17, "_wandb": {"runtime": 58}}