{"epoch": 28, "train_loss_epoch": 0.5602753758430481, "train_auc_epoch": 0.8128876942397913, "train_acc_epoch": 0.6467624730109349, "valid_auc_epoch": 0.778436032270388, "valid_acc_epoch": 0.4890282131661442, "_timestamp": 1670557306.5532155, "_runtime": 340.5652334690094, "_step": 28, "best_epoch": 18, "best_train_loss": 0.5636556148529053, "best_train_auc": 0.8090884285303334, "best_train_acc": 0.6467624730109349, "best_valid_auc": 0.7815701315920422, "best_valid_acc": 0.4890282131661442, "_wandb": {"runtime": 340}}