{"epoch": 100, "train_loss_epoch": 0.5198464393615723, "train_auc_epoch": 0.7871957488314363, "train_acc_epoch": 0.755188295353655, "valid_auc_epoch": 0.755473638251903, "valid_acc_epoch": 0.6815942678011644, "_timestamp": 1669732392.5779161, "_runtime": 1076.8929171562195, "_step": 100, "best_epoch": 100, "best_train_loss": 0.5198464393615723, "best_train_auc": 0.7871957488314363, "best_train_acc": 0.755188295353655, "best_valid_auc": 0.755473638251903, "best_valid_acc": 0.6815942678011644, "_wandb": {"runtime": 1080}}