{"epoch": 100, "train_loss_epoch": 0.4109889566898346, "train_auc_epoch": 0.8839019905412487, "train_acc_epoch": 0.8230963336796794, "valid_auc_epoch": 0.7640099456488588, "valid_acc_epoch": 0.7075682937751904, "_timestamp": 1669907833.8646216, "_runtime": 628.4362785816193, "_step": 100, "best_epoch": 94, "best_train_loss": 0.41629454493522644, "best_train_auc": 0.8810728874483008, "best_train_acc": 0.8189995546979367, "best_valid_auc": 0.7655477009114169, "best_valid_acc": 0.7107030900134348, "_wandb": {"runtime": 628}}