{"epoch": 22, "train_loss_epoch": 0.43405139446258545, "train_auc_epoch": 0.8651241945202336, "train_acc_epoch": 0.8018710324089542, "valid_auc_epoch": 0.7993726985839168, "valid_acc_epoch": 0.7366771159874608, "_timestamp": 1669904272.9075236, "_runtime": 274.2021405696869, "_step": 22, "best_epoch": 12, "best_train_loss": 0.4470575749874115, "best_train_auc": 0.8557477521427327, "best_train_acc": 0.7958921694480102, "best_valid_auc": 0.8055020498052925, "best_valid_acc": 0.7268248992386923, "_wandb": {"runtime": 271}}