{"epoch": 18, "train_loss_epoch": 0.6473159193992615, "train_auc_epoch": 0.4984649833696317, "train_acc_epoch": 0.6512702236345309, "valid_auc_epoch": 0.5, "valid_acc_epoch": 0.4890282131661442, "_timestamp": 1670006326.693394, "_runtime": 480.9047620296478, "_step": 18, "best_epoch": 8, "best_train_loss": 0.5463337898254395, "best_train_auc": 0.7576329566105967, "best_train_acc": 0.7373925819623118, "best_valid_auc": 0.7740992574471979, "best_valid_acc": 0.7098074339453649, "_wandb": {"runtime": 480}}