{"epoch": 25, "train_loss_epoch": 0.5525721907615662, "train_auc_epoch": 0.8298653329734389, "train_acc_epoch": 0.6426106909152716, "valid_auc_epoch": 0.7644654133479725, "valid_acc_epoch": 0.4890282131661442, "_timestamp": 1670388510.2404792, "_runtime": 181.27484726905823, "_step": 25, "best_epoch": 15, "best_train_loss": 0.5653807520866394, "best_train_auc": 0.8195332008293309, "best_train_acc": 0.6426106909152716, "best_valid_auc": 0.7676364316373081, "best_valid_acc": 0.4890282131661442, "_wandb": {"runtime": 180}}