{"epoch": 1, "train_loss_epoch": 0.6681346893310547, "train_auc_epoch": 0.4919945522979531, "train_acc_epoch": 0.6365070479873798, "valid_auc_epoch": 0.5, "valid_acc_epoch": 0.4890282131661442, "_timestamp": 1669726605.2346814, "_runtime": 32.224849462509155, "_step": 0}