{"epoch": 30, "train_loss_epoch": 0.47139883041381836, "train_auc_epoch": 0.8360135621315845, "train_acc_epoch": 0.784973621975623, "valid_auc_epoch": 0.8119179243193266, "valid_acc_epoch": 0.7429467084639498, "_timestamp": 1670064643.332457, "_runtime": 619.2513470649719, "_step": 30, "best_epoch": 20, "best_train_loss": 0.47086068987846375, "best_train_auc": 0.8363885447042558, "best_train_acc": 0.7851695330320034, "best_valid_auc": 0.8137526364958442, "best_valid_acc": 0.7393640841916704, "_wandb": {"runtime": 618}}