{"epoch": 89, "train_loss_epoch": 0.47819018363952637, "train_auc_epoch": 0.8288759182663935, "train_acc_epoch": 0.7793362033050966, "valid_auc_epoch": 0.8045445644043364, "valid_acc_epoch": 0.7245857590685177, "_timestamp": 1670002855.625957, "_runtime": 6729.753833055496, "_step": 89, "best_epoch": 79, "best_train_loss": 0.4792294204235077, "best_train_auc": 0.8281020753154922, "best_train_acc": 0.7776760803423767, "best_valid_auc": 0.8054835903214519, "best_valid_acc": 0.7245857590685177, "_wandb": {"runtime": 6730}}