{"epoch": 49, "train_loss_epoch": 0.4819454848766327, "train_auc_epoch": 0.8270563417738913, "train_acc_epoch": 0.7758684633452837, "valid_auc_epoch": 0.7988327596044407, "valid_acc_epoch": 0.7318407960199005, "_timestamp": 1669708913.3579316, "_runtime": 1297.4840376377106, "_step": 49, "best_epoch": 44, "best_train_loss": 0.4821147322654724, "best_train_auc": 0.826879954718164, "best_train_acc": 0.7747929286685622, "best_valid_auc": 0.7991414479875012, "best_valid_acc": 0.7338308457711443, "_wandb": {"runtime": 1297}}