{"epoch": 22, "train_loss_epoch": 0.4503483772277832, "train_auc_epoch": 0.8516013748010557, "train_acc_epoch": 0.7954061189209471, "valid_auc_epoch": 0.8010765892010414, "valid_acc_epoch": 0.7210031347962382, "_timestamp": 1669972211.4077659, "_runtime": 308.4693558216095, "_step": 22, "best_epoch": 12, "best_train_loss": 0.46573537588119507, "best_train_auc": 0.8395199901857029, "best_train_acc": 0.7861593921282213, "best_valid_auc": 0.8047793208836154, "best_valid_acc": 0.7250335871025526, "_wandb": {"runtime": 308}}