{"epoch": 20, "train_loss_epoch": 0.4560670554637909, "train_auc_epoch": 0.8471989377246057, "train_acc_epoch": 0.7921362619101862, "valid_auc_epoch": 0.8082292378961967, "valid_acc_epoch": 0.729511867442902, "_timestamp": 1669948409.0351431, "_runtime": 425.8650691509247, "_step": 20, "best_epoch": 10, "best_train_loss": 0.46825742721557617, "best_train_auc": 0.8375542314856176, "best_train_acc": 0.7851141099690435, "best_valid_auc": 0.8095382560763805, "best_valid_acc": 0.7326466636811464, "_wandb": {"runtime": 425}}