{"epoch": 76, "train_loss_epoch": 0.46683362126350403, "train_auc_epoch": 0.8421559448552283, "train_acc_epoch": 0.78674065279023, "valid_auc_epoch": 0.7914443502743239, "valid_acc_epoch": 0.7259292431706225, "_timestamp": 1669826796.3980453, "_runtime": 419.3028013706207, "_step": 76, "best_epoch": 66, "best_train_loss": 0.4706975519657135, "best_train_auc": 0.8391322826652723, "best_train_acc": 0.7847536892098185, "best_valid_auc": 0.7922224576475233, "best_valid_acc": 0.7250335871025526, "_wandb": {"runtime": 418}}