{"epoch": 48, "train_loss_epoch": 0.5703821778297424, "train_auc_epoch": 0.8006891049138187, "train_acc_epoch": 0.6413191387176819, "valid_auc_epoch": 0.7705654701710793, "valid_acc_epoch": 0.4890282131661442, "_timestamp": 1670500598.7640655, "_runtime": 260.4927854537964, "_step": 48, "best_epoch": 38, "best_train_loss": 0.5702942609786987, "best_train_auc": 0.80318756968319, "best_train_acc": 0.6413191387176819, "best_valid_auc": 0.7829493760694461, "best_valid_acc": 0.4890282131661442, "_wandb": {"runtime": 260}}