{"epoch": 49, "train_loss_epoch": 0.4751761555671692, "train_auc_epoch": 0.8313336460144609, "train_acc_epoch": 0.7816352546311237, "valid_auc_epoch": 0.8064884283113907, "valid_acc_epoch": 0.729511867442902, "_timestamp": 1670034995.5306768, "_runtime": 814.1004137992859, "_step": 49, "best_epoch": 39, "best_train_loss": 0.47444769740104675, "best_train_auc": 0.8316474306368049, "best_train_acc": 0.7807074162525012, "best_valid_auc": 0.8095832009066014, "best_valid_acc": 0.7308553515450067, "_wandb": {"runtime": 813}}