{"epoch": 27, "train_loss_epoch": 0.4689602851867676, "train_auc_epoch": 0.8347397119679976, "train_acc_epoch": 0.7844606541625684, "valid_auc_epoch": 0.8173369867059613, "valid_acc_epoch": 0.7402597402597403, "_timestamp": 1670024871.7212012, "_runtime": 9284.312061071396, "_step": 27, "best_epoch": 17, "best_train_loss": 0.4699494242668152, "best_train_auc": 0.8338872047454142, "best_train_acc": 0.7842502942196499, "best_valid_auc": 0.8190031557691504, "best_valid_acc": 0.7384684281236006, "_wandb": {"runtime": 9289}}