{"epoch": 21, "train_loss_epoch": 0.39952391386032104, "train_auc_epoch": 0.890992398845641, "train_acc_epoch": 0.8190291055308497, "valid_auc_epoch": 0.7851685270616033, "valid_acc_epoch": 0.7205553067622034, "_timestamp": 1669891624.0217156, "_runtime": 96.47110867500305, "_step": 21, "best_epoch": 11, "best_train_loss": 0.44341057538986206, "best_train_auc": 0.8616871574726384, "best_train_acc": 0.7974063323835645, "best_valid_auc": 0.7916991714099515, "best_valid_acc": 0.7192118226600985, "_wandb": {"runtime": 96}}