{"epoch": 26, "train_loss_epoch": 0.5688489079475403, "train_auc_epoch": 0.7932931649384659, "train_acc_epoch": 0.6480011966642982, "valid_auc_epoch": 0.7752626062222907, "valid_acc_epoch": 0.4890282131661442, "_timestamp": 1670403268.2833362, "_runtime": 339.2455232143402, "_step": 26, "best_epoch": 16, "best_train_loss": 0.5689723491668701, "best_train_auc": 0.7937309183893305, "best_train_acc": 0.6480011966642982, "best_valid_auc": 0.7772385735795025, "best_valid_acc": 0.4890282131661442, "_wandb": {"runtime": 338}}