{"epoch": 28, "train_loss_epoch": 0.41246297955513, "train_auc_epoch": 0.8819577189074859, "train_acc_epoch": 0.8139824847855128, "valid_auc_epoch": 0.8038166186720087, "valid_acc_epoch": 0.728616211374832, "_timestamp": 1670022847.5967517, "_runtime": 343.69047474861145, "_step": 28, "best_epoch": 18, "best_train_loss": 0.43641993403434753, "best_train_auc": 0.8661173309072032, "best_train_acc": 0.801632774231854, "best_valid_auc": 0.8099957302411288, "best_valid_acc": 0.7272727272727273, "_wandb": {"runtime": 343}}