{"epoch": 18, "train_loss_epoch": 0.558021068572998, "train_auc_epoch": 0.8113134084672751, "train_acc_epoch": 0.6512702236345309, "valid_auc_epoch": 0.7746201359260079, "valid_acc_epoch": 0.4890282131661442, "_timestamp": 1670415147.193539, "_runtime": 1363.5295279026031, "_step": 18, "best_epoch": 8, "best_train_loss": 0.5608566999435425, "best_train_auc": 0.8089033339282089, "best_train_acc": 0.6512702236345309, "best_valid_auc": 0.7823967954336052, "best_valid_acc": 0.4890282131661442, "_wandb": {"runtime": 1363}}