{"epoch": 21, "train_loss_epoch": 0.40704137086868286, "train_auc_epoch": 0.8821289096792129, "train_acc_epoch": 0.8167947839024461, "valid_auc_epoch": 0.8085783629166627, "valid_acc_epoch": 0.735333631885356, "_timestamp": 1669939610.5218852, "_runtime": 471.4004211425781, "_step": 21, "best_epoch": 11, "best_train_loss": 0.44066527485847473, "best_train_auc": 0.8588968727815351, "best_train_acc": 0.7997141065099115, "best_valid_auc": 0.8127774941973014, "best_valid_acc": 0.7339901477832512, "_wandb": {"runtime": 471}}