{"epoch": 18, "train_loss_epoch": 0.4049079418182373, "train_auc_epoch": 0.8822037627233972, "train_acc_epoch": 0.8166984343840552, "valid_auc_epoch": 0.8006375745201336, "valid_acc_epoch": 0.7268248992386923, "_timestamp": 1670012165.8624687, "_runtime": 944.6883046627045, "_step": 18, "best_epoch": 8, "best_train_loss": 0.45197945833206177, "best_train_auc": 0.8495748177975876, "best_train_acc": 0.7917874023555854, "best_valid_auc": 0.8087244336148806, "best_valid_acc": 0.7326466636811464, "_wandb": {"runtime": 944}}