{"epoch": 64, "train_loss_epoch": 0.565070629119873, "train_auc_epoch": 0.8156049552117759, "train_acc_epoch": 0.6355229417862404, "valid_auc_epoch": 0.7803746793667915, "valid_acc_epoch": 0.4890282131661442, "_timestamp": 1670389376.4508116, "_runtime": 409.8171036243439, "_step": 64, "best_epoch": 54, "best_train_loss": 0.5668882727622986, "best_train_auc": 0.8142456101233414, "best_train_acc": 0.6355229417862404, "best_valid_auc": 0.7830878221982516, "best_valid_acc": 0.4890282131661442, "_wandb": {"runtime": 409}}