{"epoch": 27, "train_loss_epoch": 0.5583075284957886, "train_auc_epoch": 0.817712689925023, "train_acc_epoch": 0.6464087789077047, "valid_auc_epoch": 0.7699928248788899, "valid_acc_epoch": 0.4890282131661442, "_timestamp": 1670490112.4692721, "_runtime": 361.56537103652954, "_step": 27, "best_epoch": 17, "best_train_loss": 0.5631726384162903, "best_train_auc": 0.8121085013438685, "best_train_acc": 0.6464087789077047, "best_valid_auc": 0.7753565088140023, "best_valid_acc": 0.4890282131661442, "_wandb": {"runtime": 361}}