{"epoch": 30, "train_loss_epoch": 0.44952401518821716, "train_auc_epoch": 0.8493323628049407, "train_acc_epoch": 0.7964715209423006, "valid_auc_epoch": 0.8143906925677302, "valid_acc_epoch": 0.7259292431706225, "_timestamp": 1670077473.6204023, "_runtime": 1809.4641852378845, "_step": 30, "best_epoch": 20, "best_train_loss": 0.4607198238372803, "best_train_auc": 0.8415069729596312, "best_train_acc": 0.7890480210864462, "best_valid_auc": 0.8189846962853098, "best_valid_acc": 0.735333631885356, "_wandb": {"runtime": 1809}}