{"epoch": 100, "train_loss_epoch": 0.5196264982223511, "train_auc_epoch": 0.7983342793732926, "train_acc_epoch": 0.7542186148997294, "valid_auc_epoch": 0.7575411004420646, "valid_acc_epoch": 0.6892073443797582, "_timestamp": 1669879420.896511, "_runtime": 407.66424012184143, "_step": 100, "best_epoch": 100, "best_train_loss": 0.5196264982223511, "best_train_auc": 0.7983342793732926, "best_train_acc": 0.7542186148997294, "best_valid_auc": 0.7575411004420646, "best_valid_acc": 0.6892073443797582, "_wandb": {"runtime": 407}}