{"epoch": 32, "train_loss_epoch": 0.475500226020813, "train_auc_epoch": 0.829394555392976, "train_acc_epoch": 0.7810897794246834, "valid_auc_epoch": 0.8052259601339357, "valid_acc_epoch": 0.7281683833407971, "_timestamp": 1669787510.518654, "_runtime": 719.8114151954651, "_step": 32, "best_epoch": 22, "best_train_loss": 0.4753870666027069, "best_train_auc": 0.8293453906151997, "best_train_acc": 0.7812175565813222, "best_valid_auc": 0.8067083369449716, "best_valid_acc": 0.735333631885356, "_wandb": {"runtime": 719}}