{"epoch": 11, "train_loss_epoch": 0.6551204323768616, "train_auc_epoch": 0.49529837069033056, "train_acc_epoch": 0.6371368339431535, "valid_auc_epoch": 0.5, "valid_acc_epoch": 0.4890282131661442, "_timestamp": 1669729608.8204985, "_runtime": 216.01538753509521, "_step": 11, "best_epoch": 1, "best_train_loss": 0.6576878428459167, "best_train_auc": 0.50214157669796, "best_train_acc": 0.6371368339431535, "best_valid_auc": 0.5, "best_valid_acc": 0.4890282131661442, "_wandb": {"runtime": 215}}