{"fold": "full", "epoch": "full", "train_loss_epoch": 0.5894041061401367, "train_auc_epoch": 0.745128481660424, "train_acc_epoch": 0.6497982818654139, "valid_auc_epoch": 0.7458785607907967, "valid_acc_epoch": 0.6444910436614537, "_timestamp": 1669006095.0767949, "_runtime": 56.09666395187378, "_step": 42, "_wandb": {"runtime": 55}}