{"epoch": 100, "train_loss_epoch": 0.4799322485923767, "train_auc_epoch": 0.8318893391289692, "train_acc_epoch": 0.7807572699001583, "valid_auc_epoch": 0.7971094053477926, "valid_acc_epoch": 0.7304075235109718, "_timestamp": 1669884102.5867617, "_runtime": 419.65723276138306, "_step": 100, "best_epoch": 100, "best_train_loss": 0.4799322485923767, "best_train_auc": 0.8318893391289692, "best_train_acc": 0.7807572699001583, "best_valid_auc": 0.7971094053477926, "best_valid_acc": 0.7304075235109718, "_wandb": {"runtime": 419}}