{"epoch": 25, "train_loss_epoch": 0.37994253635406494, "train_auc_epoch": 0.9026020294130765, "train_acc_epoch": 0.8255933952528379, "valid_auc_epoch": 0.7762116644675803, "valid_acc_epoch": 0.7089117778772951, "_timestamp": 1669865165.5601003, "_runtime": 114.85970640182495, "_step": 25, "best_epoch": 15, "best_train_loss": 0.41638505458831787, "best_train_auc": 0.8809352644135495, "best_train_acc": 0.811647560873567, "best_valid_auc": 0.7916285438196042, "best_valid_acc": 0.7223466188983431, "_wandb": {"runtime": 114}}