{"epoch": 15, "train_loss_epoch": 0.5615469217300415, "train_auc_epoch": 0.8090752958430818, "train_acc_epoch": 0.6474476553036858, "valid_auc_epoch": 0.7756899834025162, "valid_acc_epoch": 0.4890282131661442, "_timestamp": 1670466241.3542118, "_runtime": 494.6152648925781, "_step": 15, "best_epoch": 5, "best_train_loss": 0.5658583641052246, "best_train_auc": 0.8030849554230165, "best_train_acc": 0.6474476553036858, "best_valid_auc": 0.7796078082011474, "best_valid_acc": 0.4890282131661442, "_wandb": {"runtime": 494}}