{"epoch": 40, "train_loss_epoch": 0.5785841345787048, "train_auc_epoch": 0.7900629618318447, "train_acc_epoch": 0.6313789520558112, "valid_auc_epoch": 0.7640576995309685, "valid_acc_epoch": 0.4890282131661442, "_timestamp": 1670538471.9322376, "_runtime": 381.2716336250305, "_step": 40, "best_epoch": 30, "best_train_loss": 0.579572319984436, "best_train_auc": 0.7887126112648472, "best_train_acc": 0.6313789520558112, "best_valid_auc": 0.7713877197882457, "best_valid_acc": 0.4890282131661442, "_wandb": {"runtime": 380}}