{"epoch": 27, "train_loss_epoch": 0.46605172753334045, "train_auc_epoch": 0.8365439654334008, "train_acc_epoch": 0.7862032408126708, "valid_auc_epoch": 0.8110134096111309, "valid_acc_epoch": 0.7362292879534259, "_timestamp": 1670069914.2554076, "_runtime": 1774.9946784973145, "_step": 27, "best_epoch": 17, "best_train_loss": 0.4658927023410797, "best_train_auc": 0.8367891775167466, "best_train_acc": 0.7864819909154884, "best_valid_auc": 0.8164621676891617, "best_valid_acc": 0.7384684281236006, "_wandb": {"runtime": 1775}}