{"epoch": 20, "train_loss_epoch": 0.4695102870464325, "train_auc_epoch": 0.8342397122514793, "train_acc_epoch": 0.7848277689938492, "valid_auc_epoch": 0.8092204319198184, "valid_acc_epoch": 0.7326466636811464, "_timestamp": 1669915530.0577004, "_runtime": 380.1100993156433, "_step": 20, "best_epoch": 10, "best_train_loss": 0.4697019159793854, "best_train_auc": 0.8338864329142874, "best_train_acc": 0.7845353098695815, "best_valid_auc": 0.8106915725232992, "best_valid_acc": 0.7344379758172862, "_wandb": {"runtime": 379}}