{"epoch": 28, "train_loss_epoch": 0.4763255715370178, "train_auc_epoch": 0.8290262322270988, "train_acc_epoch": 0.781121723713843, "valid_auc_epoch": 0.8034723091690663, "valid_acc_epoch": 0.7281683833407971, "_timestamp": 1669774854.3095787, "_runtime": 629.0102827548981, "_step": 28, "best_epoch": 18, "best_train_loss": 0.47679683566093445, "best_train_auc": 0.8286883088846284, "best_train_acc": 0.7806745036656072, "best_valid_auc": 0.8054366390255961, "best_valid_acc": 0.7357814599193909, "_wandb": {"runtime": 628}}