{"epoch": 38, "train_loss_epoch": 0.4508573114871979, "train_auc_epoch": 0.8498627741832588, "train_acc_epoch": 0.7931457645347434, "valid_auc_epoch": 0.8155977822936631, "valid_acc_epoch": 0.7380206000895656, "_timestamp": 1670108934.8804004, "_runtime": 1673.822191476822, "_step": 38, "best_epoch": 28, "best_train_loss": 0.45499876141548157, "best_train_auc": 0.8466094338547046, "best_train_acc": 0.7927527938834463, "best_valid_auc": 0.8197856773667467, "best_valid_acc": 0.742498880429915, "_wandb": {"runtime": 1673}}