{"epoch": 17, "train_loss_epoch": 0.46609750390052795, "train_auc_epoch": 0.8418293992560362, "train_acc_epoch": 0.7838389731621938, "valid_auc_epoch": 0.8059873597085982, "valid_acc_epoch": 0.7308457711442786, "_timestamp": 1669720342.1037338, "_runtime": 113.3556637763977, "_step": 17, "best_epoch": 12, "best_train_loss": 0.472150981426239, "best_train_auc": 0.8371519789004346, "best_train_acc": 0.7845284820197306, "best_valid_auc": 0.8101964751769731, "best_valid_acc": 0.7373134328358208, "_wandb": {"runtime": 112}}