{"epoch": 25, "train_loss_epoch": 0.4636038839817047, "train_auc_epoch": 0.8407303062143332, "train_acc_epoch": 0.7849858489462728, "valid_auc_epoch": 0.8070468579007797, "valid_acc_epoch": 0.7378109452736319, "_timestamp": 1669711123.2800636, "_runtime": 262.7842435836792, "_step": 25, "best_epoch": 20, "best_train_loss": 0.468786358833313, "best_train_auc": 0.8365202820590252, "best_train_acc": 0.7826702219727271, "best_valid_auc": 0.8076871373533855, "best_valid_acc": 0.7393034825870647, "_wandb": {"runtime": 262}}