{"epoch": 14, "train_loss_epoch": 0.4480935037136078, "train_auc_epoch": 0.8528719470401429, "train_acc_epoch": 0.7948992184286302, "valid_auc_epoch": 0.8013165624909708, "valid_acc_epoch": 0.729064039408867, "_timestamp": 1669794788.0741973, "_runtime": 189.00223231315613, "_step": 14, "best_epoch": 4, "best_train_loss": 0.4713650643825531, "best_train_auc": 0.8344388990761068, "best_train_acc": 0.7825511387008713, "best_valid_auc": 0.8058327153419178, "best_valid_acc": 0.7187639946260636, "_wandb": {"runtime": 188}}