{"epoch": 12, "train_loss_epoch": 0.46588799357414246, "train_auc_epoch": 0.8398929021731733, "train_acc_epoch": 0.7824371095728516, "valid_auc_epoch": 0.7983040062773277, "valid_acc_epoch": 0.7338308457711443, "_timestamp": 1669709974.5632415, "_runtime": 396.60491037368774, "_step": 12, "best_epoch": 7, "best_train_loss": 0.47948354482650757, "best_train_auc": 0.8286985741370501, "best_train_acc": 0.7776042546007091, "best_valid_auc": 0.8003891465164517, "best_valid_acc": 0.7422885572139304, "_wandb": {"runtime": 396}}