{"epoch": 35, "train_loss_epoch": 0.4717552959918976, "train_auc_epoch": 0.8340746961445115, "train_acc_epoch": 0.7823371845349513, "valid_auc_epoch": 0.81102544840494, "valid_acc_epoch": 0.7339901477832512, "_timestamp": 1669962352.1426806, "_runtime": 409.9439957141876, "_step": 35, "best_epoch": 25, "best_train_loss": 0.4709821939468384, "best_train_auc": 0.8341626865453085, "best_train_acc": 0.7822887755760666, "best_valid_auc": 0.811114134186001, "best_valid_acc": 0.7326466636811464, "_wandb": {"runtime": 409}}