{"epoch": 37, "train_loss_epoch": 0.4505143165588379, "train_auc_epoch": 0.8548218029523729, "train_acc_epoch": 0.7955397996619811, "valid_auc_epoch": 0.8106747182119662, "valid_acc_epoch": 0.735333631885356, "_timestamp": 1670047823.6318655, "_runtime": 387.28534960746765, "_step": 37, "best_epoch": 27, "best_train_loss": 0.4600119888782501, "best_train_auc": 0.8470086515585821, "best_train_acc": 0.7888412547920359, "best_valid_auc": 0.8126117601358618, "best_valid_acc": 0.7375727720555306, "_wandb": {"runtime": 386}}