{"epoch": 25, "train_loss_epoch": 0.48022130131721497, "train_auc_epoch": 0.8280160471320273, "train_acc_epoch": 0.7794973525679362, "valid_auc_epoch": 0.8024907461804921, "valid_acc_epoch": 0.7326466636811464, "_timestamp": 1670102583.7684884, "_runtime": 529.2226192951202, "_step": 25, "best_epoch": 15, "best_train_loss": 0.4806179702281952, "best_train_auc": 0.827430195201889, "best_train_acc": 0.7790451740887145, "best_valid_auc": 0.8091714741583278, "best_valid_acc": 0.7313031795790417, "_wandb": {"runtime": 528}}