{"epoch": 35, "train_loss_epoch": 0.5606073141098022, "train_auc_epoch": 0.8121794588145791, "train_acc_epoch": 0.64813266580767, "valid_auc_epoch": 0.7774753365244162, "valid_acc_epoch": 0.4890282131661442, "_timestamp": 1670453560.2780876, "_runtime": 375.2397656440735, "_step": 35, "best_epoch": 25, "best_train_loss": 0.5631073117256165, "best_train_auc": 0.8098446426030037, "best_train_acc": 0.64813266580767, "best_valid_auc": 0.7804324655770756, "best_valid_acc": 0.4890282131661442, "_wandb": {"runtime": 374}}