{"epoch": 37, "train_loss_epoch": 0.455007940530777, "train_auc_epoch": 0.8462933177157594, "train_acc_epoch": 0.7916185776256617, "valid_auc_epoch": 0.8075663016504384, "valid_acc_epoch": 0.7268248992386923, "_timestamp": 1669955662.4445422, "_runtime": 1193.148204088211, "_step": 37, "best_epoch": 27, "best_train_loss": 0.4573264718055725, "best_train_auc": 0.8444769467772111, "best_train_acc": 0.7905241373820989, "best_valid_auc": 0.8097244560872956, "best_valid_acc": 0.7348858038513211, "_wandb": {"runtime": 1192}}