{"epoch": 35, "train_loss_epoch": 0.4708329141139984, "train_auc_epoch": 0.8339851000477398, "train_acc_epoch": 0.7838928907984475, "valid_auc_epoch": 0.8131105674926884, "valid_acc_epoch": 0.7366771159874608, "_timestamp": 1669733826.1816397, "_runtime": 992.0336527824402, "_step": 35, "best_epoch": 25, "best_train_loss": 0.471447616815567, "best_train_auc": 0.8337324292615707, "best_train_acc": 0.7831182417863246, "best_valid_auc": 0.8152446443419274, "best_valid_acc": 0.7321988356471115, "_wandb": {"runtime": 991}}