{"epoch": 23, "train_loss_epoch": 0.4513885974884033, "train_auc_epoch": 0.8497317910454074, "train_acc_epoch": 0.7932282443062477, "valid_auc_epoch": 0.8045879040620496, "valid_acc_epoch": 0.7308553515450067, "_timestamp": 1669941663.2336688, "_runtime": 445.1061427593231, "_step": 23, "best_epoch": 13, "best_train_loss": 0.46156638860702515, "best_train_auc": 0.841839378758326, "best_train_acc": 0.7884199579918455, "best_valid_auc": 0.8071630020578313, "best_valid_acc": 0.7384684281236006, "_wandb": {"runtime": 443}}