{"epoch": 29, "train_loss_epoch": 0.4575847387313843, "train_auc_epoch": 0.8433134640946179, "train_acc_epoch": 0.7899385407842446, "valid_auc_epoch": 0.8191050842234014, "valid_acc_epoch": 0.7326466636811464, "_timestamp": 1669852217.4679878, "_runtime": 2625.7229387760162, "_step": 29, "best_epoch": 19, "best_train_loss": 0.45895466208457947, "best_train_auc": 0.8424878086132804, "best_train_acc": 0.7895291917061329, "best_valid_auc": 0.8197062213276061, "best_valid_acc": 0.7380206000895656, "_wandb": {"runtime": 2625}}