{"epoch": 42, "train_loss_epoch": 0.45119765400886536, "train_auc_epoch": 0.8558462368352057, "train_acc_epoch": 0.7940665165721451, "valid_auc_epoch": 0.8005348434796288, "valid_acc_epoch": 0.7308553515450067, "_timestamp": 1669997848.9056141, "_runtime": 304.7266912460327, "_step": 42, "best_epoch": 32, "best_train_loss": 0.4629513919353485, "best_train_auc": 0.8465669973043677, "best_train_acc": 0.7882812277351877, "best_valid_auc": 0.8021697116789142, "best_valid_acc": 0.7250335871025526, "_wandb": {"runtime": 304}}