{"epoch": 41, "train_loss_epoch": 0.44696110486984253, "train_auc_epoch": 0.8535998465567329, "train_acc_epoch": 0.7968981207457828, "valid_auc_epoch": 0.8155143133232527, "valid_acc_epoch": 0.7348858038513211, "_timestamp": 1669996503.6868436, "_runtime": 650.8075735569, "_step": 41, "best_epoch": 31, "best_train_loss": 0.45627105236053467, "best_train_auc": 0.8459246036968749, "best_train_acc": 0.7911271825984019, "best_valid_auc": 0.8190753885320055, "best_valid_acc": 0.74205105239588, "_wandb": {"runtime": 650}}