{"epoch": 40, "train_loss_epoch": 0.4527249038219452, "train_auc_epoch": 0.84745340714183, "train_acc_epoch": 0.7935878337004305, "valid_auc_epoch": 0.819244734231588, "valid_acc_epoch": 0.7407075682937752, "_timestamp": 1670063048.3645637, "_runtime": 1069.3079326152802, "_step": 40, "best_epoch": 30, "best_train_loss": 0.454844206571579, "best_train_auc": 0.8462151636391309, "best_train_acc": 0.792326603727026, "best_valid_auc": 0.8207399524226868, "best_valid_acc": 0.7393640841916704, "_wandb": {"runtime": 1069}}