{"epoch": 7, "train_loss_epoch": 0.49050629138946533, "train_auc_epoch": 0.8156044277974736, "train_acc_epoch": 0.7640586854570514, "valid_auc_epoch": 0.8183014775384128, "valid_acc_epoch": 0.7613410443639934, "_timestamp": 1669288071.3392696, "_runtime": 2560.324908733368, "_step": 7, "_wandb": {"runtime": 2560}}