{"epoch": 99, "train_loss_epoch": 0.46279796957969666, "train_auc_epoch": 0.8461711905409948, "train_acc_epoch": 0.7859116022099447, "valid_auc_epoch": 0.805263280394744, "valid_acc_epoch": 0.7398119122257053, "_timestamp": 1669870935.7815154, "_runtime": 462.7327344417572, "_step": 99, "best_epoch": 89, "best_train_loss": 0.4668301045894623, "best_train_auc": 0.8429507377095968, "best_train_acc": 0.7849217311233886, "best_valid_auc": 0.8055156937716095, "best_valid_acc": 0.7371249440214958, "_wandb": {"runtime": 462}}