{"epoch": 17, "train_loss_epoch": 0.41470789909362793, "train_auc_epoch": 0.8785496219172095, "train_acc_epoch": 0.8114952902024931, "valid_auc_epoch": 0.7932750495195718, "valid_acc_epoch": 0.7223466188983431, "_timestamp": 1670028977.9823422, "_runtime": 128.09565114974976, "_step": 17, "best_epoch": 7, "best_train_loss": 0.4574849605560303, "best_train_auc": 0.8471384863022804, "best_train_acc": 0.7901178859495741, "best_valid_auc": 0.8023342418609729, "best_valid_acc": 0.7268248992386923, "_wandb": {"runtime": 127}}