{"epoch": 54, "train_loss_epoch": 0.45048975944519043, "train_auc_epoch": 0.854810776966934, "train_acc_epoch": 0.7919198895027625, "valid_auc_epoch": 0.8011111004099611, "valid_acc_epoch": 0.735333631885356, "_timestamp": 1669727621.708951, "_runtime": 547.6509799957275, "_step": 54, "best_epoch": 44, "best_train_loss": 0.4579700231552124, "best_train_auc": 0.8491880344225362, "best_train_acc": 0.7869705340699816, "best_valid_auc": 0.8022242875441825, "best_valid_acc": 0.735333631885356, "_wandb": {"runtime": 547}}