{"epoch": 23, "train_loss_epoch": 0.4412590265274048, "train_auc_epoch": 0.8600466806863873, "train_acc_epoch": 0.7986899218688344, "valid_auc_epoch": 0.80196745994292, "valid_acc_epoch": 0.7254814151365876, "_timestamp": 1669906025.4931562, "_runtime": 494.01565527915955, "_step": 23, "best_epoch": 13, "best_train_loss": 0.46204474568367004, "best_train_auc": 0.8444349795105764, "best_train_acc": 0.7879251834898587, "best_valid_auc": 0.8059555110387714, "best_valid_acc": 0.7317510076130765, "_wandb": {"runtime": 493}}