{"epoch": 35, "train_loss_epoch": 0.47350549697875977, "train_auc_epoch": 0.83235084222654, "train_acc_epoch": 0.7815264948954789, "valid_auc_epoch": 0.8049811713264825, "valid_acc_epoch": 0.7259292431706225, "_timestamp": 1669744259.7040071, "_runtime": 517.9747281074524, "_step": 35, "best_epoch": 25, "best_train_loss": 0.47196319699287415, "best_train_auc": 0.8335578762820087, "best_train_acc": 0.7817882652107251, "best_valid_auc": 0.8115671941263528, "best_valid_acc": 0.7299596954769368, "_wandb": {"runtime": 517}}