{"epoch": 14, "train_loss_epoch": 0.5684504508972168, "train_auc_epoch": 0.8020801139589059, "train_acc_epoch": 0.6501230889936267, "valid_auc_epoch": 0.7707468546644707, "valid_acc_epoch": 0.4890282131661442, "_timestamp": 1670552026.713348, "_runtime": 1243.6781449317932, "_step": 14, "best_epoch": 4, "best_train_loss": 0.5679268836975098, "best_train_auc": 0.7998336002933908, "best_train_acc": 0.6501230889936267, "best_valid_auc": 0.7720370120676869, "best_valid_acc": 0.4890282131661442, "_wandb": {"runtime": 1244}}