{"epoch": 9, "train_loss_epoch": 0.6553175449371338, "train_auc_epoch": 0.5009622620556804, "train_acc_epoch": 0.6383500557413601, "valid_auc_epoch": 0.5057356293110573, "valid_acc_epoch": 0.4621890547263682, "_timestamp": 1669703111.0671928, "_runtime": 109.94741082191467, "_step": 0, "_wandb": {"runtime": 109}}