{"epoch": 32, "train_loss_epoch": 0.47422298789024353, "train_auc_epoch": 0.8331309628267423, "train_acc_epoch": 0.7842958686301127, "valid_auc_epoch": 0.7865273055895317, "valid_acc_epoch": 0.7210031347962382, "_timestamp": 1669879270.5884233, "_runtime": 1466.5693943500519, "_step": 32, "best_epoch": 22, "best_train_loss": 0.4806098937988281, "best_train_auc": 0.827893047713574, "best_train_acc": 0.7802693151422467, "best_valid_auc": 0.7877745246281618, "best_valid_acc": 0.7196596506941334, "_wandb": {"runtime": 1466}}