{"epoch": 32, "train_loss_epoch": 0.45166951417922974, "train_auc_epoch": 0.8498454354610743, "train_acc_epoch": 0.7918755439992067, "valid_auc_epoch": 0.8102027974946467, "valid_acc_epoch": 0.7268248992386923, "_timestamp": 1669861788.4768248, "_runtime": 1046.8971836566925, "_step": 32, "best_epoch": 22, "best_train_loss": 0.45666924118995667, "best_train_auc": 0.8460627433594579, "best_train_acc": 0.7905203662285293, "best_valid_auc": 0.8126763683293043, "best_valid_acc": 0.7389162561576355, "_wandb": {"runtime": 1046}}