{"epoch": 48, "train_loss_epoch": 0.43455174565315247, "train_auc_epoch": 0.8608654617821639, "train_acc_epoch": 0.8010592503907071, "valid_auc_epoch": 0.8162037349153914, "valid_acc_epoch": 0.7411553963278101, "_timestamp": 1669994827.228257, "_runtime": 956.1109499931335, "_step": 48, "best_epoch": 38, "best_train_loss": 0.4415765404701233, "best_train_auc": 0.8556029593041191, "best_train_acc": 0.7983997002293977, "best_valid_auc": 0.8179365186376579, "best_valid_acc": 0.74205105239588, "_wandb": {"runtime": 955}}