{"epoch": 30, "train_loss_epoch": 0.4578096568584442, "train_auc_epoch": 0.8446093235409311, "train_acc_epoch": 0.7914382757415903, "valid_auc_epoch": 0.8002643719120495, "valid_acc_epoch": 0.728616211374832, "_timestamp": 1670062035.8708932, "_runtime": 693.985315322876, "_step": 30, "best_epoch": 20, "best_train_loss": 0.46309226751327515, "best_train_auc": 0.8405162279507657, "best_train_acc": 0.788081859889685, "best_valid_auc": 0.8023655427248767, "best_valid_acc": 0.7335423197492164, "_wandb": {"runtime": 693}}