{"epoch": 19, "train_loss_epoch": 0.5642117261886597, "train_auc_epoch": 0.8062674739598646, "train_acc_epoch": 0.6425316686412103, "valid_auc_epoch": 0.7819276837681746, "valid_acc_epoch": 0.4890282131661442, "_timestamp": 1670465710.4661553, "_runtime": 373.3844702243805, "_step": 19, "best_epoch": 9, "best_train_loss": 0.5667128562927246, "best_train_auc": 0.8045172664809366, "best_train_acc": 0.6425316686412103, "best_valid_auc": 0.7834618273925898, "best_valid_acc": 0.4890282131661442, "_wandb": {"runtime": 373}}