{"epoch": 29, "train_loss_epoch": 0.5669305920600891, "train_auc_epoch": 0.8010231450943561, "train_acc_epoch": 0.6512702236345309, "valid_auc_epoch": 0.7670473333269126, "valid_acc_epoch": 0.4890282131661442, "_timestamp": 1670440826.2077518, "_runtime": 2103.9379727840424, "_step": 29, "best_epoch": 19, "best_train_loss": 0.568759560585022, "best_train_auc": 0.7984594872297425, "best_train_acc": 0.6512702236345309, "best_valid_auc": 0.7712151637436475, "best_valid_acc": 0.4890282131661442, "_wandb": {"runtime": 2104}}