{"epoch": 23, "train_loss_epoch": 0.4757255017757416, "train_auc_epoch": 0.8302222411074381, "train_acc_epoch": 0.7823080476252853, "valid_auc_epoch": 0.8044450437088474, "valid_acc_epoch": 0.7330944917151814, "_timestamp": 1669741595.527401, "_runtime": 307.8319959640503, "_step": 23, "best_epoch": 13, "best_train_loss": 0.47644346952438354, "best_train_auc": 0.8293734925086313, "best_train_acc": 0.7814807409909754, "best_valid_auc": 0.8062131412262876, "best_valid_acc": 0.7313031795790417, "_wandb": {"runtime": 307}}