{"epoch": 49, "train_loss_epoch": 0.4528818428516388, "train_auc_epoch": 0.8492848142835876, "train_acc_epoch": 0.7938914533054353, "valid_auc_epoch": 0.8002980805347151, "valid_acc_epoch": 0.7232422749664129, "_timestamp": 1669919069.4228818, "_runtime": 3332.7557928562164, "_step": 49, "best_epoch": 39, "best_train_loss": 0.45576122403144836, "best_train_auc": 0.8472291525495358, "best_train_acc": 0.7925737513775974, "best_valid_auc": 0.8017571823443865, "best_valid_acc": 0.7348858038513211, "_wandb": {"runtime": 3333}}