{"epoch": 49, "train_loss_epoch": 0.45748525857925415, "train_auc_epoch": 0.8429386939754974, "train_acc_epoch": 0.7893256795312046, "valid_auc_epoch": 0.8190914402570844, "valid_acc_epoch": 0.7375727720555306, "_timestamp": 1670104859.6307015, "_runtime": 4720.409336566925, "_step": 49, "best_epoch": 39, "best_train_loss": 0.45760488510131836, "best_train_auc": 0.8428689061478746, "best_train_acc": 0.7894726051970683, "best_valid_auc": 0.8228250715104353, "best_valid_acc": 0.7402597402597403, "_wandb": {"runtime": 4720}}