{"epoch": 20, "train_loss_epoch": 0.5609946250915527, "train_auc_epoch": 0.8069053348158229, "train_acc_epoch": 0.6470398165520117, "valid_auc_epoch": 0.7716521719589204, "valid_acc_epoch": 0.4890282131661442, "_timestamp": 1670405225.5461068, "_runtime": 283.9124448299408, "_step": 20, "best_epoch": 10, "best_train_loss": 0.5635389685630798, "best_train_auc": 0.8078214152486294, "best_train_acc": 0.6470398165520117, "best_valid_auc": 0.7761903959318508, "best_valid_acc": 0.4890282131661442, "_wandb": {"runtime": 283}}