{"epoch": 25, "train_loss_epoch": 0.4434812068939209, "train_auc_epoch": 0.8569643863258332, "train_acc_epoch": 0.7966420318853676, "valid_auc_epoch": 0.7980725088525263, "valid_acc_epoch": 0.7254814151365876, "_timestamp": 1669888698.7208323, "_runtime": 1054.3542504310608, "_step": 25, "best_epoch": 15, "best_train_loss": 0.455120712518692, "best_train_auc": 0.847708455004484, "best_train_acc": 0.7918656812754147, "best_valid_auc": 0.8018984375250807, "best_valid_acc": 0.7259292431706225, "_wandb": {"runtime": 1054}}