{"epoch": 15, "train_loss_epoch": 0.49971020221710205, "train_auc_epoch": 0.8138820349199894, "train_acc_epoch": 0.7669381340191456, "valid_auc_epoch": 0.798138210742555, "valid_acc_epoch": 0.7253731343283583, "_timestamp": 1669716318.4504237, "_runtime": 103.1997218132019, "_step": 15, "best_epoch": 10, "best_train_loss": 0.5014961361885071, "best_train_auc": 0.8116078426443651, "best_train_acc": 0.7657665380768681, "best_valid_auc": 0.8088890305093657, "best_valid_acc": 0.7069651741293532, "_wandb": {"runtime": 102}}