{"epoch": 17, "train_loss_epoch": 0.45250123739242554, "train_auc_epoch": 0.8483917759638321, "train_acc_epoch": 0.7927118708260217, "valid_auc_epoch": 0.8041504945536496, "valid_acc_epoch": 0.729064039408867, "_timestamp": 1669763661.5953147, "_runtime": 274.7287428379059, "_step": 17, "best_epoch": 7, "best_train_loss": 0.46208471059799194, "best_train_auc": 0.841184314864447, "best_train_acc": 0.7882932925982502, "best_valid_auc": 0.8062540731252388, "best_valid_acc": 0.7313031795790417, "_wandb": {"runtime": 274}}