{"epoch": 12, "train_loss_epoch": 0.4840550720691681, "train_auc_epoch": 0.8230853577626907, "train_acc_epoch": 0.7781189605328307, "valid_auc_epoch": 0.7996568141178133, "valid_acc_epoch": 0.7268248992386923, "_timestamp": 1670097153.9191318, "_runtime": 556.0331897735596, "_step": 12, "best_epoch": 2, "best_train_loss": 0.48539456725120544, "best_train_auc": 0.8219049543648577, "best_train_acc": 0.7771446597134597, "best_valid_auc": 0.8004272969216001, "best_valid_acc": 0.7299596954769368, "_wandb": {"runtime": 555}}