{"epoch": 15, "train_loss_epoch": 0.4050373136997223, "train_auc_epoch": 0.8858887465570218, "train_acc_epoch": 0.8164798206278027, "valid_auc_epoch": 0.7898652618196879, "valid_acc_epoch": 0.7268248992386923, "_timestamp": 1670092502.721593, "_runtime": 170.73284697532654, "_step": 15, "best_epoch": 5, "best_train_loss": 0.4597338140010834, "best_train_auc": 0.8478651393964535, "best_train_acc": 0.7880044843049328, "best_valid_auc": 0.8024265392801765, "best_valid_acc": 0.7281683833407971, "_wandb": {"runtime": 170}}