{"epoch": 55, "train_loss_epoch": 0.45111337304115295, "train_auc_epoch": 0.8540743217855169, "train_acc_epoch": 0.7944946570064697, "valid_auc_epoch": 0.7946775689983403, "valid_acc_epoch": 0.7129422301836095, "_timestamp": 1669909247.487709, "_runtime": 395.2727029323578, "_step": 55, "best_epoch": 45, "best_train_loss": 0.45993462204933167, "best_train_auc": 0.8470282219053001, "best_train_acc": 0.7888245414233443, "best_valid_auc": 0.7973887053641654, "best_valid_acc": 0.7232422749664129, "_wandb": {"runtime": 394}}