{"epoch": 24, "train_loss_epoch": 0.40741267800331116, "train_auc_epoch": 0.8842685580623313, "train_acc_epoch": 0.8135973485170391, "valid_auc_epoch": 0.7898692747509575, "valid_acc_epoch": 0.7210031347962382, "_timestamp": 1669800734.6240523, "_runtime": 167.90937423706055, "_step": 24, "best_epoch": 14, "best_train_loss": 0.4297559857368469, "best_train_auc": 0.8690875671388062, "best_train_acc": 0.8048270587235489, "best_valid_auc": 0.7991648287441453, "best_valid_acc": 0.7272727272727273, "_wandb": {"runtime": 167}}