{"epoch": 16, "train_loss_epoch": 0.6550703644752502, "train_auc_epoch": 0.4991140795987707, "train_acc_epoch": 0.6384846860958819, "valid_auc_epoch": 0.5883426754373292, "valid_acc_epoch": 0.4890282131661442, "_timestamp": 1669731643.0353134, "_runtime": 261.20613837242126, "_step": 16, "best_epoch": 6, "best_train_loss": 0.6667291522026062, "best_train_auc": 0.5058177390833072, "best_train_acc": 0.6384846860958819, "best_valid_auc": 0.6339215487988494, "best_valid_acc": 0.4890282131661442, "_wandb": {"runtime": 260}}