{"epoch": 57, "train_loss_epoch": 0.5614393949508667, "train_auc_epoch": 0.8169432785461952, "train_acc_epoch": 0.6364180478821363, "valid_auc_epoch": 0.7803008414314287, "valid_acc_epoch": 0.4890282131661442, "_timestamp": 1670493396.8668094, "_runtime": 381.5643084049225, "_step": 57, "best_epoch": 47, "best_train_loss": 0.565231442451477, "best_train_auc": 0.8142955720751452, "best_train_acc": 0.6364180478821363, "best_valid_auc": 0.7813586501141279, "best_valid_acc": 0.4890282131661442, "_wandb": {"runtime": 381}}