{"epoch": 11, "train_loss_epoch": 0.45194050669670105, "train_auc_epoch": 0.8496448514789143, "train_acc_epoch": 0.7902008610670028, "valid_auc_epoch": 0.8048143438529688, "valid_acc_epoch": 0.7383084577114428, "_timestamp": 1669712986.732235, "_runtime": 117.28181791305542, "_step": 11, "best_epoch": 6, "best_train_loss": 0.47014757990837097, "best_train_auc": 0.8355974014704274, "best_train_acc": 0.7804442843812922, "best_valid_auc": 0.8070234573298057, "best_valid_acc": 0.7457711442786069, "_wandb": {"runtime": 116}}