{"epoch": 16, "train_loss_epoch": 0.4442736506462097, "train_auc_epoch": 0.855408222697096, "train_acc_epoch": 0.794239487259653, "valid_auc_epoch": 0.8059584824082473, "valid_acc_epoch": 0.736318407960199, "_timestamp": 1669710843.2799675, "_runtime": 166.51690649986267, "_step": 16, "best_epoch": 11, "best_train_loss": 0.4530278146266937, "best_train_auc": 0.8487083691139756, "best_train_acc": 0.7892762232296389, "best_valid_auc": 0.8086600036445145, "best_valid_acc": 0.7388059701492538, "_wandb": {"runtime": 166}}