{"epoch": 19, "train_loss_epoch": 0.44878098368644714, "train_auc_epoch": 0.8525533612165763, "train_acc_epoch": 0.7955274671852212, "valid_auc_epoch": 0.79979245119473, "valid_acc_epoch": 0.7254814151365876, "_timestamp": 1669779253.8460531, "_runtime": 357.7418291568756, "_step": 19, "best_epoch": 9, "best_train_loss": 0.4679463505744934, "best_train_auc": 0.8374397479496748, "best_train_acc": 0.785468007927901, "best_valid_auc": 0.8021504496088194, "best_valid_acc": 0.7317510076130765, "_wandb": {"runtime": 357}}