{"epoch": 34, "train_loss_epoch": 0.46274346113204956, "train_auc_epoch": 0.840048582429005, "train_acc_epoch": 0.7882641893466903, "valid_auc_epoch": 0.8174589798165609, "valid_acc_epoch": 0.7433945364979848, "_timestamp": 1669863895.3864582, "_runtime": 1357.4271912574768, "_step": 34, "best_epoch": 24, "best_train_loss": 0.46308428049087524, "best_train_auc": 0.8397382855951852, "best_train_acc": 0.7881533239713683, "best_valid_auc": 0.8186548333349386, "best_valid_acc": 0.735333631885356, "_wandb": {"runtime": 1357}}