{"epoch": 19, "train_loss_epoch": 0.48245808482170105, "train_auc_epoch": 0.8248462775289951, "train_acc_epoch": 0.7804067792727002, "valid_auc_epoch": 0.7969842018921773, "valid_acc_epoch": 0.7102552619793999, "_timestamp": 1670054326.0479403, "_runtime": 367.87262415885925, "_step": 19, "best_epoch": 9, "best_train_loss": 0.4836423993110657, "best_train_auc": 0.8237469601972787, "best_train_acc": 0.7789233121982233, "best_valid_auc": 0.8001736796653537, "best_valid_acc": 0.7245857590685177, "_wandb": {"runtime": 367}}