{"epoch": 35, "train_loss_epoch": 0.4578898549079895, "train_auc_epoch": 0.8438917168094207, "train_acc_epoch": 0.7895921958553295, "valid_auc_epoch": 0.810213231115948, "valid_acc_epoch": 0.7393640841916704, "_timestamp": 1669842020.633489, "_runtime": 891.9071819782257, "_step": 35, "best_epoch": 25, "best_train_loss": 0.4621959328651428, "best_train_auc": 0.8405082833327872, "best_train_acc": 0.7870671245280441, "best_valid_auc": 0.8111482441017936, "best_valid_acc": 0.7317510076130765, "_wandb": {"runtime": 891}}