{"epoch": 14, "train_loss_epoch": 0.4724453091621399, "train_auc_epoch": 0.833508568924394, "train_acc_epoch": 0.7808890158781991, "valid_auc_epoch": 0.8141616272458325, "valid_acc_epoch": 0.7442786069651741, "_timestamp": 1669710086.8533676, "_runtime": 104.35117268562317, "_step": 14, "best_epoch": 9, "best_train_loss": 0.4729325473308563, "best_train_auc": 0.8328748328743928, "best_train_acc": 0.7811339238336259, "best_valid_auc": 0.8145803481009193, "best_valid_acc": 0.7407960199004975, "_wandb": {"runtime": 103}}