{"epoch": 24, "train_loss_epoch": 0.4695949852466583, "train_auc_epoch": 0.8336342815662677, "train_acc_epoch": 0.7842748384620306, "valid_auc_epoch": 0.8092196293335645, "valid_acc_epoch": 0.728616211374832, "_timestamp": 1669900923.6307337, "_runtime": 1158.6527588367462, "_step": 24, "best_epoch": 14, "best_train_loss": 0.4710821509361267, "best_train_auc": 0.832102916534558, "best_train_acc": 0.783461436522661, "best_valid_auc": 0.8097902681601192, "best_valid_acc": 0.7362292879534259, "_wandb": {"runtime": 1158}}