{"epoch": 21, "train_loss_epoch": 0.45519813895225525, "train_auc_epoch": 0.8524443493436631, "train_acc_epoch": 0.7924001781208253, "valid_auc_epoch": 0.8006953607304176, "valid_acc_epoch": 0.728616211374832, "_timestamp": 1669801587.775678, "_runtime": 171.41567993164062, "_step": 21, "best_epoch": 11, "best_train_loss": 0.4699352979660034, "best_train_auc": 0.8413258639586149, "best_train_acc": 0.7845925486121419, "best_valid_auc": 0.804319840253232, "best_valid_acc": 0.7398119122257053, "_wandb": {"runtime": 170}}