{"epoch": 19, "train_loss_epoch": 0.4336223900318146, "train_auc_epoch": 0.8674122636134792, "train_acc_epoch": 0.804022195013937, "valid_auc_epoch": 0.801649635786358, "valid_acc_epoch": 0.7272727272727273, "_timestamp": 1670005810.698769, "_runtime": 148.6825201511383, "_step": 19, "best_epoch": 9, "best_train_loss": 0.4650460481643677, "best_train_auc": 0.8441988579065602, "best_train_acc": 0.7847187850053403, "best_valid_auc": 0.8081883059972457, "best_valid_acc": 0.7339901477832512, "_wandb": {"runtime": 148}}