{"epoch": 38, "train_loss_epoch": 0.43108126521110535, "train_auc_epoch": 0.8655950850754215, "train_acc_epoch": 0.8028799339031564, "valid_auc_epoch": 0.8024795099729368, "valid_acc_epoch": 0.7254814151365876, "_timestamp": 1669773521.407233, "_runtime": 364.25663208961487, "_step": 38, "best_epoch": 28, "best_train_loss": 0.43796825408935547, "best_train_auc": 0.8608819116126887, "best_train_acc": 0.8006767057805231, "best_valid_auc": 0.8063592119245055, "best_valid_acc": 0.7299596954769368, "_wandb": {"runtime": 363}}