{"epoch": 36, "train_loss_epoch": 0.46357330679893494, "train_auc_epoch": 0.8396881591087001, "train_acc_epoch": 0.7882301700521392, "valid_auc_epoch": 0.8164212357902103, "valid_acc_epoch": 0.7411553963278101, "_timestamp": 1670061303.5338316, "_runtime": 1632.4387526512146, "_step": 36, "best_epoch": 26, "best_train_loss": 0.463641494512558, "best_train_auc": 0.8395960286053028, "best_train_acc": 0.7878956205577509, "best_valid_auc": 0.8192471419903498, "best_valid_acc": 0.7429467084639498, "_wandb": {"runtime": 1632}}