{"epoch": 7, "train_loss_epoch": 0.5280215740203857, "train_auc_epoch": 0.813581461327168, "train_acc_epoch": 0.7148037542662116, "valid_auc_epoch": 0.7216811916755681, "valid_acc_epoch": 0.6318407960199005, "_timestamp": 1668396127.6101499, "_runtime": 24.338451862335205, "_step": 7, "_wandb": {"runtime": 23}}