{"epoch": 22, "train_loss_epoch": 0.4546375870704651, "train_auc_epoch": 0.8464636893483175, "train_acc_epoch": 0.791315944991934, "valid_auc_epoch": 0.807907400808365, "valid_acc_epoch": 0.7277205553067622, "_timestamp": 1669761750.2375662, "_runtime": 493.2834312915802, "_step": 22, "best_epoch": 12, "best_train_loss": 0.45813581347465515, "best_train_auc": 0.8439945432731017, "best_train_acc": 0.7895789742688751, "best_valid_auc": 0.8093753310668297, "best_valid_acc": 0.7268248992386923, "_wandb": {"runtime": 492}}