{"epoch": 18, "train_loss_epoch": 0.38594338297843933, "train_auc_epoch": 0.8943231090317288, "train_acc_epoch": 0.8251168022149161, "valid_auc_epoch": 0.7990749390837033, "valid_acc_epoch": 0.7254814151365876, "_timestamp": 1670016369.3313036, "_runtime": 418.44603848457336, "_step": 18, "best_epoch": 8, "best_train_loss": 0.4345841407775879, "best_train_auc": 0.862231599856943, "best_train_acc": 0.8008652015919709, "best_valid_auc": 0.8063263058880938, "best_valid_acc": 0.7317510076130765, "_wandb": {"runtime": 418}}