{"epoch": 32, "train_loss_epoch": 0.4622710049152374, "train_auc_epoch": 0.8405078933636652, "train_acc_epoch": 0.7886479541074201, "valid_auc_epoch": 0.8162502849181201, "valid_acc_epoch": 0.7384684281236006, "_timestamp": 1670084096.6047828, "_runtime": 991.802717924118, "_step": 32, "best_epoch": 22, "best_train_loss": 0.4624207615852356, "best_train_auc": 0.840402767480788, "best_train_acc": 0.7884802346934715, "best_valid_auc": 0.8164858439836529, "best_valid_acc": 0.7357814599193909, "_wandb": {"runtime": 991}}