{"epoch": 30, "train_loss_epoch": 0.47286731004714966, "train_auc_epoch": 0.8322556611169496, "train_acc_epoch": 0.7821479915917774, "valid_auc_epoch": 0.8087541293062765, "valid_acc_epoch": 0.7227944469323779, "_timestamp": 1669961908.7017632, "_runtime": 500.29805612564087, "_step": 30, "best_epoch": 20, "best_train_loss": 0.47302907705307007, "best_train_auc": 0.8320990203180068, "best_train_acc": 0.7825661116552399, "best_valid_auc": 0.8099748629985264, "best_valid_acc": 0.729064039408867, "_wandb": {"runtime": 499}}