{"epoch": 20, "train_loss_epoch": 0.4754721522331238, "train_auc_epoch": 0.8309747754903644, "train_acc_epoch": 0.780091723994163, "valid_auc_epoch": 0.8050237083979416, "valid_acc_epoch": 0.7214509628302732, "_timestamp": 1669864636.6439195, "_runtime": 1740.1708254814148, "_step": 20, "best_epoch": 10, "best_train_loss": 0.47536700963974, "best_train_auc": 0.831055210254682, "best_train_acc": 0.7798415676464457, "best_valid_auc": 0.807514133543932, "best_valid_acc": 0.728616211374832, "_wandb": {"runtime": 1740}}