{"epoch": 29, "train_loss_epoch": 0.4260392189025879, "train_auc_epoch": 0.8669744535181849, "train_acc_epoch": 0.8021151472950521, "valid_auc_epoch": 0.8107477535610751, "valid_acc_epoch": 0.735333631885356, "_timestamp": 1670082528.8265414, "_runtime": 1364.1482954025269, "_step": 29, "best_epoch": 19, "best_train_loss": 0.4574997127056122, "best_train_auc": 0.8441279373203099, "best_train_acc": 0.7892229522437245, "best_valid_auc": 0.8223651895869248, "best_valid_acc": 0.7411553963278101, "_wandb": {"runtime": 1363}}