{"epoch": 14, "train_loss_epoch": 0.4463315010070801, "train_auc_epoch": 0.8571645327643034, "train_acc_epoch": 0.7917278961547881, "valid_auc_epoch": 0.7981008694058942, "valid_acc_epoch": 0.7328358208955223, "_timestamp": 1669717448.515275, "_runtime": 120.15277910232544, "_step": 14, "best_epoch": 9, "best_train_loss": 0.4686127305030823, "best_train_auc": 0.8404519843777177, "best_train_acc": 0.7794207690423708, "best_valid_auc": 0.8047336865657819, "best_valid_acc": 0.7248756218905472, "_wandb": {"runtime": 119}}