{"epoch": 33, "train_loss_epoch": 0.4669630527496338, "train_auc_epoch": 0.8363504167487901, "train_acc_epoch": 0.7863997367867882, "valid_auc_epoch": 0.8160761237010141, "valid_acc_epoch": 0.735333631885356, "_timestamp": 1669868619.6323495, "_runtime": 1106.038167476654, "_step": 33, "best_epoch": 23, "best_train_loss": 0.4673836827278137, "best_train_auc": 0.8356983852287986, "best_train_acc": 0.7868886918851732, "best_valid_auc": 0.8205288722378993, "best_valid_acc": 0.7398119122257053, "_wandb": {"runtime": 1105}}