{"epoch": 13, "train_loss_epoch": 0.40075430274009705, "train_auc_epoch": 0.8893845062951728, "train_acc_epoch": 0.8141818844921458, "valid_auc_epoch": 0.7889398798688896, "valid_acc_epoch": 0.7129422301836095, "_timestamp": 1670036149.2267215, "_runtime": 148.76168847084045, "_step": 13, "best_epoch": 3, "best_train_loss": 0.47367194294929504, "best_train_auc": 0.8377542501803232, "best_train_acc": 0.7793523849219788, "best_valid_auc": 0.8013366271473197, "best_valid_acc": 0.7133900582176445, "_wandb": {"runtime": 148}}