{"epoch": 100, "train_loss_epoch": 0.4718582332134247, "train_auc_epoch": 0.832809851673428, "train_acc_epoch": 0.7845967232159636, "valid_auc_epoch": 0.802562978943347, "valid_acc_epoch": 0.7304075235109718, "_timestamp": 1670072272.8627803, "_runtime": 3171.2933082580566, "_step": 100, "best_epoch": 98, "best_train_loss": 0.47210174798965454, "best_train_auc": 0.8326810543798111, "best_train_acc": 0.7846889788666223, "best_valid_auc": 0.8030076117280325, "best_valid_acc": 0.729511867442902, "_wandb": {"runtime": 3171}}