{"epoch": 28, "train_loss_epoch": 0.4517880380153656, "train_auc_epoch": 0.8504995999300491, "train_acc_epoch": 0.7942938314951555, "valid_auc_epoch": 0.8019473952865714, "valid_acc_epoch": 0.7250335871025526, "_timestamp": 1669786152.3189213, "_runtime": 348.96490025520325, "_step": 28, "best_epoch": 18, "best_train_loss": 0.4644486904144287, "best_train_auc": 0.8405812976390437, "best_train_acc": 0.7875531016737916, "best_valid_auc": 0.8046922402750623, "best_valid_acc": 0.7259292431706225, "_wandb": {"runtime": 348}}