{"epoch": 67, "train_loss_epoch": 0.45036813616752625, "train_auc_epoch": 0.8503429020761871, "train_acc_epoch": 0.7955523854010176, "valid_auc_epoch": 0.81387382702019, "valid_acc_epoch": 0.7317510076130765, "_timestamp": 1669868608.63325, "_runtime": 975.6734058856964, "_step": 67, "best_epoch": 57, "best_train_loss": 0.4493378698825836, "best_train_auc": 0.8513204074039792, "best_train_acc": 0.7950284682682961, "best_valid_auc": 0.8147346007775457, "best_valid_acc": 0.7389162561576355, "_wandb": {"runtime": 975}}