{"epoch": 12, "train_loss_epoch": 0.6518413424491882, "train_auc_epoch": 0.4972776141997617, "train_acc_epoch": 0.6430150066547005, "valid_auc_epoch": 0.5, "valid_acc_epoch": 0.4890282131661442, "_timestamp": 1669727818.1235383, "_runtime": 893.4897801876068, "_step": 12, "best_epoch": 2, "best_train_loss": 0.6522678136825562, "best_train_auc": 0.49946428773104723, "best_train_acc": 0.6430150066547005, "best_valid_auc": 0.5, "best_valid_acc": 0.4890282131661442, "_wandb": {"runtime": 892}}