{"epoch": 36, "train_loss_epoch": 0.46114471554756165, "train_auc_epoch": 0.8413771569049526, "train_acc_epoch": 0.7889201233049562, "valid_auc_epoch": 0.8213073809042257, "valid_acc_epoch": 0.7402597402597403, "_timestamp": 1669887608.7750916, "_runtime": 1825.6291127204895, "_step": 36, "best_epoch": 26, "best_train_loss": 0.4614221155643463, "best_train_auc": 0.8411371008366608, "best_train_acc": 0.7890039770640004, "best_valid_auc": 0.8224831697662547, "best_valid_acc": 0.7433945364979848, "_wandb": {"runtime": 1825}}