{"epoch": 30, "train_loss_epoch": 0.4354778230190277, "train_auc_epoch": 0.8619065952161898, "train_acc_epoch": 0.7998945693992305, "valid_auc_epoch": 0.8010757866147874, "valid_acc_epoch": 0.7156291983878191, "_timestamp": 1670111689.892647, "_runtime": 318.3252201080322, "_step": 30, "best_epoch": 20, "best_train_loss": 0.43946415185928345, "best_train_auc": 0.8593891788639976, "best_train_acc": 0.7986552974252737, "best_valid_auc": 0.8077147801074182, "best_valid_acc": 0.7335423197492164, "_wandb": {"runtime": 317}}