{"epoch": 36, "train_loss_epoch": 0.4639813005924225, "train_auc_epoch": 0.839053386944727, "train_acc_epoch": 0.7876274241140719, "valid_auc_epoch": 0.8154412779741439, "valid_acc_epoch": 0.7348858038513211, "_timestamp": 1669809737.7923112, "_runtime": 1162.1462602615356, "_step": 36, "best_epoch": 26, "best_train_loss": 0.4641343653202057, "best_train_auc": 0.838919682753045, "best_train_acc": 0.7874625474020547, "best_valid_auc": 0.8168658685748957, "best_valid_acc": 0.7375727720555306, "_wandb": {"runtime": 1161}}