{"epoch": 15, "train_loss_epoch": 0.556506872177124, "train_auc_epoch": 0.8147467765165529, "train_acc_epoch": 0.6496382975067443, "valid_auc_epoch": 0.762701730054929, "valid_acc_epoch": 0.4890282131661442, "_timestamp": 1670507242.9733667, "_runtime": 462.1349296569824, "_step": 15, "best_epoch": 5, "best_train_loss": 0.5645878911018372, "best_train_auc": 0.8073521162712183, "best_train_acc": 0.6496382975067443, "best_valid_auc": 0.7716284956644289, "best_valid_acc": 0.4890282131661442, "_wandb": {"runtime": 461}}