{"epoch": 30, "train_loss_epoch": 0.5783293843269348, "train_auc_epoch": 0.785538523065147, "train_acc_epoch": 0.6435031116626243, "valid_auc_epoch": 0.7579740957260677, "valid_acc_epoch": 0.4890282131661442, "_timestamp": 1670522137.7995882, "_runtime": 230.54567909240723, "_step": 30, "best_epoch": 20, "best_train_loss": 0.577591061592102, "best_train_auc": 0.7895919166478984, "best_train_acc": 0.6435031116626243, "best_valid_auc": 0.77091660165718, "best_valid_acc": 0.4890282131661442, "_wandb": {"runtime": 230}}