{"epoch": 11, "train_loss_epoch": 0.6534656286239624, "train_auc_epoch": 0.4980032688992032, "train_acc_epoch": 0.6401365955878073, "valid_auc_epoch": 0.5, "valid_acc_epoch": 0.4890282131661442, "_timestamp": 1670557452.463951, "_runtime": 111.25070405006409, "_step": 11, "best_epoch": 1, "best_train_loss": 0.6560623645782471, "best_train_auc": 0.5037412652115053, "best_train_acc": 0.6401365955878073, "best_valid_auc": 0.5, "best_valid_acc": 0.4890282131661442, "_wandb": {"runtime": 110}}