{"epoch": 27, "train_loss_epoch": 0.4531816840171814, "train_auc_epoch": 0.8493794198294747, "train_acc_epoch": 0.7935155753337572, "valid_auc_epoch": 0.7943946573438248, "valid_acc_epoch": 0.7299596954769368, "_timestamp": 1669754217.51965, "_runtime": 350.50752997398376, "_step": 27, "best_epoch": 17, "best_train_loss": 0.46645352244377136, "best_train_auc": 0.8389777995543861, "best_train_acc": 0.7861934856587263, "best_valid_auc": 0.7955443621526005, "best_valid_acc": 0.7236901030004478, "_wandb": {"runtime": 350}}