{"epoch": 25, "train_loss_epoch": 0.5670163631439209, "train_auc_epoch": 0.8047187977470059, "train_acc_epoch": 0.6493675030746379, "valid_auc_epoch": 0.7660392849919581, "valid_acc_epoch": 0.4890282131661442, "_timestamp": 1670499354.0070307, "_runtime": 1023.1248576641083, "_step": 25, "best_epoch": 15, "best_train_loss": 0.567653238773346, "best_train_auc": 0.8031971440373682, "best_train_acc": 0.6493675030746379, "best_valid_auc": 0.770933054675386, "best_valid_acc": 0.4890282131661442, "_wandb": {"runtime": 1023}}