{"epoch": 36, "train_loss_epoch": 0.4405032992362976, "train_auc_epoch": 0.8583301161821537, "train_acc_epoch": 0.8001477067578998, "valid_auc_epoch": 0.796321265646419, "valid_acc_epoch": 0.7178683385579937, "_timestamp": 1669743008.0193672, "_runtime": 547.0572881698608, "_step": 36, "best_epoch": 26, "best_train_loss": 0.4470730721950531, "best_train_auc": 0.8534524026886687, "best_train_acc": 0.7964550378104052, "best_valid_auc": 0.7970395803436995, "best_valid_acc": 0.7223466188983431, "_wandb": {"runtime": 546}}