{"epoch": 95, "train_loss_epoch": 0.5686869621276855, "train_auc_epoch": 0.8027103701233773, "train_acc_epoch": 0.6430150066547005, "valid_auc_epoch": 0.7604027217305044, "valid_acc_epoch": 0.4890282131661442, "_timestamp": 1670466997.5644763, "_runtime": 724.2236113548279, "_step": 95, "best_epoch": 85, "best_train_loss": 0.5705973505973816, "best_train_auc": 0.8008043963473673, "best_train_acc": 0.6430150066547005, "best_valid_auc": 0.760653529934862, "best_valid_acc": 0.4890282131661442, "_wandb": {"runtime": 723}}