{"epoch": 29, "train_loss_epoch": 0.42989790439605713, "train_auc_epoch": 0.8674891473444972, "train_acc_epoch": 0.8043806396879786, "valid_auc_epoch": 0.790545052376779, "valid_acc_epoch": 0.7169726824899239, "_timestamp": 1669932316.8334424, "_runtime": 565.294623374939, "_step": 29, "best_epoch": 19, "best_train_loss": 0.4410027861595154, "best_train_auc": 0.8594832481773784, "best_train_acc": 0.7984971849762569, "best_valid_auc": 0.7937979344640169, "best_valid_acc": 0.7183161665920287, "_wandb": {"runtime": 565}}