{"epoch": 37, "train_loss_epoch": 0.42893141508102417, "train_auc_epoch": 0.8682265007699341, "train_acc_epoch": 0.8037701112623069, "valid_auc_epoch": 0.8076361266545315, "valid_acc_epoch": 0.7357814599193909, "_timestamp": 1669874530.1013699, "_runtime": 541.5872268676758, "_step": 37, "best_epoch": 27, "best_train_loss": 0.4383719861507416, "best_train_auc": 0.8614540425748344, "best_train_acc": 0.7982670295365405, "best_valid_auc": 0.8087292491324043, "best_valid_acc": 0.7321988356471115, "_wandb": {"runtime": 541}}