{"epoch": 11, "train_loss_epoch": 0.6532974243164062, "train_auc_epoch": 0.49655389698517016, "train_acc_epoch": 0.6403838426812262, "valid_auc_epoch": 0.5, "valid_acc_epoch": 0.4890282131661442, "_timestamp": 1670550748.3529465, "_runtime": 101.26333856582642, "_step": 11, "best_epoch": 1, "best_train_loss": 0.5861896872520447, "best_train_auc": 0.7495352010324398, "best_train_acc": 0.6403838426812262, "best_valid_auc": 0.7463618765108686, "best_valid_acc": 0.4890282131661442, "_wandb": {"runtime": 100}}