{"epoch": 21, "train_loss_epoch": 0.4526374042034149, "train_auc_epoch": 0.8503782451178464, "train_acc_epoch": 0.79345424223473, "valid_auc_epoch": 0.805816663616839, "valid_acc_epoch": 0.7371249440214958, "_timestamp": 1669874612.4416363, "_runtime": 231.42973041534424, "_step": 21, "best_epoch": 11, "best_train_loss": 0.45960143208503723, "best_train_auc": 0.8451266470203467, "best_train_acc": 0.7895872420262664, "best_valid_auc": 0.8075390137178042, "best_valid_acc": 0.7384684281236006, "_wandb": {"runtime": 231}}