{"epoch": 40, "train_loss_epoch": 0.4532223045825958, "train_auc_epoch": 0.8490336673379033, "train_acc_epoch": 0.7931650918208623, "valid_auc_epoch": 0.8161563823264086, "valid_acc_epoch": 0.74205105239588, "_timestamp": 1669881712.8571498, "_runtime": 600.3594038486481, "_step": 40, "best_epoch": 30, "best_train_loss": 0.45286160707473755, "best_train_auc": 0.8496290117689242, "best_train_acc": 0.7927123720195947, "best_valid_auc": 0.8171692461788868, "best_valid_acc": 0.7474249888042992, "_wandb": {"runtime": 599}}