{"epoch": 45, "train_loss_epoch": 0.4541044235229492, "train_auc_epoch": 0.8474890390757924, "train_acc_epoch": 0.7915551254066966, "valid_auc_epoch": 0.8101562474919181, "valid_acc_epoch": 0.7326466636811464, "_timestamp": 1669829737.9441502, "_runtime": 779.4782302379608, "_step": 45, "best_epoch": 35, "best_train_loss": 0.45815733075141907, "best_train_auc": 0.8443644021727519, "best_train_acc": 0.7893723487500515, "best_valid_auc": 0.8119094971636602, "best_valid_acc": 0.7326466636811464, "_wandb": {"runtime": 779}}