{"epoch": 68, "train_loss_epoch": 0.4489835798740387, "train_auc_epoch": 0.850772755651093, "train_acc_epoch": 0.7934599069231086, "valid_auc_epoch": 0.8144195856728722, "valid_acc_epoch": 0.7375727720555306, "_timestamp": 1669758383.6815944, "_runtime": 2280.3564302921295, "_step": 68, "best_epoch": 58, "best_train_loss": 0.4505046010017395, "best_train_auc": 0.8496850575424874, "best_train_acc": 0.7932076520736379, "best_valid_auc": 0.8160737159422524, "best_valid_acc": 0.7380206000895656, "_wandb": {"runtime": 2280}}