{"epoch": 43, "train_loss_epoch": 0.5744112133979797, "train_auc_epoch": 0.7969237265757125, "train_acc_epoch": 0.6489345960343297, "valid_auc_epoch": 0.7631427512014717, "valid_acc_epoch": 0.4890282131661442, "_timestamp": 1670437608.5210154, "_runtime": 1192.1089074611664, "_step": 43, "best_epoch": 33, "best_train_loss": 0.5764639973640442, "best_train_auc": 0.7943037015993769, "best_train_acc": 0.6489345960343297, "best_valid_auc": 0.7638759137444502, "best_valid_acc": 0.4890282131661442, "_wandb": {"runtime": 1192}}