{"epoch": 30, "train_loss_epoch": 0.4489806592464447, "train_auc_epoch": 0.8513008206689643, "train_acc_epoch": 0.7946697005889378, "valid_auc_epoch": 0.806294202437936, "valid_acc_epoch": 0.7299596954769368, "_timestamp": 1669778581.1150444, "_runtime": 532.1888773441315, "_step": 30, "best_epoch": 20, "best_train_loss": 0.45215240120887756, "best_train_auc": 0.8490638632525978, "best_train_acc": 0.7935371277953955, "best_valid_auc": 0.807816708561669, "best_valid_acc": 0.7281683833407971, "_wandb": {"runtime": 531}}