{"epoch": 21, "train_loss_epoch": 0.41317883133888245, "train_auc_epoch": 0.8802517909562873, "train_acc_epoch": 0.8126216240792944, "valid_auc_epoch": 0.7877496444542895, "valid_acc_epoch": 0.7111509180474698, "_timestamp": 1669740381.9741497, "_runtime": 281.1311926841736, "_step": 21, "best_epoch": 11, "best_train_loss": 0.4505632221698761, "best_train_auc": 0.8536733312381374, "best_train_acc": 0.7947803946530873, "best_valid_auc": 0.7923099395492033, "best_valid_acc": 0.7250335871025526, "_wandb": {"runtime": 280}}