{"epoch": 11, "train_loss_epoch": 0.6470359563827515, "train_auc_epoch": 0.499779806081901, "train_acc_epoch": 0.6512702236345309, "valid_auc_epoch": 0.5, "valid_acc_epoch": 0.4890282131661442, "_timestamp": 1669728317.699451, "_runtime": 330.92015194892883, "_step": 11, "best_epoch": 1, "best_train_loss": 0.6536239385604858, "best_train_auc": 0.5004776813509176, "best_train_acc": 0.6496540413100302, "best_valid_auc": 0.5, "best_valid_acc": 0.4890282131661442, "_wandb": {"runtime": 330}}