{"epoch": 43, "train_loss_epoch": 0.42172712087631226, "train_auc_epoch": 0.8692922869862068, "train_acc_epoch": 0.8056715409156257, "valid_auc_epoch": 0.7986591994041599, "valid_acc_epoch": 0.728616211374832, "_timestamp": 1670107224.368875, "_runtime": 1202.4266600608826, "_step": 43, "best_epoch": 33, "best_train_loss": 0.45277905464172363, "best_train_auc": 0.8467508330042778, "best_train_acc": 0.7935517867473123, "best_valid_auc": 0.8213081834904797, "best_valid_acc": 0.7348858038513211, "_wandb": {"runtime": 1202}}