{"epoch": 10, "train_loss_epoch": 0.6015774607658386, "train_auc_epoch": 0.7390932868511186, "train_acc_epoch": 0.649957337883959, "valid_auc_epoch": 0.720148850347281, "valid_acc_epoch": 0.6686567164179105, "_timestamp": 1668506106.2969902, "_runtime": 26.912689208984375, "_step": 10, "_wandb": {"runtime": 26}}