{"epoch": 44, "train_loss_epoch": 0.42868927121162415, "train_auc_epoch": 0.8685712801740157, "train_acc_epoch": 0.8043879725357115, "valid_auc_epoch": 0.8128810278240602, "valid_acc_epoch": 0.7433945364979848, "_timestamp": 1669777881.8475335, "_runtime": 583.2761414051056, "_step": 44, "best_epoch": 34, "best_train_loss": 0.4375448226928711, "best_train_auc": 0.8622514294934203, "best_train_acc": 0.7999052955567832, "best_valid_auc": 0.8145255270583931, "best_valid_acc": 0.7411553963278101, "_wandb": {"runtime": 582}}