{"epoch": 15, "train_loss_epoch": 0.5568774938583374, "train_auc_epoch": 0.8176623944084456, "train_acc_epoch": 0.6440296105568072, "valid_auc_epoch": 0.7753986445923343, "valid_acc_epoch": 0.4890282131661442, "_timestamp": 1670546023.8457367, "_runtime": 169.7094178199768, "_step": 15, "best_epoch": 5, "best_train_loss": 0.5652793049812317, "best_train_auc": 0.8060649843740555, "best_train_acc": 0.6440296105568072, "best_valid_auc": 0.7806122448979591, "best_valid_acc": 0.4890282131661442, "_wandb": {"runtime": 169}}