{"epoch": 43, "train_loss_epoch": 0.4753820598125458, "train_auc_epoch": 0.8318079613509519, "train_acc_epoch": 0.7816853129512669, "valid_auc_epoch": 0.8056489230897645, "valid_acc_epoch": 0.7299596954769368, "_timestamp": 1670067081.479121, "_runtime": 402.3863639831543, "_step": 43, "best_epoch": 33, "best_train_loss": 0.4751095771789551, "best_train_auc": 0.8318959759662852, "best_train_acc": 0.7816269673410446, "best_valid_auc": 0.8105198190649551, "best_valid_acc": 0.7313031795790417, "_wandb": {"runtime": 401}}