{"epoch": 26, "train_loss_epoch": 0.45099231600761414, "train_auc_epoch": 0.8496857895371349, "train_acc_epoch": 0.7943988780757298, "valid_auc_epoch": 0.8063966207583976, "valid_acc_epoch": 0.7378109452736319, "_timestamp": 1669705982.6927195, "_runtime": 1167.1348044872284, "_step": 26, "best_epoch": 21, "best_train_loss": 0.4735212028026581, "best_train_auc": 0.8315537065681393, "best_train_acc": 0.7817064014845665, "best_valid_auc": 0.8138320277142422, "best_valid_acc": 0.7393034825870647, "_wandb": {"runtime": 1167}}