{"epoch": 46, "train_loss_epoch": 0.46234482526779175, "train_auc_epoch": 0.8403776457796821, "train_acc_epoch": 0.7881571079561956, "valid_auc_epoch": 0.8173490254997704, "valid_acc_epoch": 0.7402597402597403, "_timestamp": 1670031673.2792058, "_runtime": 1725.8172898292542, "_step": 46, "best_epoch": 36, "best_train_loss": 0.46249479055404663, "best_train_auc": 0.8402116933030945, "best_train_acc": 0.7877299984624058, "best_valid_auc": 0.8184124522862473, "best_valid_acc": 0.742498880429915, "_wandb": {"runtime": 1725}}