{"epoch": 16, "train_loss_epoch": 0.429451048374176, "train_auc_epoch": 0.8691614923808892, "train_acc_epoch": 0.8035514166206298, "valid_auc_epoch": 0.7950945125572645, "valid_acc_epoch": 0.7174205105239588, "_timestamp": 1669865322.6548386, "_runtime": 120.3050446510315, "_step": 16, "best_epoch": 6, "best_train_loss": 0.4639039933681488, "best_train_auc": 0.843449806054074, "best_train_acc": 0.7861573672164786, "best_valid_auc": 0.7997884382634602, "best_valid_acc": 0.7277205553067622, "_wandb": {"runtime": 119}}