{"epoch": 48, "train_loss_epoch": 0.4754336476325989, "train_auc_epoch": 0.8327649624787323, "train_acc_epoch": 0.7797166413191388, "valid_auc_epoch": 0.8064089722722501, "valid_acc_epoch": 0.7227944469323779, "_timestamp": 1669729120.8683343, "_runtime": 743.150199174881, "_step": 48, "best_epoch": 38, "best_train_loss": 0.475452721118927, "best_train_auc": 0.8327358396125963, "best_train_acc": 0.7784559353237813, "best_valid_auc": 0.8095109681437463, "best_valid_acc": 0.7317510076130765, "_wandb": {"runtime": 742}}