{"epoch": 78, "train_loss_epoch": 0.45623189210891724, "train_auc_epoch": 0.8450009749791063, "train_acc_epoch": 0.7901091029001245, "valid_auc_epoch": 0.8153192848635442, "valid_acc_epoch": 0.7447380206000895, "_timestamp": 1670075947.2963996, "_runtime": 12860.693133592606, "_step": 78, "best_epoch": 68, "best_train_loss": 0.4568215608596802, "best_train_auc": 0.8445648889084854, "best_train_acc": 0.7901034174962619, "best_valid_auc": 0.8170031108243203, "best_valid_acc": 0.7371249440214958, "_wandb": {"runtime": 12862}}