{"epoch": 26, "train_loss_epoch": 0.5566197633743286, "train_auc_epoch": 0.8195704387864198, "train_acc_epoch": 0.6413191387176819, "valid_auc_epoch": 0.7649493728591013, "valid_acc_epoch": 0.4890282131661442, "_timestamp": 1670441497.6313848, "_runtime": 212.26350784301758, "_step": 26, "best_epoch": 16, "best_train_loss": 0.5613210797309875, "best_train_auc": 0.8155750867255243, "best_train_acc": 0.6413191387176819, "best_valid_auc": 0.7735651362951976, "best_valid_acc": 0.4890282131661442, "_wandb": {"runtime": 211}}