{"epoch": 100, "train_loss_epoch": 0.463163822889328, "train_auc_epoch": 0.842024729416813, "train_acc_epoch": 0.7888245187815361, "valid_auc_epoch": 0.8040549867894303, "valid_acc_epoch": 0.7335423197492164, "_timestamp": 1670094166.168214, "_runtime": 1466.5557081699371, "_step": 100, "best_epoch": 100, "best_train_loss": 0.463163822889328, "best_train_auc": 0.842024729416813, "best_train_acc": 0.7888245187815361, "best_valid_auc": 0.8040549867894303, "best_valid_acc": 0.7335423197492164, "_wandb": {"runtime": 1466}}