{"epoch": 40, "train_loss_epoch": 0.5643554329872131, "train_auc_epoch": 0.8127409201519185, "train_acc_epoch": 0.641778184184149, "valid_auc_epoch": 0.7658707418786297, "valid_acc_epoch": 0.4890282131661442, "_timestamp": 1670421558.0778327, "_runtime": 399.127724647522, "_step": 40, "best_epoch": 30, "best_train_loss": 0.5680139660835266, "best_train_auc": 0.808922469342319, "best_train_acc": 0.641778184184149, "best_valid_auc": 0.768173361841197, "best_valid_acc": 0.4890282131661442, "_wandb": {"runtime": 398}}