{"epoch": 36, "train_loss_epoch": 0.4623524844646454, "train_auc_epoch": 0.840455269663889, "train_acc_epoch": 0.7879308924673614, "valid_auc_epoch": 0.8191492264673685, "valid_acc_epoch": 0.7389162561576355, "_timestamp": 1669942436.0995965, "_runtime": 2791.5878183841705, "_step": 36, "best_epoch": 26, "best_train_loss": 0.4629195034503937, "best_train_auc": 0.8398769996956963, "best_train_acc": 0.7877455623738726, "best_valid_auc": 0.8209646765737915, "best_valid_acc": 0.7339901477832512, "_wandb": {"runtime": 2791}}