{"epoch": 14, "train_loss_epoch": 0.43671828508377075, "train_auc_epoch": 0.8622623977015786, "train_acc_epoch": 0.8001667708984782, "valid_auc_epoch": 0.7999770460331372, "valid_acc_epoch": 0.7218987908643081, "_timestamp": 1669798629.8268478, "_runtime": 150.580335855484, "_step": 14, "best_epoch": 4, "best_train_loss": 0.46760180592536926, "best_train_auc": 0.838565324893114, "best_train_acc": 0.7845736918907651, "best_valid_auc": 0.8023840022087173, "best_valid_acc": 0.7277205553067622, "_wandb": {"runtime": 150}}