{"epoch": 18, "train_loss_epoch": 0.5092175006866455, "train_auc_epoch": 0.8075756122023189, "train_acc_epoch": 0.7636039780317648, "valid_auc_epoch": 0.7847198813456482, "valid_acc_epoch": 0.7062248096730855, "_timestamp": 1670009899.8681467, "_runtime": 181.63695669174194, "_step": 18, "best_epoch": 8, "best_train_loss": 0.505988359451294, "best_train_auc": 0.8098714887579501, "best_train_acc": 0.7646430161793083, "best_valid_auc": 0.7900410282093017, "best_valid_acc": 0.7227944469323779, "_wandb": {"runtime": 181}}