{"epoch": 16, "train_loss_epoch": 0.4724373519420624, "train_auc_epoch": 0.8345754878160118, "train_acc_epoch": 0.7806871574001566, "valid_auc_epoch": 0.808485744073432, "valid_acc_epoch": 0.7343283582089553, "_timestamp": 1669720122.4776952, "_runtime": 144.86183524131775, "_step": 16, "best_epoch": 11, "best_train_loss": 0.47691231966018677, "best_train_auc": 0.8310013502191264, "best_train_acc": 0.7791944009397024, "best_valid_auc": 0.8106873892829368, "best_valid_acc": 0.7333333333333333, "_wandb": {"runtime": 144}}