{"epoch": 15, "train_loss_epoch": 0.4792482554912567, "train_auc_epoch": 0.8257945977229947, "train_acc_epoch": 0.7811080545070693, "valid_auc_epoch": 0.804262054042948, "valid_acc_epoch": 0.7321988356471115, "_timestamp": 1670124965.1656291, "_runtime": 752.1558010578156, "_step": 15, "best_epoch": 5, "best_train_loss": 0.4789392948150635, "best_train_auc": 0.826081681217401, "best_train_acc": 0.7805962510396008, "best_valid_auc": 0.8045172764717023, "best_valid_acc": 0.7308553515450067, "_wandb": {"runtime": 752}}