{"epoch": 41, "train_loss_epoch": 0.44695013761520386, "train_auc_epoch": 0.8579577976067128, "train_acc_epoch": 0.7943830570902394, "valid_auc_epoch": 0.7986736459567311, "valid_acc_epoch": 0.7304075235109718, "_timestamp": 1669879852.6217794, "_runtime": 395.3567223548889, "_step": 41, "best_epoch": 31, "best_train_loss": 0.46100226044654846, "best_train_auc": 0.8473351996204552, "best_train_acc": 0.7873848987108656, "best_valid_auc": 0.8015830211272805, "best_valid_acc": 0.729511867442902, "_wandb": {"runtime": 394}}