{"epoch": 11, "train_loss_epoch": 0.6533730030059814, "train_auc_epoch": 0.5016164789801243, "train_acc_epoch": 0.6394850695622667, "valid_auc_epoch": 0.5, "valid_acc_epoch": 0.4890282131661442, "_timestamp": 1670389613.9661753, "_runtime": 64.48903822898865, "_step": 11, "best_epoch": 1, "best_train_loss": 0.6552816033363342, "best_train_auc": 0.5154371976992285, "best_train_acc": 0.6394850695622667, "best_valid_auc": 0.5, "best_valid_acc": 0.4890282131661442, "_wandb": {"runtime": 64}}