{"epoch": 22, "train_loss_epoch": 0.560025691986084, "train_auc_epoch": 0.8101703231475821, "train_acc_epoch": 0.6501230889936267, "valid_auc_epoch": 0.7795448051802127, "valid_acc_epoch": 0.4890282131661442, "_timestamp": 1670534633.3548646, "_runtime": 659.3622345924377, "_step": 22, "best_epoch": 12, "best_train_loss": 0.5622642040252686, "best_train_auc": 0.8074687093550591, "best_train_acc": 0.6501230889936267, "best_valid_auc": 0.7839722722500987, "best_valid_acc": 0.4890282131661442, "_wandb": {"runtime": 659}}