{"epoch": 37, "train_loss_epoch": 0.4418431222438812, "train_auc_epoch": 0.8562799575862494, "train_acc_epoch": 0.7973258268824771, "valid_auc_epoch": 0.8077268189012272, "valid_acc_epoch": 0.7317510076130765, "_timestamp": 1669753616.3205743, "_runtime": 737.8144114017487, "_step": 37, "best_epoch": 27, "best_train_loss": 0.4471699297428131, "best_train_auc": 0.8523909249075317, "best_train_acc": 0.794588592266284, "best_valid_auc": 0.8081004228024384, "best_valid_acc": 0.7326466636811464, "_wandb": {"runtime": 737}}