{"epoch": 21, "train_loss_epoch": 0.5556371212005615, "train_auc_epoch": 0.7485830267208051, "train_acc_epoch": 0.7300759839723402, "valid_auc_epoch": 0.7336497128346383, "valid_acc_epoch": 0.6748768472906403, "_timestamp": 1670085427.2385466, "_runtime": 186.5145926475525, "_step": 21, "best_epoch": 11, "best_train_loss": 0.554164707660675, "best_train_auc": 0.751223628033067, "best_train_acc": 0.7346591442087348, "best_valid_auc": 0.7775584042016994, "best_valid_acc": 0.6977160770264218, "_wandb": {"runtime": 186}}