{"epoch": 26, "train_loss_epoch": 0.5608776211738586, "train_auc_epoch": 0.8080845511117332, "train_acc_epoch": 0.6501230889936267, "valid_auc_epoch": 0.7748902062004603, "valid_acc_epoch": 0.4890282131661442, "_timestamp": 1670481314.4746723, "_runtime": 805.5192131996155, "_step": 26, "best_epoch": 16, "best_train_loss": 0.5633955001831055, "best_train_auc": 0.805598341077013, "best_train_acc": 0.6501230889936267, "best_valid_auc": 0.7815267919343291, "best_valid_acc": 0.4890282131661442, "_wandb": {"runtime": 805}}