{"epoch": 37, "train_loss_epoch": 0.45308658480644226, "train_auc_epoch": 0.8463008502313241, "train_acc_epoch": 0.792340312748476, "valid_auc_epoch": 0.8192455368178417, "valid_acc_epoch": 0.735333631885356, "_timestamp": 1670075627.8681703, "_runtime": 2467.4113762378693, "_step": 37, "best_epoch": 27, "best_train_loss": 0.45403942465782166, "best_train_auc": 0.8455830578310016, "best_train_acc": 0.7914446566804062, "best_valid_auc": 0.8249880414648163, "best_valid_acc": 0.74205105239588, "_wandb": {"runtime": 2467}}