{"epoch": 57, "train_loss_epoch": 0.4520699977874756, "train_auc_epoch": 0.8483037328594416, "train_acc_epoch": 0.7935329976146303, "valid_auc_epoch": 0.8194670506239307, "valid_acc_epoch": 0.7384684281236006, "_timestamp": 1669957059.3923671, "_runtime": 1096.4547591209412, "_step": 57, "best_epoch": 47, "best_train_loss": 0.4499076008796692, "best_train_auc": 0.8499298832984499, "best_train_acc": 0.795150662145736, "best_valid_auc": 0.820971097263823, "best_valid_acc": 0.7447380206000895, "_wandb": {"runtime": 1096}}