{"epoch": 30, "train_loss_epoch": 0.46222954988479614, "train_auc_epoch": 0.8416697213604274, "train_acc_epoch": 0.7879903043769173, "valid_auc_epoch": 0.8053961084197718, "valid_acc_epoch": 0.7313031795790417, "_timestamp": 1669975640.4708798, "_runtime": 572.0881547927856, "_step": 30, "best_epoch": 20, "best_train_loss": 0.4670152962207794, "best_train_auc": 0.8378492310589851, "best_train_acc": 0.7855411495878097, "best_valid_auc": 0.8064864218457558, "best_valid_acc": 0.7245857590685177, "_wandb": {"runtime": 571}}