{"epoch": 25, "train_loss_epoch": 0.4493776857852936, "train_auc_epoch": 0.8499699573184638, "train_acc_epoch": 0.7944338482510553, "valid_auc_epoch": 0.8119299631131358, "valid_acc_epoch": 0.7299596954769368, "_timestamp": 1669793310.617326, "_runtime": 2030.622622013092, "_step": 25, "best_epoch": 15, "best_train_loss": 0.4546184241771698, "best_train_auc": 0.8457427833889279, "best_train_acc": 0.7914210927252837, "best_valid_auc": 0.8190208126667373, "best_valid_acc": 0.7389162561576355, "_wandb": {"runtime": 2030}}