{"epoch": 14, "train_loss_epoch": 0.4467719793319702, "train_auc_epoch": 0.8539251843866444, "train_acc_epoch": 0.7953948597901032, "valid_auc_epoch": 0.8001110779375459, "valid_acc_epoch": 0.7308553515450067, "_timestamp": 1670066642.2295167, "_runtime": 141.12921285629272, "_step": 14, "best_epoch": 4, "best_train_loss": 0.4698391854763031, "best_train_auc": 0.8357819737690864, "best_train_acc": 0.7839164347047772, "best_valid_auc": 0.80693386368233, "best_valid_acc": 0.7344379758172862, "_wandb": {"runtime": 140}}