{"epoch": 21, "train_loss_epoch": 0.4573087692260742, "train_auc_epoch": 0.8427977213706822, "train_acc_epoch": 0.7881106834423983, "valid_auc_epoch": 0.8179549781214988, "valid_acc_epoch": 0.741603224361845, "_timestamp": 1669798937.9079037, "_runtime": 2916.6278336048126, "_step": 21, "best_epoch": 11, "best_train_loss": 0.46630194783210754, "best_train_auc": 0.8368556828337663, "best_train_acc": 0.7859701288881056, "best_valid_auc": 0.8202640187740977, "best_valid_acc": 0.7402597402597403, "_wandb": {"runtime": 2917}}