{"epoch": 11, "train_loss_epoch": 0.4602600336074829, "train_auc_epoch": 0.8420440129885602, "train_acc_epoch": 0.7884195326137621, "valid_auc_epoch": 0.8124123174517566, "valid_acc_epoch": 0.7326466636811464, "_timestamp": 1669723895.2379527, "_runtime": 574.2348427772522, "_step": 10}