{"epoch": 15, "train_loss_epoch": 0.6485860347747803, "train_auc_epoch": 0.4998717802054109, "train_acc_epoch": 0.648698026184255, "valid_auc_epoch": 0.5, "valid_acc_epoch": 0.4890282131661442, "_timestamp": 1669992201.6260314, "_runtime": 229.553480386734, "_step": 15, "best_epoch": 5, "best_train_loss": 0.6526858806610107, "best_train_auc": 0.5025740658271006, "best_train_acc": 0.6439961668125944, "best_valid_auc": 0.5175120307679466, "best_valid_acc": 0.5109717868338558, "_wandb": {"runtime": 229}}