{"epoch": 26, "train_loss_epoch": 0.4529156982898712, "train_auc_epoch": 0.848468377240273, "train_acc_epoch": 0.7923479263621762, "valid_auc_epoch": 0.8046007454421127, "valid_acc_epoch": 0.7272727272727273, "_timestamp": 1669742252.8662438, "_runtime": 457.0083508491516, "_step": 26, "best_epoch": 16, "best_train_loss": 0.4633464515209198, "best_train_auc": 0.84051826490774, "best_train_acc": 0.7875550842222314, "best_valid_auc": 0.8068857085070933, "best_valid_acc": 0.735333631885356, "_wandb": {"runtime": 456}}