{"epoch": 19, "train_loss_epoch": 0.5784206390380859, "train_auc_epoch": 0.7778258475983519, "train_acc_epoch": 0.6493675030746379, "valid_auc_epoch": 0.7478382339249999, "valid_acc_epoch": 0.4890282131661442, "_timestamp": 1670431358.9147544, "_runtime": 1184.2413845062256, "_step": 19, "best_epoch": 9, "best_train_loss": 0.578445553779602, "best_train_auc": 0.7792300319450506, "best_train_acc": 0.6493675030746379, "best_valid_auc": 0.7658992336906448, "best_valid_acc": 0.4890282131661442, "_wandb": {"runtime": 1184}}