{"epoch": 64, "train_loss_epoch": 0.46320244669914246, "train_auc_epoch": 0.838933600807064, "train_acc_epoch": 0.7880566721057031, "valid_auc_epoch": 0.8178498393222319, "valid_acc_epoch": 0.74205105239588, "_timestamp": 1669934117.2894669, "_runtime": 22941.097277879715, "_step": 64, "best_epoch": 54, "best_train_loss": 0.46516191959381104, "best_train_auc": 0.837474970797901, "best_train_acc": 0.7862515563793074, "best_valid_auc": 0.8197046161550983, "best_valid_acc": 0.7389162561576355, "_wandb": {"runtime": 22945}}