{"epoch": 14, "train_loss_epoch": 0.4184040129184723, "train_auc_epoch": 0.8772128416687163, "train_acc_epoch": 0.8091186272424307, "valid_auc_epoch": 0.7826114872565354, "valid_acc_epoch": 0.7124944021495746, "_timestamp": 1669845818.655891, "_runtime": 71.27627801895142, "_step": 14, "best_epoch": 4, "best_train_loss": 0.4791858494281769, "best_train_auc": 0.831990406641878, "best_train_acc": 0.7801649767189014, "best_valid_auc": 0.7886653953700404, "best_valid_acc": 0.7236901030004478, "_wandb": {"runtime": 70}}