{"epoch": 30, "train_loss_epoch": 0.39188534021377563, "train_auc_epoch": 0.8939251923549214, "train_acc_epoch": 0.823549372242959, "valid_auc_epoch": 0.7884109755275399, "valid_acc_epoch": 0.7151813703537842, "_timestamp": 1669723290.142513, "_runtime": 189.86023211479187, "_step": 30, "best_epoch": 5, "best_train_loss": 0.46765291690826416, "best_train_auc": 0.841463109976678, "best_train_acc": 0.7848871733966746, "best_valid_auc": 0.8054450661812625, "best_valid_acc": 0.7187639946260636, "_wandb": {"runtime": 194}}