{"epoch": 59, "train_loss_epoch": 0.45752376317977905, "train_auc_epoch": 0.8441006933073918, "train_acc_epoch": 0.7877222124614672, "valid_auc_epoch": 0.8091626457095343, "valid_acc_epoch": 0.729511867442902, "_timestamp": 1669936732.6418617, "_runtime": 2572.9106526374817, "_step": 59, "best_epoch": 49, "best_train_loss": 0.46037808060646057, "best_train_auc": 0.8419461036044755, "best_train_acc": 0.7865402737625581, "best_valid_auc": 0.8096779060845669, "best_valid_acc": 0.735333631885356, "_wandb": {"runtime": 2572}}