{"epoch": 17, "train_loss_epoch": 0.44818440079689026, "train_auc_epoch": 0.8579330722251906, "train_acc_epoch": 0.8039304449711075, "valid_auc_epoch": 0.7741104936547532, "valid_acc_epoch": 0.7133900582176445, "_timestamp": 1670075781.1351388, "_runtime": 79.53233885765076, "_step": 17, "best_epoch": 7, "best_train_loss": 0.4851515293121338, "best_train_auc": 0.8288184126336171, "best_train_acc": 0.7807365589966181, "best_valid_auc": 0.781211776829656, "best_valid_acc": 0.7151813703537842, "_wandb": {"runtime": 79}}