{"epoch": 13, "train_loss_epoch": 0.5613869428634644, "train_auc_epoch": 0.8078215302793281, "train_acc_epoch": 0.6512333549631227, "valid_auc_epoch": 0.7688098127405752, "valid_acc_epoch": 0.4890282131661442, "_timestamp": 1670515445.8315892, "_runtime": 748.9693651199341, "_step": 13, "best_epoch": 3, "best_train_loss": 0.5661919713020325, "best_train_auc": 0.80302972921101, "best_train_acc": 0.6512333549631227, "best_valid_auc": 0.7745246281617886, "best_valid_acc": 0.4890282131661442, "_wandb": {"runtime": 749}}