{"epoch": 20, "train_loss_epoch": 0.4471885561943054, "train_auc_epoch": 0.851801047108352, "train_acc_epoch": 0.7938273570263064, "valid_auc_epoch": 0.8123400846889015, "valid_acc_epoch": 0.7326466636811464, "_timestamp": 1669963685.1484776, "_runtime": 2200.093626499176, "_step": 20, "best_epoch": 10, "best_train_loss": 0.45137497782707214, "best_train_auc": 0.8481737522882087, "best_train_acc": 0.7923463093200825, "best_valid_auc": 0.8140873149637392, "best_valid_acc": 0.7348858038513211, "_wandb": {"runtime": 2200}}