{"epoch": 37, "train_loss_epoch": 0.4397984743118286, "train_auc_epoch": 0.8600858788685148, "train_acc_epoch": 0.8006628707402057, "valid_auc_epoch": 0.8092276551961038, "valid_acc_epoch": 0.7268248992386923, "_timestamp": 1669817962.735649, "_runtime": 965.8042731285095, "_step": 37, "best_epoch": 27, "best_train_loss": 0.45049384236335754, "best_train_auc": 0.8520506205460883, "best_train_acc": 0.7940001699668565, "best_valid_auc": 0.8118007467262507, "best_valid_acc": 0.7250335871025526, "_wandb": {"runtime": 965}}