{"epoch": 16, "train_loss_epoch": 0.6565832495689392, "train_auc_epoch": 0.5229791157954838, "train_acc_epoch": 0.6333944633656449, "valid_auc_epoch": 0.5633994985441084, "valid_acc_epoch": 0.4890282131661442, "_timestamp": 1670387420.628798, "_runtime": 66.71533107757568, "_step": 16, "best_epoch": 6, "best_train_loss": 0.657304584980011, "best_train_auc": 0.5209361982833255, "best_train_acc": 0.6333944633656449, "best_valid_auc": 0.5682029772739676, "best_valid_acc": 0.4890282131661442, "_wandb": {"runtime": 66}}