{"epoch": 30, "train_loss_epoch": 0.4735340178012848, "train_auc_epoch": 0.8346417902467771, "train_acc_epoch": 0.7837039207785389, "valid_auc_epoch": 0.7878780582549206, "valid_acc_epoch": 0.716077026421854, "_timestamp": 1670052459.7079692, "_runtime": 486.31868720054626, "_step": 30, "best_epoch": 20, "best_train_loss": 0.4812585413455963, "best_train_auc": 0.8285258936683455, "best_train_acc": 0.7787220533108661, "best_valid_auc": 0.7892745583367844, "best_valid_acc": 0.7187639946260636, "_wandb": {"runtime": 485}}