{"epoch": 18, "train_loss_epoch": 0.43402478098869324, "train_auc_epoch": 0.8607730996252936, "train_acc_epoch": 0.8010705615473395, "valid_auc_epoch": 0.8158578202399414, "valid_acc_epoch": 0.7384684281236006, "_timestamp": 1669915697.865245, "_runtime": 1028.2450652122498, "_step": 18, "best_epoch": 8, "best_train_loss": 0.44680631160736084, "best_train_auc": 0.8513657569722489, "best_train_acc": 0.7946716394999119, "best_valid_auc": 0.8187511436854119, "best_valid_acc": 0.7371249440214958, "_wandb": {"runtime": 1028}}