{"epoch": 55, "train_loss_epoch": 0.4642328917980194, "train_auc_epoch": 0.842122928187371, "train_acc_epoch": 0.7879653711369159, "valid_auc_epoch": 0.805741220508968, "valid_acc_epoch": 0.729064039408867, "_timestamp": 1670077108.2463415, "_runtime": 440.6079514026642, "_step": 55, "best_epoch": 45, "best_train_loss": 0.46880051493644714, "best_train_auc": 0.8384816938159315, "best_train_acc": 0.7852546491324468, "best_valid_auc": 0.8059258153473754, "best_valid_acc": 0.7272727272727273, "_wandb": {"runtime": 440}}