{"epoch": 22, "train_loss_epoch": 0.43623706698417664, "train_auc_epoch": 0.8623667910232948, "train_acc_epoch": 0.8020719034402634, "valid_auc_epoch": 0.7983453881788676, "valid_acc_epoch": 0.7232422749664129, "_timestamp": 1669744721.2593834, "_runtime": 426.43832755088806, "_step": 22, "best_epoch": 12, "best_train_loss": 0.4524473547935486, "best_train_auc": 0.8498592239086329, "best_train_acc": 0.7943829471374169, "best_valid_auc": 0.8014265168077613, "best_valid_acc": 0.7192118226600985, "_wandb": {"runtime": 426}}