{"epoch": 15, "train_loss_epoch": 0.4587779939174652, "train_auc_epoch": 0.844052178184634, "train_acc_epoch": 0.7884609178338604, "valid_auc_epoch": 0.7982924174861072, "valid_acc_epoch": 0.7196596506941334, "_timestamp": 1669960813.7967715, "_runtime": 256.9781744480133, "_step": 15, "best_epoch": 5, "best_train_loss": 0.46769657731056213, "best_train_auc": 0.8374411643395507, "best_train_acc": 0.7855321758213387, "best_valid_auc": 0.8080446430577893, "best_valid_acc": 0.7308553515450067, "_wandb": {"runtime": 256}}