{"epoch": 41, "train_loss_epoch": 0.4628215432167053, "train_auc_epoch": 0.8409574461714053, "train_acc_epoch": 0.7912320795459101, "valid_auc_epoch": 0.8080867788361215, "valid_acc_epoch": 0.7335423197492164, "_timestamp": 1669822986.6915514, "_runtime": 2401.417573451996, "_step": 41, "best_epoch": 31, "best_train_loss": 0.46427658200263977, "best_train_auc": 0.8396080923221239, "best_train_acc": 0.7892560326706417, "best_valid_auc": 0.809226050023596, "best_valid_acc": 0.7330944917151814, "_wandb": {"runtime": 2401}}