{"epoch": 56, "train_loss_epoch": 0.45456501841545105, "train_auc_epoch": 0.8487057981668736, "train_acc_epoch": 0.7935002990212524, "valid_auc_epoch": 0.8079940801237909, "valid_acc_epoch": 0.7375727720555306, "_timestamp": 1669795603.7525218, "_runtime": 545.7883307933807, "_step": 56, "best_epoch": 46, "best_train_loss": 0.4605715274810791, "best_train_auc": 0.8440044200355434, "best_train_acc": 0.7905100864973672, "best_valid_auc": 0.8086578189558032, "best_valid_acc": 0.7308553515450067, "_wandb": {"runtime": 545}}