{"epoch": 37, "train_loss_epoch": 0.47988995909690857, "train_auc_epoch": 0.8303282769802394, "train_acc_epoch": 0.7767611176702086, "valid_auc_epoch": 0.8073327490505404, "valid_acc_epoch": 0.7344379758172862, "_timestamp": 1669885038.5358949, "_runtime": 433.55329298973083, "_step": 37, "best_epoch": 27, "best_train_loss": 0.48078542947769165, "best_train_auc": 0.8293892918803767, "best_train_acc": 0.77681031090122, "best_valid_auc": 0.8090984388092188, "best_valid_acc": 0.7339901477832512, "_wandb": {"runtime": 432}}