{"train_loss_epoch": 0.505628228187561, "train_auc_epoch": 0.8071838971802506, "train_acc_epoch": 0.7629968419906349, "valid_auc_epoch": 0.7929935703197115, "valid_acc_epoch": 0.727363184079602, "_timestamp": 1669702756.9727402, "_runtime": 67.8119261264801, "_step": 0, "_wandb": {"runtime": 67}}