{"epoch": 94, "train_loss_epoch": 0.45320022106170654, "train_auc_epoch": 0.8510020221466864, "train_acc_epoch": 0.7946120506501232, "valid_auc_epoch": 0.8082773930714333, "valid_acc_epoch": 0.7263770712046574, "_timestamp": 1669945860.516238, "_runtime": 571.7515349388123, "_step": 94, "best_epoch": 84, "best_train_loss": 0.45761188864707947, "best_train_auc": 0.8475519050572404, "best_train_acc": 0.7923174980878729, "best_valid_auc": 0.8085269973964101, "best_valid_acc": 0.7268248992386923, "_wandb": {"runtime": 571}}