{"epoch": 27, "train_loss_epoch": 0.448074609041214, "train_auc_epoch": 0.8558798649156953, "train_acc_epoch": 0.795126590581136, "valid_auc_epoch": 0.8008703245337777, "valid_acc_epoch": 0.7321988356471115, "_timestamp": 1670114038.843412, "_runtime": 289.7579789161682, "_step": 27, "best_epoch": 17, "best_train_loss": 0.46456629037857056, "best_train_auc": 0.8429850464882387, "best_train_acc": 0.7867309458218549, "best_valid_auc": 0.8033093841595156, "best_valid_acc": 0.7277205553067622, "_wandb": {"runtime": 289}}