{"epoch": 11, "train_loss_epoch": 0.6477628946304321, "train_auc_epoch": 0.5008749524054544, "train_acc_epoch": 0.6501230889936267, "valid_auc_epoch": 0.5, "valid_acc_epoch": 0.4890282131661442, "_timestamp": 1669742532.5171053, "_runtime": 749.4005222320557, "_step": 11, "best_epoch": 1, "best_train_loss": 0.5280916094779968, "best_train_auc": 0.7842592305056333, "best_train_acc": 0.7518321213947433, "best_valid_auc": 0.7447803802974706, "best_valid_acc": 0.7227944469323779, "_wandb": {"runtime": 749}}