{"epoch": 22, "train_loss_epoch": 0.44612666964530945, "train_auc_epoch": 0.8545404970771189, "train_acc_epoch": 0.7964007613774009, "valid_auc_epoch": 0.7980676933350027, "valid_acc_epoch": 0.7250335871025526, "_timestamp": 1670033765.4678519, "_runtime": 353.27722096443176, "_step": 22, "best_epoch": 12, "best_train_loss": 0.46152257919311523, "best_train_auc": 0.8424349878500919, "best_train_acc": 0.7883370825402318, "best_valid_auc": 0.8032106660502805, "best_valid_acc": 0.7308553515450067, "_wandb": {"runtime": 352}}