{"epoch": 59, "train_loss_epoch": 0.5750173330307007, "train_auc_epoch": 0.7937372146272619, "train_acc_epoch": 0.6496382975067443, "valid_auc_epoch": 0.7524844057490858, "valid_acc_epoch": 0.4890282131661442, "_timestamp": 1670482659.8113186, "_runtime": 1307.0241327285767, "_step": 59, "best_epoch": 49, "best_train_loss": 0.5761770606040955, "best_train_auc": 0.7934008281915537, "best_train_acc": 0.6496382975067443, "best_valid_auc": 0.7563921982195426, "best_valid_acc": 0.4890282131661442, "_wandb": {"runtime": 1306}}