{"epoch": 32, "train_loss_epoch": 0.4740542769432068, "train_auc_epoch": 0.8328134518058428, "train_acc_epoch": 0.782833347497238, "valid_auc_epoch": 0.8048583756296289, "valid_acc_epoch": 0.7259292431706225, "_timestamp": 1669871189.242383, "_runtime": 213.978511095047, "_step": 32, "best_epoch": 22, "best_train_loss": 0.47519999742507935, "best_train_auc": 0.8319194687891056, "best_train_acc": 0.7825104104699584, "best_valid_auc": 0.806918614543505, "best_valid_acc": 0.7308553515450067, "_wandb": {"runtime": 213}}