{"epoch": 20, "train_loss_epoch": 0.42832377552986145, "train_auc_epoch": 0.8674322860270081, "train_acc_epoch": 0.8036863717076058, "valid_auc_epoch": 0.7983790968015332, "valid_acc_epoch": 0.7236901030004478, "_timestamp": 1669760296.918786, "_runtime": 297.63719296455383, "_step": 20, "best_epoch": 10, "best_train_loss": 0.4522899389266968, "best_train_auc": 0.8497276998473271, "best_train_acc": 0.7927178899082569, "best_valid_auc": 0.8024811151454447, "best_valid_acc": 0.7299596954769368, "_wandb": {"runtime": 297}}