{"epoch": 42, "train_loss_epoch": 0.4387700855731964, "train_auc_epoch": 0.8596459993323886, "train_acc_epoch": 0.8012602651807985, "valid_auc_epoch": 0.8117686432760929, "valid_acc_epoch": 0.735333631885356, "_timestamp": 1669834811.2534733, "_runtime": 908.3964653015137, "_step": 42, "best_epoch": 32, "best_train_loss": 0.4513002932071686, "best_train_auc": 0.8505539958884432, "best_train_acc": 0.7949443528742506, "best_valid_auc": 0.8133890649228073, "best_valid_acc": 0.7411553963278101, "_wandb": {"runtime": 907}}