{"epoch": 33, "train_loss_epoch": 0.46073296666145325, "train_auc_epoch": 0.8408708693636952, "train_acc_epoch": 0.7883267287891795, "valid_auc_epoch": 0.8203137791218421, "valid_acc_epoch": 0.7398119122257053, "_timestamp": 1670004319.4094138, "_runtime": 1424.2252027988434, "_step": 33, "best_epoch": 23, "best_train_loss": 0.46190306544303894, "best_train_auc": 0.8404264325707946, "best_train_acc": 0.7878235705473339, "best_valid_auc": 0.8209815308851242, "best_valid_acc": 0.7438423645320197, "_wandb": {"runtime": 1424}}