{"epoch": 24, "train_loss_epoch": 0.42739880084991455, "train_auc_epoch": 0.8678385706533733, "train_acc_epoch": 0.804453980467594, "valid_auc_epoch": 0.8053455454857734, "valid_acc_epoch": 0.7281683833407971, "_timestamp": 1669758838.8073826, "_runtime": 261.9960734844208, "_step": 24, "best_epoch": 14, "best_train_loss": 0.4405492842197418, "best_train_auc": 0.8585196304122251, "best_train_acc": 0.7984703314590116, "best_valid_auc": 0.8101177233517287, "best_valid_acc": 0.7263770712046574, "_wandb": {"runtime": 261}}