{"epoch": 57, "train_loss_epoch": 0.43502122163772583, "train_auc_epoch": 0.8630080445798066, "train_acc_epoch": 0.8026043208049719, "valid_auc_epoch": 0.7972855730305336, "valid_acc_epoch": 0.7236901030004478, "_timestamp": 1669778011.9939678, "_runtime": 565.9066767692566, "_step": 57, "best_epoch": 47, "best_train_loss": 0.44108301401138306, "best_train_auc": 0.8583622516482796, "best_train_acc": 0.7998298313110388, "best_valid_auc": 0.7993349770299814, "best_valid_acc": 0.7250335871025526, "_wandb": {"runtime": 565}}