{"epoch": 38, "train_loss_epoch": 0.47289466857910156, "train_auc_epoch": 0.8330716140813916, "train_acc_epoch": 0.7831740541086465, "valid_auc_epoch": 0.8152342107206263, "valid_acc_epoch": 0.7250335871025526, "_timestamp": 1669966227.0294251, "_runtime": 1012.6079330444336, "_step": 38, "best_epoch": 28, "best_train_loss": 0.47108912467956543, "best_train_auc": 0.8343376825406488, "best_train_acc": 0.7851308530380882, "best_valid_auc": 0.8158040469609269, "best_valid_acc": 0.7227944469323779, "_wandb": {"runtime": 1012}}