{"epoch": 25, "train_loss_epoch": 0.4389874041080475, "train_auc_epoch": 0.8589365813250035, "train_acc_epoch": 0.7984998558543718, "valid_auc_epoch": 0.7994505494505494, "valid_acc_epoch": 0.7201074787281684, "_timestamp": 1669736143.217766, "_runtime": 442.2761421203613, "_step": 25, "best_epoch": 15, "best_train_loss": 0.4508875608444214, "best_train_auc": 0.8505168404229541, "best_train_acc": 0.7940004530291174, "best_valid_auc": 0.8017523668268628, "best_valid_acc": 0.7178683385579937, "_wandb": {"runtime": 441}}