{"epoch": 50, "train_loss_epoch": 0.45061632990837097, "train_auc_epoch": 0.8512803774452419, "train_acc_epoch": 0.7927558890973525, "valid_auc_epoch": 0.8082324482412125, "valid_acc_epoch": 0.7326466636811464, "_timestamp": 1669925130.3686934, "_runtime": 510.65693736076355, "_step": 50, "best_epoch": 40, "best_train_loss": 0.45552873611450195, "best_train_auc": 0.8475414750580937, "best_train_acc": 0.7904315196998124, "best_valid_auc": 0.8084050042858106, "best_valid_acc": 0.7366771159874608, "_wandb": {"runtime": 510}}