{"epoch": 18, "train_loss_epoch": 0.5579603314399719, "train_auc_epoch": 0.8163208801444833, "train_acc_epoch": 0.6464087789077047, "valid_auc_epoch": 0.7760483381649026, "valid_acc_epoch": 0.4890282131661442, "_timestamp": 1670422974.790007, "_runtime": 480.7455201148987, "_step": 18, "best_epoch": 8, "best_train_loss": 0.5648017525672913, "best_train_auc": 0.8103138140942026, "best_train_acc": 0.6464087789077047, "best_valid_auc": 0.7795785138028783, "best_valid_acc": 0.4890282131661442, "_wandb": {"runtime": 480}}