{"epoch": 13, "train_loss_epoch": 0.45442453026771545, "train_auc_epoch": 0.8510808043463918, "train_acc_epoch": 0.7883908890521675, "valid_auc_epoch": 0.7962308152659351, "valid_acc_epoch": 0.7263681592039801, "_timestamp": 1669709568.198359, "_runtime": 86.33016896247864, "_step": 13, "best_epoch": 8, "best_train_loss": 0.47621116042137146, "best_train_auc": 0.8344893914638263, "best_train_acc": 0.776818515797208, "best_valid_auc": 0.8021148141546568, "best_valid_acc": 0.7293532338308458, "_wandb": {"runtime": 85}}