{"epoch": 23, "train_loss_epoch": 0.4452046751976013, "train_auc_epoch": 0.8541225820113318, "train_acc_epoch": 0.7947452240277424, "valid_auc_epoch": 0.8078102878716376, "valid_acc_epoch": 0.7299596954769368, "_timestamp": 1669805126.2243912, "_runtime": 550.564786195755, "_step": 23, "best_epoch": 13, "best_train_loss": 0.4569782614707947, "best_train_auc": 0.8453299746131969, "best_train_acc": 0.7893746251266813, "best_valid_auc": 0.8091562250195028, "best_valid_acc": 0.7268248992386923, "_wandb": {"runtime": 550}}