{"epoch": 34, "train_loss_epoch": 0.5633376240730286, "train_auc_epoch": 0.8040512335574002, "train_acc_epoch": 0.6512702236345309, "valid_auc_epoch": 0.7821150876584706, "valid_acc_epoch": 0.4890282131661442, "_timestamp": 1670475073.8127627, "_runtime": 2809.111537694931, "_step": 34, "best_epoch": 24, "best_train_loss": 0.5633379220962524, "best_train_auc": 0.8043731744608141, "best_train_acc": 0.6512702236345309, "best_valid_auc": 0.7847487744507902, "best_valid_acc": 0.4890282131661442, "_wandb": {"runtime": 2809}}