{"epoch": 33, "train_loss_epoch": 0.4560544192790985, "train_auc_epoch": 0.8470614919922129, "train_acc_epoch": 0.7909086553051479, "valid_auc_epoch": 0.8008269848760647, "valid_acc_epoch": 0.7326466636811464, "_timestamp": 1670115441.5950682, "_runtime": 2348.291055202484, "_step": 33, "best_epoch": 23, "best_train_loss": 0.4599774181842804, "best_train_auc": 0.8442075403876247, "best_train_acc": 0.7891117890399144, "best_valid_auc": 0.8019526120972222, "best_valid_acc": 0.7263770712046574, "_wandb": {"runtime": 2348}}