{"epoch": 72, "train_loss_epoch": 0.4431719183921814, "train_auc_epoch": 0.8618979621875147, "train_acc_epoch": 0.800364786685286, "valid_auc_epoch": 0.7936815594571949, "valid_acc_epoch": 0.7272727272727273, "_timestamp": 1669806110.737819, "_runtime": 288.0239839553833, "_step": 72, "best_epoch": 62, "best_train_loss": 0.45553284883499146, "best_train_auc": 0.8526834609063738, "best_train_acc": 0.793325543617658, "best_valid_auc": 0.7952931526551158, "best_valid_acc": 0.7250335871025526, "_wandb": {"runtime": 287}}