{"epoch": 15, "train_loss_epoch": 0.5594231486320496, "train_auc_epoch": 0.810526301868741, "train_acc_epoch": 0.6489345960343297, "valid_auc_epoch": 0.7691384718115655, "valid_acc_epoch": 0.4890282131661442, "_timestamp": 1670402894.3274448, "_runtime": 467.88159584999084, "_step": 15, "best_epoch": 5, "best_train_loss": 0.5672011971473694, "best_train_auc": 0.8037160526838553, "best_train_acc": 0.6489345960343297, "best_valid_auc": 0.7728436112529014, "best_valid_acc": 0.4890282131661442, "_wandb": {"runtime": 467}}