{"epoch": 11, "train_loss_epoch": 0.671617865562439, "train_auc_epoch": 0.500926096696736, "train_acc_epoch": 0.6407443410637411, "valid_auc_epoch": 0.5, "valid_acc_epoch": 0.4890282131661442, "_timestamp": 1669729749.4153333, "_runtime": 196.8794722557068, "_step": 11, "best_epoch": 1, "best_train_loss": 0.6643472909927368, "best_train_auc": 0.49951380300039117, "best_train_acc": 0.6464948050144551, "best_valid_auc": 0.5, "best_valid_acc": 0.4890282131661442, "_wandb": {"runtime": 196}}