{"epoch": 36, "train_loss_epoch": 0.39806562662124634, "train_auc_epoch": 0.8881071660063137, "train_acc_epoch": 0.8200696883614839, "valid_auc_epoch": 0.7995765554924187, "valid_acc_epoch": 0.728616211374832, "_timestamp": 1669964500.757955, "_runtime": 774.3720171451569, "_step": 36, "best_epoch": 26, "best_train_loss": 0.45055124163627625, "best_train_auc": 0.8520012935929064, "best_train_acc": 0.7947551811477589, "best_valid_auc": 0.8164910607943037, "best_valid_acc": 0.7389162561576355, "_wandb": {"runtime": 773}}