{"epoch": 15, "train_loss_epoch": 0.5578668713569641, "train_auc_epoch": 0.8111221932595528, "train_acc_epoch": 0.6480011966642982, "valid_auc_epoch": 0.7746105048909606, "valid_acc_epoch": 0.4890282131661442, "_timestamp": 1670508018.620878, "_runtime": 739.320671081543, "_step": 15, "best_epoch": 5, "best_train_loss": 0.5638427734375, "best_train_auc": 0.806064588607041, "best_train_acc": 0.6480011966642982, "best_valid_auc": 0.7796647918251776, "best_valid_acc": 0.4890282131661442, "_wandb": {"runtime": 739}}