{"epoch": 46, "train_loss_epoch": 0.44932645559310913, "train_auc_epoch": 0.8506985703512463, "train_acc_epoch": 0.794675416068801, "valid_auc_epoch": 0.8094291043458441, "valid_acc_epoch": 0.7375727720555306, "_timestamp": 1669929998.4115648, "_runtime": 1138.820792913437, "_step": 46, "best_epoch": 36, "best_train_loss": 0.44973400235176086, "best_train_auc": 0.8504811482406855, "best_train_acc": 0.7945794529186506, "best_valid_auc": 0.8095093629712384, "best_valid_acc": 0.7344379758172862, "_wandb": {"runtime": 1138}}