{"epoch": 11, "train_loss_epoch": 0.4741380214691162, "train_auc_epoch": 0.8361112207082871, "train_acc_epoch": 0.7811878374538221, "valid_auc_epoch": 0.80859926173688, "valid_acc_epoch": 0.7378109452736319, "_timestamp": 1669721682.277101, "_runtime": 82.21000909805298, "_step": 11, "best_epoch": 6, "best_train_loss": 0.47771674394607544, "best_train_auc": 0.8328951864092182, "best_train_acc": 0.7765894236482471, "best_valid_auc": 0.8113714825705577, "best_valid_acc": 0.7383084577114428, "_wandb": {"runtime": 81}}