{"epoch": 16, "train_loss_epoch": 0.5690603256225586, "train_auc_epoch": 0.800613763977855, "train_acc_epoch": 0.6512702236345309, "valid_auc_epoch": 0.7742762277161928, "valid_acc_epoch": 0.4890282131661442, "_timestamp": 1670558666.7712696, "_runtime": 1179.0100705623627, "_step": 16, "best_epoch": 6, "best_train_loss": 0.5685916543006897, "best_train_auc": 0.797809133157453, "best_train_acc": 0.6512702236345309, "best_valid_auc": 0.7752076290638954, "best_valid_acc": 0.4890282131661442, "_wandb": {"runtime": 1179}}