{"epoch": 23, "train_loss_epoch": 0.45785802602767944, "train_auc_epoch": 0.8462075372947825, "train_acc_epoch": 0.7890900864570322, "valid_auc_epoch": 0.8050509963305756, "valid_acc_epoch": 0.7277205553067622, "_timestamp": 1670043987.720927, "_runtime": 228.73173594474792, "_step": 23, "best_epoch": 13, "best_train_loss": 0.4602817893028259, "best_train_auc": 0.8429250187456965, "best_train_acc": 0.7867786640962339, "best_valid_auc": 0.8056786187811603, "best_valid_acc": 0.7362292879534259, "_wandb": {"runtime": 228}}