{"epoch": 37, "train_loss_epoch": 0.466851145029068, "train_auc_epoch": 0.8409540181640659, "train_acc_epoch": 0.7862030586586422, "valid_auc_epoch": 0.8055710722231317, "valid_acc_epoch": 0.7277205553067622, "_timestamp": 1669764059.6645286, "_runtime": 363.3154046535492, "_step": 37, "best_epoch": 27, "best_train_loss": 0.4675975441932678, "best_train_auc": 0.8400421772821011, "best_train_acc": 0.7853167896450802, "best_valid_auc": 0.8074667809549492, "best_valid_acc": 0.7330944917151814, "_wandb": {"runtime": 362}}