{"epoch": 40, "train_loss_epoch": 0.4442274272441864, "train_auc_epoch": 0.8533830790420083, "train_acc_epoch": 0.7940102164590914, "valid_auc_epoch": 0.817210178077838, "valid_acc_epoch": 0.7402597402597403, "_timestamp": 1670010719.6986585, "_runtime": 2461.278823375702, "_step": 40, "best_epoch": 30, "best_train_loss": 0.46188801527023315, "best_train_auc": 0.8400722808083733, "best_train_acc": 0.7878222541130644, "best_valid_auc": 0.8205144256853285, "best_valid_acc": 0.7411553963278101, "_wandb": {"runtime": 2461}}