{"epoch": 36, "train_loss_epoch": 0.564374566078186, "train_auc_epoch": 0.8023918783902497, "train_acc_epoch": 0.6501230889936267, "valid_auc_epoch": 0.7828643019265281, "valid_acc_epoch": 0.4890282131661442, "_timestamp": 1670427912.2216341, "_runtime": 4138.610188245773, "_step": 36, "best_epoch": 26, "best_train_loss": 0.5642656683921814, "best_train_auc": 0.8036143802354871, "best_train_acc": 0.6501230889936267, "best_valid_auc": 0.7853467012099791, "best_valid_acc": 0.4890282131661442, "_wandb": {"runtime": 4139}}