{"epoch": 11, "train_loss_epoch": 0.6467829942703247, "train_auc_epoch": 0.49890537151972625, "train_acc_epoch": 0.6512333549631227, "valid_auc_epoch": 0.5, "valid_acc_epoch": 0.4890282131661442, "_timestamp": 1669893606.2510314, "_runtime": 896.619957447052, "_step": 11, "best_epoch": 1, "best_train_loss": 0.6475934386253357, "best_train_auc": 0.4973178516491409, "best_train_acc": 0.6511328221391557, "best_valid_auc": 0.5, "best_valid_acc": 0.4890282131661442, "_wandb": {"runtime": 896}}