{"epoch": 100, "train_loss_epoch": 0.49093106389045715, "train_auc_epoch": 0.8194572265712228, "train_acc_epoch": 0.7774958807023833, "valid_auc_epoch": 0.7819774441159191, "valid_acc_epoch": 0.7084639498432602, "_timestamp": 1670042613.4360237, "_runtime": 1324.5839927196503, "_step": 100, "best_epoch": 100, "best_train_loss": 0.49093106389045715, "best_train_auc": 0.8194572265712228, "best_train_acc": 0.7774958807023833, "best_valid_auc": 0.7819774441159191, "best_valid_acc": 0.7084639498432602, "_wandb": {"runtime": 1324}}