{"epoch": 67, "train_loss_epoch": 0.4667234718799591, "train_auc_epoch": 0.8379670484226845, "train_acc_epoch": 0.78670151880136, "valid_auc_epoch": 0.8152594921876255, "valid_acc_epoch": 0.7335423197492164, "_timestamp": 1669906416.2676237, "_runtime": 6864.872581720352, "_step": 67, "best_epoch": 57, "best_train_loss": 0.4638623297214508, "best_train_auc": 0.8403649460152479, "best_train_acc": 0.788396289272718, "best_valid_auc": 0.8165319926932547, "best_valid_acc": 0.7442901925660547, "_wandb": {"runtime": 6865}}