{"epoch": 28, "train_loss_epoch": 0.44206586480140686, "train_auc_epoch": 0.8595043165551686, "train_acc_epoch": 0.7982953200220977, "valid_auc_epoch": 0.8016969883753408, "valid_acc_epoch": 0.7281683833407971, "_timestamp": 1670101647.1758943, "_runtime": 323.1112551689148, "_step": 28, "best_epoch": 18, "best_train_loss": 0.4598201811313629, "best_train_auc": 0.846144707993733, "best_train_acc": 0.7882250808933786, "best_valid_auc": 0.8055863213619567, "best_valid_acc": 0.7304075235109718, "_wandb": {"runtime": 322}}