{"epoch": 35, "train_loss_epoch": 0.4501287639141083, "train_auc_epoch": 0.8509305552649271, "train_acc_epoch": 0.7974839353120148, "valid_auc_epoch": 0.7998987938733775, "valid_acc_epoch": 0.7205553067622034, "_timestamp": 1669826341.6048229, "_runtime": 689.9463329315186, "_step": 35, "best_epoch": 25, "best_train_loss": 0.47152823209762573, "best_train_auc": 0.8330649494779254, "best_train_acc": 0.7838431530974234, "best_valid_auc": 0.8062151476919225, "best_valid_acc": 0.729064039408867, "_wandb": {"runtime": 689}}