{"epoch": 27, "train_loss_epoch": 0.4562705159187317, "train_auc_epoch": 0.8477913283663205, "train_acc_epoch": 0.792057535959975, "valid_auc_epoch": 0.8001560227677668, "valid_acc_epoch": 0.7268248992386923, "_timestamp": 1669925356.7880158, "_runtime": 305.0527548789978, "_step": 27, "best_epoch": 17, "best_train_loss": 0.46666422486305237, "best_train_auc": 0.8397515073033992, "best_train_acc": 0.785417969564311, "best_valid_auc": 0.8018470720048283, "best_valid_acc": 0.728616211374832, "_wandb": {"runtime": 304}}