{"epoch": 48, "train_loss_epoch": 0.47270286083221436, "train_auc_epoch": 0.833729226575951, "train_acc_epoch": 0.7852338690878906, "valid_auc_epoch": 0.7939985810275031, "valid_acc_epoch": 0.7250335871025526, "_timestamp": 1669827831.3133543, "_runtime": 2216.7262873649597, "_step": 48, "best_epoch": 38, "best_train_loss": 0.47578564286231995, "best_train_auc": 0.8309578594647042, "best_train_acc": 0.7827749319172888, "best_valid_auc": 0.7942377517311787, "best_valid_acc": 0.7192118226600985, "_wandb": {"runtime": 2216}}