{"epoch": 6, "train_loss_epoch": 0.6472911834716797, "train_auc_epoch": 0.5000012091881041, "train_acc_epoch": 0.6511815432859223, "valid_auc_epoch": 0.5, "valid_acc_epoch": 0.4621890547263682, "_timestamp": 1669707600.4730759, "_runtime": 1608.8232238292694, "_step": 6, "best_epoch": 1, "best_train_loss": 0.6413556337356567, "best_train_auc": 0.5266786479544885, "best_train_acc": 0.6581341695598611, "best_valid_auc": 0.5, "best_valid_acc": 0.4621890547263682, "_wandb": {"runtime": 1611}}