{"epoch": 29, "train_loss_epoch": 0.4377525746822357, "train_auc_epoch": 0.8594678886110471, "train_acc_epoch": 0.8008565495760512, "valid_auc_epoch": 0.8222761025127371, "valid_acc_epoch": 0.7456336766681594, "_timestamp": 1669784221.4880273, "_runtime": 1754.7169473171234, "_step": 29, "best_epoch": 19, "best_train_loss": 0.4476736783981323, "best_train_auc": 0.8519928622641466, "best_train_acc": 0.7965911057276346, "best_valid_auc": 0.8244294414320708, "best_valid_acc": 0.7469771607702642, "_wandb": {"runtime": 1754}}