{"epoch": 24, "train_loss_epoch": 0.35974976420402527, "train_auc_epoch": 0.9118144563875591, "train_acc_epoch": 0.8345885705562058, "valid_auc_epoch": 0.7751538557848812, "valid_acc_epoch": 0.7142857142857143, "_timestamp": 1669738869.9701405, "_runtime": 197.3136055469513, "_step": 24, "best_epoch": 14, "best_train_loss": 0.4029293656349182, "best_train_auc": 0.8875450245232385, "best_train_acc": 0.8170831000966872, "best_valid_auc": 0.7961888389145182, "best_valid_acc": 0.7151813703537842, "_wandb": {"runtime": 196}}