{"epoch": 24, "train_loss_epoch": 0.44041702151298523, "train_auc_epoch": 0.8578260339636035, "train_acc_epoch": 0.7970272114940469, "valid_auc_epoch": 0.8028085703370542, "valid_acc_epoch": 0.728616211374832, "_timestamp": 1669758407.9739516, "_runtime": 394.6424255371094, "_step": 24, "best_epoch": 14, "best_train_loss": 0.4530982971191406, "best_train_auc": 0.8482087438804014, "best_train_acc": 0.7918013912539901, "best_valid_auc": 0.8041569152436812, "best_valid_acc": 0.7277205553067622, "_wandb": {"runtime": 394}}