{"epoch": 67, "train_loss_epoch": 0.46104976534843445, "train_auc_epoch": 0.8418972327988582, "train_acc_epoch": 0.7874946094012043, "valid_auc_epoch": 0.8171668384201252, "valid_acc_epoch": 0.7371249440214958, "_timestamp": 1669765955.3448646, "_runtime": 2533.6319386959076, "_step": 67, "best_epoch": 57, "best_train_loss": 0.4607531428337097, "best_train_auc": 0.8424032262148938, "best_train_acc": 0.788612659521794, "best_valid_auc": 0.8174975039567504, "best_valid_acc": 0.7389162561576355, "_wandb": {"runtime": 2533}}