{"epoch": 14, "train_loss_epoch": 0.4156843423843384, "train_auc_epoch": 0.8787301645890637, "train_acc_epoch": 0.8092512466287666, "valid_auc_epoch": 0.7890072971142208, "valid_acc_epoch": 0.7115987460815048, "_timestamp": 1669774191.6868706, "_runtime": 155.5228145122528, "_step": 14, "best_epoch": 4, "best_train_loss": 0.47058266401290894, "best_train_auc": 0.838379501703199, "best_train_acc": 0.7827664487087448, "best_valid_auc": 0.7975074881297493, "best_valid_acc": 0.7245857590685177, "_wandb": {"runtime": 153}}