{"epoch": 32, "train_loss_epoch": 0.4435858726501465, "train_auc_epoch": 0.8564792818909023, "train_acc_epoch": 0.7995154871084963, "valid_auc_epoch": 0.8087091844760557, "valid_acc_epoch": 0.7317510076130765, "_timestamp": 1669838204.9341822, "_runtime": 930.7863671779633, "_step": 32, "best_epoch": 22, "best_train_loss": 0.4647962749004364, "best_train_auc": 0.839526862937287, "best_train_acc": 0.7867364595950856, "best_valid_auc": 0.8170584892758426, "best_valid_acc": 0.741603224361845, "_wandb": {"runtime": 930}}