{"epoch": 13, "train_loss_epoch": 0.476605623960495, "train_auc_epoch": 0.8291331558091795, "train_acc_epoch": 0.780108789714427, "valid_auc_epoch": 0.8146386005861096, "valid_acc_epoch": 0.7393034825870647, "_timestamp": 1669719960.5959327, "_runtime": 152.09183382987976, "_step": 13, "best_epoch": 8, "best_train_loss": 0.4783954918384552, "best_train_auc": 0.8278002372108075, "best_train_acc": 0.7780071702311782, "best_valid_auc": 0.8150438785599985, "best_valid_acc": 0.7388059701492538, "_wandb": {"runtime": 151}}