{"epoch": 24, "train_loss_epoch": 0.41597047448158264, "train_auc_epoch": 0.878749118332298, "train_acc_epoch": 0.8105981891049429, "valid_auc_epoch": 0.8017331047567682, "valid_acc_epoch": 0.7313031795790417, "_timestamp": 1669781427.2571087, "_runtime": 574.7641637325287, "_step": 24, "best_epoch": 14, "best_train_loss": 0.45337405800819397, "best_train_auc": 0.8528174038186438, "best_train_acc": 0.7908267774974024, "best_valid_auc": 0.8114387803257215, "best_valid_acc": 0.7371249440214958, "_wandb": {"runtime": 574}}