{"epoch": 25, "train_loss_epoch": 0.46047675609588623, "train_auc_epoch": 0.8426468926439117, "train_acc_epoch": 0.7913183147316832, "valid_auc_epoch": 0.8028755862892585, "valid_acc_epoch": 0.7268248992386923, "_timestamp": 1670100657.6502092, "_runtime": 1101.8690130710602, "_step": 25, "best_epoch": 15, "best_train_loss": 0.47544625401496887, "best_train_auc": 0.8299853900632193, "best_train_acc": 0.7815781887072196, "best_valid_auc": 0.8076168645844368, "best_valid_acc": 0.7281683833407971, "_wandb": {"runtime": 1101}}