{"epoch": 11, "train_loss_epoch": 0.6533764004707336, "train_auc_epoch": 0.5021888885458737, "train_acc_epoch": 0.6400531286894924, "valid_auc_epoch": 0.5, "valid_acc_epoch": 0.4890282131661442, "_timestamp": 1669732978.0527253, "_runtime": 209.26954627037048, "_step": 11, "best_epoch": 1, "best_train_loss": 0.6591864824295044, "best_train_auc": 0.4994830233644938, "best_train_acc": 0.6373475009838646, "best_valid_auc": 0.5040201545460091, "best_valid_acc": 0.4890282131661442, "_wandb": {"runtime": 208}}