{"epoch": 21, "train_loss_epoch": 0.40718039870262146, "train_auc_epoch": 0.8806089831662864, "train_acc_epoch": 0.8144006508145524, "valid_auc_epoch": 0.8011857409315779, "valid_acc_epoch": 0.728616211374832, "_timestamp": 1670111130.3829355, "_runtime": 979.3774914741516, "_step": 21, "best_epoch": 11, "best_train_loss": 0.43104904890060425, "best_train_auc": 0.8641211579976792, "best_train_acc": 0.8018945321925695, "best_valid_auc": 0.8121699364030652, "best_valid_acc": 0.7335423197492164, "_wandb": {"runtime": 979}}