{"epoch": 100, "train_loss_epoch": 0.45694270730018616, "train_auc_epoch": 0.8446388408911667, "train_acc_epoch": 0.7890079701001453, "valid_auc_epoch": 0.8075458357009628, "valid_acc_epoch": 0.7344379758172862, "_timestamp": 1669762914.6933115, "_runtime": 4495.067964553833, "_step": 100, "best_epoch": 91, "best_train_loss": 0.45783349871635437, "best_train_auc": 0.8439088164258449, "best_train_acc": 0.7881055439313837, "best_valid_auc": 0.8084138327346041, "best_valid_acc": 0.7384684281236006, "_wandb": {"runtime": 4495}}