{"epoch": 15, "train_loss_epoch": 0.6485738754272461, "train_auc_epoch": 0.49821844140373506, "train_acc_epoch": 0.6489345960343297, "valid_auc_epoch": 0.5, "valid_acc_epoch": 0.4890282131661442, "_timestamp": 1669895588.1992447, "_runtime": 327.75726079940796, "_step": 15, "best_epoch": 5, "best_train_loss": 0.6511185169219971, "best_train_auc": 0.5007062447611808, "best_train_acc": 0.6489345960343297, "best_valid_auc": 0.6058591204296726, "best_valid_acc": 0.4890282131661442, "_wandb": {"runtime": 327}}