{"epoch": 79, "train_loss_epoch": 0.44913652539253235, "train_auc_epoch": 0.85704758929743, "train_acc_epoch": 0.7952501113255158, "valid_auc_epoch": 0.8085261948101562, "valid_acc_epoch": 0.7380206000895656, "_timestamp": 1669925016.2689698, "_runtime": 503.8828387260437, "_step": 79, "best_epoch": 69, "best_train_loss": 0.45592209696769714, "best_train_auc": 0.8519269586314175, "best_train_acc": 0.7924298649250409, "best_valid_auc": 0.8097982940226586, "best_valid_acc": 0.7362292879534259, "_wandb": {"runtime": 503}}