{"epoch": 15, "train_loss_epoch": 0.5635251998901367, "train_auc_epoch": 0.8068957466046813, "train_acc_epoch": 0.6492469480248956, "valid_auc_epoch": 0.7680890902845328, "valid_acc_epoch": 0.4890282131661442, "_timestamp": 1670554937.4330187, "_runtime": 218.48970866203308, "_step": 15, "best_epoch": 5, "best_train_loss": 0.5672809481620789, "best_train_auc": 0.8011549141658502, "best_train_acc": 0.6492469480248956, "best_valid_auc": 0.774098454860944, "best_valid_acc": 0.4890282131661442, "_wandb": {"runtime": 218}}