{"epoch": 32, "train_loss_epoch": 0.567378580570221, "train_auc_epoch": 0.8040325358984891, "train_acc_epoch": 0.6489345960343297, "valid_auc_epoch": 0.7651211263174452, "valid_acc_epoch": 0.4890282131661442, "_timestamp": 1670410810.7463076, "_runtime": 1061.2399744987488, "_step": 32, "best_epoch": 22, "best_train_loss": 0.5738205909729004, "best_train_auc": 0.7939870332953133, "best_train_acc": 0.6489345960343297, "best_valid_auc": 0.7754215183005717, "best_valid_acc": 0.4890282131661442, "_wandb": {"runtime": 1061}}