{"epoch": 13, "train_loss_epoch": 0.48822668194770813, "train_auc_epoch": 0.8210500383316381, "train_acc_epoch": 0.7741150028095148, "valid_auc_epoch": 0.7942249103511154, "valid_acc_epoch": 0.7232422749664129, "_timestamp": 1669741760.699053, "_runtime": 126.589035987854, "_step": 13, "best_epoch": 3, "best_train_loss": 0.4910270571708679, "best_train_auc": 0.8182691255048451, "best_train_acc": 0.7733327457223759, "best_valid_auc": 0.7963605923728623, "best_valid_acc": 0.7263770712046574, "_wandb": {"runtime": 126}}