{"epoch": 28, "train_loss_epoch": 0.4506264925003052, "train_auc_epoch": 0.8510156048985569, "train_acc_epoch": 0.7925390730029163, "valid_auc_epoch": 0.8033808143361166, "valid_acc_epoch": 0.7339901477832512, "_timestamp": 1669784661.0402715, "_runtime": 485.4938395023346, "_step": 28, "best_epoch": 18, "best_train_loss": 0.45414137840270996, "best_train_auc": 0.8475231162980807, "best_train_acc": 0.7898020668877413, "best_valid_auc": 0.8053559791070746, "best_valid_acc": 0.7344379758172862, "_wandb": {"runtime": 485}}