{"epoch": 28, "train_loss_epoch": 0.44674620032310486, "train_auc_epoch": 0.8503518234450406, "train_acc_epoch": 0.7924623716535971, "valid_auc_epoch": 0.8203081610180645, "valid_acc_epoch": 0.7384684281236006, "_timestamp": 1669830322.5911543, "_runtime": 1442.2900414466858, "_step": 28, "best_epoch": 18, "best_train_loss": 0.4576724171638489, "best_train_auc": 0.8430121223030459, "best_train_acc": 0.7896161139869817, "best_valid_auc": 0.8234270112008938, "best_valid_acc": 0.7456336766681594, "_wandb": {"runtime": 1442}}