{"epoch": 50, "train_loss_epoch": 0.4409174621105194, "train_auc_epoch": 0.8550209795123163, "train_acc_epoch": 0.7961252626723386, "valid_auc_epoch": 0.8222825232027685, "valid_acc_epoch": 0.7393640841916704, "_timestamp": 1670006031.6628108, "_runtime": 2782.2780299186707, "_step": 50, "best_epoch": 40, "best_train_loss": 0.4468291103839874, "best_train_auc": 0.8505773260689065, "best_train_acc": 0.7920660140433602, "best_valid_auc": 0.8252793802749981, "best_valid_acc": 0.742498880429915, "_wandb": {"runtime": 2782}}