{"epoch": 15, "train_loss_epoch": 0.4122966527938843, "train_auc_epoch": 0.8816913156617161, "train_acc_epoch": 0.8151121076233184, "valid_auc_epoch": 0.7856853926091438, "valid_acc_epoch": 0.7214509628302732, "_timestamp": 1669866792.7058249, "_runtime": 219.70530080795288, "_step": 15, "best_epoch": 5, "best_train_loss": 0.469501793384552, "best_train_auc": 0.8407407167047245, "best_train_acc": 0.7830044843049327, "best_valid_auc": 0.7893748816185275, "best_valid_acc": 0.7241379310344828, "_wandb": {"runtime": 219}}