{"epoch": 15, "train_loss_epoch": 0.5594595074653625, "train_auc_epoch": 0.8161140851350666, "train_acc_epoch": 0.6415204146585433, "valid_auc_epoch": 0.7649521819109899, "valid_acc_epoch": 0.4890282131661442, "_timestamp": 1670400295.3864996, "_runtime": 156.46245074272156, "_step": 15, "best_epoch": 5, "best_train_loss": 0.5669912099838257, "best_train_auc": 0.8056552042639546, "best_train_acc": 0.6415204146585433, "best_valid_auc": 0.7778585714606748, "best_valid_acc": 0.4890282131661442, "_wandb": {"runtime": 156}}