{"epoch": 59, "train_loss_epoch": 0.40558263659477234, "train_auc_epoch": 0.8856091809684994, "train_acc_epoch": 0.8074524940617577, "valid_auc_epoch": 0.7868956926800924, "valid_acc_epoch": 0.7066726377071205, "_timestamp": 1669725817.2965972, "_runtime": 737.1772701740265, "_step": 59, "best_epoch": 34, "best_train_loss": 0.46179378032684326, "best_train_auc": 0.8456430033758826, "best_train_acc": 0.786689854088904, "best_valid_auc": 0.8114692786033716, "best_valid_acc": 0.735333631885356, "_wandb": {"runtime": 736}}