{"epoch": 31, "train_loss_epoch": 0.45050719380378723, "train_auc_epoch": 0.8489387093166991, "train_acc_epoch": 0.7946970085251055, "valid_auc_epoch": 0.820767240355321, "valid_acc_epoch": 0.7380206000895656, "_timestamp": 1669928385.0744338, "_runtime": 1682.3426446914673, "_step": 31, "best_epoch": 21, "best_train_loss": 0.45331689715385437, "best_train_auc": 0.8466710735556676, "best_train_acc": 0.7927664736131754, "best_valid_auc": 0.823828304327866, "best_valid_acc": 0.7447380206000895, "_wandb": {"runtime": 1682}}