{"epoch": 32, "train_loss_epoch": 0.46083006262779236, "train_auc_epoch": 0.8414230711250437, "train_acc_epoch": 0.7873487178605999, "valid_auc_epoch": 0.8080133421938855, "valid_acc_epoch": 0.7380206000895656, "_timestamp": 1669984766.0979793, "_runtime": 3203.8517303466797, "_step": 32, "best_epoch": 22, "best_train_loss": 0.46587035059928894, "best_train_auc": 0.8375215830834325, "best_train_acc": 0.7841641321717614, "best_valid_auc": 0.8083367844542253, "best_valid_acc": 0.7321988356471115, "_wandb": {"runtime": 3204}}