{"epoch": 36, "train_loss_epoch": 0.4583089053630829, "train_auc_epoch": 0.8435793825525351, "train_acc_epoch": 0.791865066671541, "valid_auc_epoch": 0.8141707839341494, "valid_acc_epoch": 0.7362292879534259, "_timestamp": 1669799753.2464252, "_runtime": 777.4554302692413, "_step": 36, "best_epoch": 26, "best_train_loss": 0.4612084627151489, "best_train_auc": 0.8418644909467012, "best_train_acc": 0.7901011725783014, "best_valid_auc": 0.8144059417065552, "best_valid_acc": 0.7384684281236006, "_wandb": {"runtime": 777}}