{"epoch": 39, "train_loss_epoch": 0.4636777937412262, "train_auc_epoch": 0.8418397077173473, "train_acc_epoch": 0.7880343333050055, "valid_auc_epoch": 0.8124022851235824, "valid_acc_epoch": 0.7402597402597403, "_timestamp": 1669792122.8325725, "_runtime": 327.7000834941864, "_step": 39, "best_epoch": 29, "best_train_loss": 0.4647681415081024, "best_train_auc": 0.8412069893823513, "best_train_acc": 0.7867085918245942, "best_valid_auc": 0.8134548769956308, "best_valid_acc": 0.7375727720555306, "_wandb": {"runtime": 327}}