{"epoch": 35, "train_loss_epoch": 0.4324853718280792, "train_auc_epoch": 0.8660190427032891, "train_acc_epoch": 0.8050235570401272, "valid_auc_epoch": 0.7952827190338146, "valid_acc_epoch": 0.7299596954769368, "_timestamp": 1669927829.927502, "_runtime": 345.42939496040344, "_step": 35, "best_epoch": 25, "best_train_loss": 0.44636914134025574, "best_train_auc": 0.8557682080384168, "best_train_acc": 0.7982117070466911, "best_valid_auc": 0.7985412192248301, "best_valid_acc": 0.7299596954769368, "_wandb": {"runtime": 345}}