{"epoch": 23, "train_loss_epoch": 0.49654892086982727, "train_auc_epoch": 0.8164951897859303, "train_acc_epoch": 0.7687054631828979, "valid_auc_epoch": 0.7873322996022383, "valid_acc_epoch": 0.7138378862516793, "_timestamp": 1670029909.6865816, "_runtime": 357.9767315387726, "_step": 23, "best_epoch": 13, "best_train_loss": 0.49961549043655396, "best_train_auc": 0.8139627944934607, "best_train_acc": 0.7673693586698337, "best_valid_auc": 0.795057192296456, "best_valid_acc": 0.7120465741155396, "_wandb": {"runtime": 357}}