{"epoch": 56, "train_loss_epoch": 0.44496583938598633, "train_auc_epoch": 0.8546583712819419, "train_acc_epoch": 0.7964612248259957, "valid_auc_epoch": 0.8044891859528145, "valid_acc_epoch": 0.7245857590685177, "_timestamp": 1669964175.1921437, "_runtime": 1035.2640635967255, "_step": 56, "best_epoch": 46, "best_train_loss": 0.4667362570762634, "best_train_auc": 0.8372755481591705, "best_train_acc": 0.7866490259873975, "best_valid_auc": 0.807108024899436, "best_valid_acc": 0.7263770712046574, "_wandb": {"runtime": 1034}}