{"epoch": 100, "train_loss_epoch": 0.4627376198768616, "train_auc_epoch": 0.8404524593010152, "train_acc_epoch": 0.7867493550646644, "valid_auc_epoch": 0.8090679405315688, "valid_acc_epoch": 0.7375727720555306, "_timestamp": 1669873742.5644426, "_runtime": 2940.6032886505127, "_step": 100, "best_epoch": 94, "best_train_loss": 0.4630107283592224, "best_train_auc": 0.8402045362929048, "best_train_acc": 0.7866434319102045, "best_valid_auc": 0.8094114474482574, "best_valid_acc": 0.7380206000895656, "_wandb": {"runtime": 2940}}