{"epoch": 22, "train_loss_epoch": 0.5018894076347351, "train_auc_epoch": 0.8108423392557855, "train_acc_epoch": 0.7655581554751945, "valid_auc_epoch": 0.7741313608973557, "valid_acc_epoch": 0.7017465293327362, "_timestamp": 1670079788.528748, "_runtime": 307.5897240638733, "_step": 22, "best_epoch": 12, "best_train_loss": 0.5085334181785583, "best_train_auc": 0.8058925388736202, "best_train_acc": 0.7612091989883949, "best_valid_auc": 0.7912665774190752, "best_valid_acc": 0.6368114643976713, "_wandb": {"runtime": 307}}