{"epoch": 22, "train_loss_epoch": 0.5523075461387634, "train_auc_epoch": 0.8231861517144013, "train_acc_epoch": 0.6451419986288781, "valid_auc_epoch": 0.7659907285235944, "valid_acc_epoch": 0.4890282131661442, "_timestamp": 1670531848.1518214, "_runtime": 199.33612728118896, "_step": 22, "best_epoch": 12, "best_train_loss": 0.5662740468978882, "best_train_auc": 0.8134847833971692, "best_train_acc": 0.6451419986288781, "best_valid_auc": 0.7776852128298228, "best_valid_acc": 0.4890282131661442, "_wandb": {"runtime": 198}}