{"epoch": 48, "train_loss_epoch": 0.39501386880874634, "train_auc_epoch": 0.8903957769678126, "train_acc_epoch": 0.810001952416813, "valid_auc_epoch": 0.7903965739197991, "valid_acc_epoch": 0.7111509180474698, "_timestamp": 1669973022.5040476, "_runtime": 235.1189637184143, "_step": 48, "best_epoch": 38, "best_train_loss": 0.4703564941883087, "best_train_auc": 0.8384061491071804, "best_train_acc": 0.7822218503333055, "best_valid_auc": 0.809573569871554, "best_valid_acc": 0.7407075682937752, "_wandb": {"runtime": 234}}