{"epoch": 17, "train_loss_epoch": 0.5579879283905029, "train_auc_epoch": 0.8152447681569019, "train_acc_epoch": 0.6470398165520117, "valid_auc_epoch": 0.7757297114220866, "valid_acc_epoch": 0.4890282131661442, "_timestamp": 1670539914.1237798, "_runtime": 348.5268256664276, "_step": 17, "best_epoch": 7, "best_train_loss": 0.5645774006843567, "best_train_auc": 0.8093901067473832, "best_train_acc": 0.6470398165520117, "best_valid_auc": 0.7798353414041407, "best_valid_acc": 0.4890282131661442, "_wandb": {"runtime": 348}}