{"epoch": 14, "train_loss_epoch": 0.41958799958229065, "train_auc_epoch": 0.8763267568356262, "train_acc_epoch": 0.8087461825585341, "valid_auc_epoch": 0.7957995845813549, "valid_acc_epoch": 0.735333631885356, "_timestamp": 1670081164.6693723, "_runtime": 227.00130033493042, "_step": 14, "best_epoch": 4, "best_train_loss": 0.47063758969306946, "best_train_auc": 0.838753451383863, "best_train_acc": 0.7841448931116389, "best_valid_auc": 0.8022989280657993, "best_valid_acc": 0.7218987908643081, "_wandb": {"runtime": 226}}