{"epoch": 16, "train_loss_epoch": 0.4518994987010956, "train_auc_epoch": 0.85013281948729, "train_acc_epoch": 0.7931595529786486, "valid_auc_epoch": 0.8021648961613905, "valid_acc_epoch": 0.7344379758172862, "_timestamp": 1669981769.0102808, "_runtime": 611.860869884491, "_step": 16, "best_epoch": 6, "best_train_loss": 0.46830496191978455, "best_train_auc": 0.8368543073306791, "best_train_acc": 0.7851553612917014, "best_valid_auc": 0.8052973903105367, "best_valid_acc": 0.7308553515450067, "_wandb": {"runtime": 611}}