{"epoch": 21, "train_loss_epoch": 0.429313600063324, "train_auc_epoch": 0.8650760017906183, "train_acc_epoch": 0.8022209267038285, "valid_auc_epoch": 0.8097308767773272, "valid_acc_epoch": 0.7366771159874608, "_timestamp": 1669924081.8594432, "_runtime": 836.0640730857849, "_step": 21, "best_epoch": 11, "best_train_loss": 0.443071573972702, "best_train_auc": 0.8550700727860324, "best_train_acc": 0.7951572457633886, "best_valid_auc": 0.8118633484540583, "best_valid_acc": 0.7321988356471115, "_wandb": {"runtime": 835}}