{"epoch": 27, "train_loss_epoch": 0.4535159170627594, "train_auc_epoch": 0.8525251463864867, "train_acc_epoch": 0.7931813667063965, "valid_auc_epoch": 0.8038888514348637, "valid_acc_epoch": 0.7317510076130765, "_timestamp": 1669815697.8291855, "_runtime": 552.0513105392456, "_step": 27, "best_epoch": 17, "best_train_loss": 0.4672812521457672, "best_train_auc": 0.8419390380415215, "best_train_acc": 0.7847884386174017, "best_valid_auc": 0.8085494698115206, "best_valid_acc": 0.7339901477832512, "_wandb": {"runtime": 551}}