{"epoch": 43, "train_loss_epoch": 0.44603994488716125, "train_auc_epoch": 0.8514979583890265, "train_acc_epoch": 0.7933410713143296, "valid_auc_epoch": 0.8151001788162173, "valid_acc_epoch": 0.7366771159874608, "_timestamp": 1670045615.4885306, "_runtime": 1590.1730227470398, "_step": 43, "best_epoch": 33, "best_train_loss": 0.45963144302368164, "best_train_auc": 0.8415412767457651, "best_train_acc": 0.7895071149821326, "best_valid_auc": 0.8224285939009865, "best_valid_acc": 0.7487684729064039, "_wandb": {"runtime": 1590}}