{"epoch": 41, "train_loss_epoch": 0.4580390155315399, "train_auc_epoch": 0.8439231515338325, "train_acc_epoch": 0.7902029120638585, "valid_auc_epoch": 0.8101875483558217, "valid_acc_epoch": 0.7304075235109718, "_timestamp": 1669797039.8711617, "_runtime": 1399.1985425949097, "_step": 41, "best_epoch": 31, "best_train_loss": 0.4594729542732239, "best_train_auc": 0.8427564697479804, "best_train_acc": 0.7894780230713688, "best_valid_auc": 0.8113697579078823, "best_valid_acc": 0.7398119122257053, "_wandb": {"runtime": 1398}}