{"epoch": 15, "train_loss_epoch": 0.4285292625427246, "train_auc_epoch": 0.8719006370818314, "train_acc_epoch": 0.80676859136114, "valid_auc_epoch": 0.7926173300844641, "valid_acc_epoch": 0.7210031347962382, "_timestamp": 1670010150.094619, "_runtime": 211.63334107398987, "_step": 15, "best_epoch": 5, "best_train_loss": 0.47067609429359436, "best_train_auc": 0.8405991540836988, "best_train_acc": 0.7848300430458661, "best_valid_auc": 0.8062869791616505, "best_valid_acc": 0.7411553963278101, "_wandb": {"runtime": 211}}