{"epoch": 57, "train_loss_epoch": 0.45618152618408203, "train_auc_epoch": 0.8451408988569103, "train_acc_epoch": 0.7931337377550615, "valid_auc_epoch": 0.8101121052479511, "valid_acc_epoch": 0.729064039408867, "_timestamp": 1669798611.7787766, "_runtime": 2681.9062576293945, "_step": 57, "best_epoch": 47, "best_train_loss": 0.4558401107788086, "best_train_auc": 0.8452342124981488, "best_train_acc": 0.7923690509355332, "best_valid_auc": 0.8115037898122912, "best_valid_acc": 0.7371249440214958, "_wandb": {"runtime": 2681}}