{"epoch": 18, "train_loss_epoch": 0.5598035454750061, "train_auc_epoch": 0.8175521085851726, "train_acc_epoch": 0.6401365955878073, "valid_auc_epoch": 0.7764279614630183, "valid_acc_epoch": 0.4890282131661442, "_timestamp": 1670480472.524855, "_runtime": 240.59918999671936, "_step": 18, "best_epoch": 8, "best_train_loss": 0.5653436779975891, "best_train_auc": 0.8076126112510347, "best_train_acc": 0.6401365955878073, "best_valid_auc": 0.7768898498521636, "best_valid_acc": 0.4890282131661442, "_wandb": {"runtime": 240}}