{"epoch": 16, "train_loss_epoch": 0.4650508165359497, "train_auc_epoch": 0.8445113124636268, "train_acc_epoch": 0.7875117558209125, "valid_auc_epoch": 0.7949327914270947, "valid_acc_epoch": 0.7192118226600985, "_timestamp": 1669821252.3275595, "_runtime": 70.67317843437195, "_step": 16, "best_epoch": 6, "best_train_loss": 0.4819837510585785, "best_train_auc": 0.8311629090134689, "best_train_acc": 0.7771096354983044, "best_valid_auc": 0.8013366271473195, "best_valid_acc": 0.716524854455889, "_wandb": {"runtime": 70}}