{"epoch": 29, "train_loss_epoch": 0.4743182361125946, "train_auc_epoch": 0.8308790842302269, "train_acc_epoch": 0.7815949138320532, "valid_auc_epoch": 0.8040678281694934, "valid_acc_epoch": 0.7304075235109718, "_timestamp": 1669791193.1774504, "_runtime": 348.8123643398285, "_step": 29, "best_epoch": 19, "best_train_loss": 0.47481104731559753, "best_train_auc": 0.8309034647426079, "best_train_acc": 0.7811592332020912, "best_valid_auc": 0.8072685421502249, "best_valid_acc": 0.7371249440214958, "_wandb": {"runtime": 348}}