{"epoch": 23, "train_loss_epoch": 0.5643435716629028, "train_auc_epoch": 0.8103655953432132, "train_acc_epoch": 0.6440296105568072, "valid_auc_epoch": 0.7755531424462186, "valid_acc_epoch": 0.4890282131661442, "_timestamp": 1670553267.5405176, "_runtime": 255.30839157104492, "_step": 23, "best_epoch": 13, "best_train_loss": 0.568169116973877, "best_train_auc": 0.8069687710898309, "best_train_acc": 0.6440296105568072, "best_valid_auc": 0.7772301464238361, "best_valid_acc": 0.4890282131661442, "_wandb": {"runtime": 254}}