{"epoch": 17, "train_loss_epoch": 0.558684229850769, "train_auc_epoch": 0.8120469348605378, "train_acc_epoch": 0.6451419986288781, "valid_auc_epoch": 0.7631824792210419, "valid_acc_epoch": 0.4890282131661442, "_timestamp": 1670455545.6096156, "_runtime": 117.08427047729492, "_step": 17, "best_epoch": 7, "best_train_loss": 0.5670475363731384, "best_train_auc": 0.8014400449986803, "best_train_acc": 0.6451419986288781, "best_valid_auc": 0.7731706651513839, "best_valid_acc": 0.4890282131661442, "_wandb": {"runtime": 116}}