{"epoch": 58, "train_loss_epoch": 0.45618975162506104, "train_auc_epoch": 0.8483968366025467, "train_acc_epoch": 0.7913363103374951, "valid_auc_epoch": 0.8068279222968093, "valid_acc_epoch": 0.7277205553067622, "_timestamp": 1670029753.4705322, "_runtime": 1206.1780791282654, "_step": 58, "best_epoch": 48, "best_train_loss": 0.4612031579017639, "best_train_auc": 0.8445522752809721, "best_train_acc": 0.7887542148910963, "best_valid_auc": 0.8071489567983872, "best_valid_acc": 0.7277205553067622, "_wandb": {"runtime": 1205}}