{"epoch": 57, "train_loss_epoch": 0.4735790193080902, "train_auc_epoch": 0.8340350270101398, "train_acc_epoch": 0.7829976609253015, "valid_auc_epoch": 0.8064495028780744, "valid_acc_epoch": 0.7330944917151814, "_timestamp": 1669745175.4503803, "_runtime": 420.4745533466339, "_step": 57, "best_epoch": 47, "best_train_loss": 0.4758685827255249, "best_train_auc": 0.8319436964666688, "best_train_acc": 0.7811598165193353, "best_valid_auc": 0.8107902906325344, "best_valid_acc": 0.7357814599193909, "_wandb": {"runtime": 420}}