{"epoch": 34, "train_loss_epoch": 0.47523850202560425, "train_auc_epoch": 0.8318002820051323, "train_acc_epoch": 0.7813206528873784, "valid_auc_epoch": 0.8075799456167554, "valid_acc_epoch": 0.729064039408867, "_timestamp": 1669861160.7024822, "_runtime": 357.2663333415985, "_step": 34, "best_epoch": 24, "best_train_loss": 0.4752167761325836, "best_train_auc": 0.8317436464812009, "best_train_acc": 0.7811018568490453, "best_valid_auc": 0.8094836802111123, "best_valid_acc": 0.7308553515450067, "_wandb": {"runtime": 354}}