{"epoch": 31, "train_loss_epoch": 0.6510910391807556, "train_auc_epoch": 0.5024844301579484, "train_acc_epoch": 0.6465419172103174, "valid_auc_epoch": 0.4986331956095321, "valid_acc_epoch": 0.4890282131661442, "_timestamp": 1669723544.593601, "_runtime": 310.7256350517273, "_step": 31, "best_epoch": 6, "best_train_loss": 0.6508944034576416, "best_train_auc": 0.49797649531105204, "best_train_acc": 0.6467624730109349, "best_valid_auc": 0.504514146385312, "best_valid_acc": 0.4890282131661442, "_wandb": {"runtime": 310}}