{"epoch": 26, "train_loss_epoch": 0.4502018988132477, "train_auc_epoch": 0.8539130160667255, "train_acc_epoch": 0.7930936680138978, "valid_auc_epoch": 0.806425023997329, "valid_acc_epoch": 0.735333631885356, "_timestamp": 1670069065.147086, "_runtime": 376.0559480190277, "_step": 26, "best_epoch": 16, "best_train_loss": 0.4646223485469818, "best_train_auc": 0.8430852595051257, "best_train_acc": 0.785506629795079, "best_valid_auc": 0.8089644069048101, "best_valid_acc": 0.7380206000895656, "_wandb": {"runtime": 375}}