{"epoch": 39, "train_loss_epoch": 0.4799892008304596, "train_auc_epoch": 0.8310197713138798, "train_acc_epoch": 0.7790952114396213, "valid_auc_epoch": 0.8059314334511529, "valid_acc_epoch": 0.7313031795790417, "_timestamp": 1670047135.8529608, "_runtime": 570.839519739151, "_step": 39, "best_epoch": 29, "best_train_loss": 0.4786570966243744, "best_train_auc": 0.8319184709606096, "best_train_acc": 0.7787898834664903, "best_valid_auc": 0.8079154266709043, "best_valid_acc": 0.7299596954769368, "_wandb": {"runtime": 570}}