{"epoch": 35, "train_loss_epoch": 0.45953336358070374, "train_auc_epoch": 0.8419393426513657, "train_acc_epoch": 0.7872858045888644, "valid_auc_epoch": 0.8120664027763065, "valid_acc_epoch": 0.7402597402597403, "_timestamp": 1669981523.9002347, "_runtime": 3131.4915297031403, "_step": 35, "best_epoch": 25, "best_train_loss": 0.4635150134563446, "best_train_auc": 0.8389192314733976, "best_train_acc": 0.7854065228161892, "best_valid_auc": 0.8121932114044296, "best_valid_acc": 0.7389162561576355, "_wandb": {"runtime": 3132}}