{"epoch": 100, "train_loss_epoch": 0.5089204907417297, "train_auc_epoch": 0.8075575531260417, "train_acc_epoch": 0.7652508922451488, "valid_auc_epoch": 0.7671203686760217, "valid_acc_epoch": 0.6927899686520376, "_timestamp": 1669798437.4663506, "_runtime": 469.68500447273254, "_step": 100, "best_epoch": 100, "best_train_loss": 0.5089204907417297, "best_train_auc": 0.8075575531260417, "best_train_acc": 0.7652508922451488, "best_valid_auc": 0.7671203686760217, "best_valid_acc": 0.6927899686520376, "_wandb": {"runtime": 468}}