{"epoch": 21, "train_loss_epoch": 0.648583710193634, "train_auc_epoch": 0.500305060609393, "train_acc_epoch": 0.6493675030746379, "valid_auc_epoch": 0.5, "valid_acc_epoch": 0.4890282131661442, "_timestamp": 1669820248.919978, "_runtime": 2039.7600288391113, "_step": 21, "best_epoch": 11, "best_train_loss": 0.5252508521080017, "best_train_auc": 0.7837453221780889, "best_train_acc": 0.7515413119519558, "best_valid_auc": 0.7842190675231867, "best_valid_acc": 0.6798029556650246, "_wandb": {"runtime": 2040}}