{"epoch": 55, "train_loss_epoch": 0.48458895087242126, "train_auc_epoch": 0.8269235764256352, "train_acc_epoch": 0.7765835561132631, "valid_auc_epoch": 0.8036135643497608, "valid_acc_epoch": 0.7326466636811464, "_timestamp": 1670059199.7744339, "_runtime": 708.6288747787476, "_step": 55, "best_epoch": 45, "best_train_loss": 0.48389360308647156, "best_train_auc": 0.8275224817847517, "best_train_acc": 0.7758742975612417, "best_valid_auc": 0.8086770810258979, "best_valid_acc": 0.7304075235109718, "_wandb": {"runtime": 708}}