{"epoch": 13, "train_loss_epoch": 0.42026224732398987, "train_auc_epoch": 0.8765707077888927, "train_acc_epoch": 0.8067543237492498, "valid_auc_epoch": 0.7927746369902374, "valid_acc_epoch": 0.7187639946260636, "_timestamp": 1670051699.5693686, "_runtime": 145.18684649467468, "_step": 13, "best_epoch": 3, "best_train_loss": 0.4806135892868042, "best_train_auc": 0.8307863235552551, "best_train_acc": 0.7775110480659065, "best_valid_auc": 0.7971712044893464, "best_valid_acc": 0.7263770712046574, "_wandb": {"runtime": 144}}