{"epoch": 37, "train_loss_epoch": 0.4563758373260498, "train_auc_epoch": 0.8473135684574117, "train_acc_epoch": 0.792566769257698, "valid_auc_epoch": 0.8072316231825434, "valid_acc_epoch": 0.7304075235109718, "_timestamp": 1669895226.6273127, "_runtime": 464.60115456581116, "_step": 37, "best_epoch": 27, "best_train_loss": 0.46409744024276733, "best_train_auc": 0.8410571729833436, "best_train_acc": 0.7882637805038143, "best_valid_auc": 0.8083801241119384, "best_valid_acc": 0.7344379758172862, "_wandb": {"runtime": 464}}