{"epoch": 15, "train_loss_epoch": 0.487177312374115, "train_auc_epoch": 0.8196267224377729, "train_acc_epoch": 0.7761912083781798, "valid_auc_epoch": 0.8061031869094971, "valid_acc_epoch": 0.7335423197492164, "_timestamp": 1669953079.335638, "_runtime": 1523.0166380405426, "_step": 15, "best_epoch": 5, "best_train_loss": 0.4724080562591553, "best_train_auc": 0.8329785339787779, "best_train_acc": 0.7835135735397126, "best_valid_auc": 0.8123489131376949, "best_valid_acc": 0.7362292879534259, "_wandb": {"runtime": 1523}}