{"epoch": 14, "train_loss_epoch": 0.462464302778244, "train_auc_epoch": 0.8398936609418097, "train_acc_epoch": 0.787656397086376, "valid_auc_epoch": 0.8037154928040117, "valid_acc_epoch": 0.7317510076130765, "_timestamp": 1669736868.5115905, "_runtime": 315.298766374588, "_step": 14, "best_epoch": 4, "best_train_loss": 0.46941015124320984, "best_train_auc": 0.8349624461323595, "best_train_acc": 0.7843388138954641, "best_valid_auc": 0.805916986898582, "best_valid_acc": 0.7250335871025526, "_wandb": {"runtime": 314}}