{"epoch": 64, "train_loss_epoch": 0.5661433935165405, "train_auc_epoch": 0.8125402243376734, "train_acc_epoch": 0.6413191387176819, "valid_auc_epoch": 0.7613786666153012, "valid_acc_epoch": 0.4890282131661442, "_timestamp": 1670429831.8620205, "_runtime": 530.6741116046906, "_step": 64, "best_epoch": 54, "best_train_loss": 0.568294882774353, "best_train_auc": 0.8094316791313254, "best_train_acc": 0.6413191387176819, "best_valid_auc": 0.7626563839315812, "best_valid_acc": 0.4890282131661442, "_wandb": {"runtime": 530}}