{"epoch": 49, "train_loss_epoch": 0.4557967782020569, "train_auc_epoch": 0.8481053615471702, "train_acc_epoch": 0.7914526804830607, "valid_auc_epoch": 0.8081778723759442, "valid_acc_epoch": 0.735333631885356, "_timestamp": 1669870434.1466446, "_runtime": 457.9004726409912, "_step": 49, "best_epoch": 39, "best_train_loss": 0.4603169560432434, "best_train_auc": 0.8448343110532127, "best_train_acc": 0.7896195127412154, "best_valid_auc": 0.8089010025907485, "best_valid_acc": 0.7366771159874608, "_wandb": {"runtime": 457}}