{"epoch": 11, "train_loss_epoch": 0.6475131511688232, "train_auc_epoch": 0.49908894096518197, "train_acc_epoch": 0.6501230889936267, "valid_auc_epoch": 0.5, "valid_acc_epoch": 0.4890282131661442, "_timestamp": 1669800679.9811172, "_runtime": 1041.632669210434, "_step": 11, "best_epoch": 1, "best_train_loss": 0.6504254341125488, "best_train_auc": 0.5003257051512361, "best_train_acc": 0.6491992108659439, "best_valid_auc": 0.5, "best_valid_acc": 0.4890282131661442, "_wandb": {"runtime": 1041}}