{"epoch": 80, "train_loss_epoch": 0.46974003314971924, "train_auc_epoch": 0.834525779715628, "train_acc_epoch": 0.7845544633263024, "valid_auc_epoch": 0.8139139563328871, "valid_acc_epoch": 0.7335423197492164, "_timestamp": 1669965721.3794508, "_runtime": 14919.741517782211, "_step": 80, "best_epoch": 70, "best_train_loss": 0.47085678577423096, "best_train_auc": 0.8340127479082804, "best_train_acc": 0.7837243943623535, "best_valid_auc": 0.8145479994735033, "best_valid_acc": 0.735333631885356, "_wandb": {"runtime": 14922}}