{"epoch": 25, "train_loss_epoch": 0.47262364625930786, "train_auc_epoch": 0.8321435389185599, "train_acc_epoch": 0.7823723369723062, "valid_auc_epoch": 0.8047187256214425, "valid_acc_epoch": 0.7308553515450067, "_timestamp": 1669768676.0806699, "_runtime": 687.977728843689, "_step": 25, "best_epoch": 15, "best_train_loss": 0.4730232059955597, "best_train_auc": 0.8319942432603677, "best_train_acc": 0.7826217689166795, "best_valid_auc": 0.8104211009557196, "best_valid_acc": 0.7317510076130765, "_wandb": {"runtime": 687}}