{"epoch": 15, "train_loss_epoch": 0.5481694340705872, "train_auc_epoch": 0.8316010090707852, "train_acc_epoch": 0.6364180478821363, "valid_auc_epoch": 0.7600287165361661, "valid_acc_epoch": 0.4890282131661442, "_timestamp": 1670500304.4014833, "_runtime": 337.5336403846741, "_step": 15, "best_epoch": 5, "best_train_loss": 0.5678770542144775, "best_train_auc": 0.8138626614394028, "best_train_acc": 0.6364180478821363, "best_valid_auc": 0.7719643780117049, "best_valid_acc": 0.4890282131661442, "_wandb": {"runtime": 333}}