{"epoch": 37, "train_loss_epoch": 0.45358148217201233, "train_auc_epoch": 0.8464855758464723, "train_acc_epoch": 0.7909281943519041, "valid_auc_epoch": 0.8146651770665793, "valid_acc_epoch": 0.7402597402597403, "_timestamp": 1669983161.861021, "_runtime": 1037.983423948288, "_step": 37, "best_epoch": 27, "best_train_loss": 0.4569416642189026, "best_train_auc": 0.8439419025758408, "best_train_acc": 0.7895990296072302, "best_valid_auc": 0.8148345227661618, "best_valid_acc": 0.7393640841916704, "_wandb": {"runtime": 1037}}