{"epoch": 41, "train_loss_epoch": 0.5623026490211487, "train_auc_epoch": 0.809736355576637, "train_acc_epoch": 0.6451419986288781, "valid_auc_epoch": 0.7795062810400233, "valid_acc_epoch": 0.4890282131661442, "_timestamp": 1670418515.7970958, "_runtime": 477.5058808326721, "_step": 41, "best_epoch": 31, "best_train_loss": 0.5645734667778015, "best_train_auc": 0.8081719228336208, "best_train_acc": 0.6451419986288781, "best_valid_auc": 0.7812659514017971, "best_valid_acc": 0.4890282131661442, "_wandb": {"runtime": 476}}