{"epoch": 28, "train_loss_epoch": 0.4678882956504822, "train_auc_epoch": 0.8368161556831892, "train_acc_epoch": 0.7852243035112273, "valid_auc_epoch": 0.8122389588209045, "valid_acc_epoch": 0.7245857590685177, "_timestamp": 1670038610.381782, "_runtime": 376.25303316116333, "_step": 28, "best_epoch": 18, "best_train_loss": 0.46939703822135925, "best_train_auc": 0.8360104615362237, "best_train_acc": 0.7838040937889954, "best_valid_auc": 0.8126884071231135, "best_valid_acc": 0.7335423197492164, "_wandb": {"runtime": 375}}