{"epoch": 16, "train_loss_epoch": 0.4835304915904999, "train_auc_epoch": 0.825635759064568, "train_acc_epoch": 0.7794729878009423, "valid_auc_epoch": 0.7951486871294057, "valid_acc_epoch": 0.7156291983878191, "_timestamp": 1669975031.1256099, "_runtime": 188.24011778831482, "_step": 16, "best_epoch": 6, "best_train_loss": 0.48487526178359985, "best_train_auc": 0.8247770013057708, "best_train_acc": 0.7777867423997935, "best_valid_auc": 0.7960210983874438, "best_valid_acc": 0.7304075235109718, "_wandb": {"runtime": 187}}