{"epoch": 30, "train_loss_epoch": 0.4442402422428131, "train_auc_epoch": 0.8556874010787666, "train_acc_epoch": 0.7970064024917806, "valid_auc_epoch": 0.8040060290279396, "valid_acc_epoch": 0.7272727272727273, "_timestamp": 1669964553.6308448, "_runtime": 343.269238948822, "_step": 30, "best_epoch": 20, "best_train_loss": 0.4499160945415497, "best_train_auc": 0.8514849897388159, "best_train_acc": 0.7948347464959336, "best_valid_auc": 0.8072677395639709, "best_valid_acc": 0.74205105239588, "_wandb": {"runtime": 342}}