{"epoch": 14, "train_loss_epoch": 0.4595095217227936, "train_auc_epoch": 0.8436330304646474, "train_acc_epoch": 0.7852636777944907, "valid_auc_epoch": 0.8022084164385527, "valid_acc_epoch": 0.727363184079602, "_timestamp": 1669713708.8307593, "_runtime": 115.96318817138672, "_step": 14, "best_epoch": 9, "best_train_loss": 0.47279953956604004, "best_train_auc": 0.8330560264761429, "best_train_acc": 0.7791796690838066, "best_valid_auc": 0.8029761543202931, "best_valid_acc": 0.7343283582089553, "_wandb": {"runtime": 115}}