{"epoch": 11, "train_loss_epoch": 0.6479582786560059, "train_auc_epoch": 0.5000042818045933, "train_acc_epoch": 0.6496382975067443, "valid_auc_epoch": 0.5, "valid_acc_epoch": 0.4890282131661442, "_timestamp": 1670418000.528311, "_runtime": 185.5649790763855, "_step": 11, "best_epoch": 1, "best_train_loss": 0.6479395031929016, "best_train_auc": 0.5002096366887722, "best_train_acc": 0.6496382975067443, "best_valid_auc": 0.5, "best_valid_acc": 0.4890282131661442, "_wandb": {"runtime": 185}}