{"epoch": 43, "train_loss_epoch": 0.42841923236846924, "train_auc_epoch": 0.8661864474822091, "train_acc_epoch": 0.8038340103669752, "valid_auc_epoch": 0.812360951931504, "valid_acc_epoch": 0.7402597402597403, "_timestamp": 1669794635.6699584, "_runtime": 1288.8657233715057, "_step": 43, "best_epoch": 33, "best_train_loss": 0.4363526403903961, "best_train_auc": 0.8603854910322546, "best_train_acc": 0.8005980190618576, "best_valid_auc": 0.8156122288462341, "best_valid_acc": 0.7398119122257053, "_wandb": {"runtime": 1288}}