{"epoch": 19, "train_loss_epoch": 0.6780425310134888, "train_auc_epoch": 0.5943858503957036, "train_acc_epoch": 0.534556313993174, "valid_auc_epoch": 0.569376381710688, "valid_acc_epoch": 0.5313432835820896, "_timestamp": 1668601001.749892, "_runtime": 59.910902976989746, "_step": 19, "_wandb": {"runtime": 59}}