{"epoch": 17, "train_loss_epoch": 0.6532267332077026, "train_auc_epoch": 0.4971933286951048, "train_acc_epoch": 0.6414805461289559, "valid_auc_epoch": 0.47195241947652117, "valid_acc_epoch": 0.4890282131661442, "_timestamp": 1669731031.2536256, "_runtime": 250.5935935974121, "_step": 17, "best_epoch": 7, "best_train_loss": 0.6573152542114258, "best_train_auc": 0.5008427233455324, "best_train_acc": 0.6414805461289559, "best_valid_auc": 0.6138340187419942, "best_valid_acc": 0.4890282131661442, "_wandb": {"runtime": 250}}