{"epoch": 63, "train_loss_epoch": 0.4542168378829956, "train_auc_epoch": 0.8466365731984767, "train_acc_epoch": 0.7907649060039291, "valid_auc_epoch": 0.8195778075269748, "valid_acc_epoch": 0.7380206000895656, "_timestamp": 1669784136.4781826, "_runtime": 1647.0662145614624, "_step": 63, "best_epoch": 53, "best_train_loss": 0.4577421247959137, "best_train_auc": 0.8439453283211827, "best_train_acc": 0.789806577329138, "best_valid_auc": 0.8228515568568153, "best_valid_acc": 0.742498880429915, "_wandb": {"runtime": 1646}}