{"epoch": 64, "train_loss_epoch": 0.5754111409187317, "train_auc_epoch": 0.7956244906174436, "train_acc_epoch": 0.6480011966642982, "valid_auc_epoch": 0.7603164437082053, "valid_acc_epoch": 0.4890282131661442, "_timestamp": 1670391671.3162704, "_runtime": 777.2704513072968, "_step": 64, "best_epoch": 54, "best_train_loss": 0.5753774046897888, "best_train_auc": 0.795886765757206, "best_train_acc": 0.6480011966642982, "best_valid_auc": 0.7679586700182669, "best_valid_acc": 0.4890282131661442, "_wandb": {"runtime": 776}}