{"epoch": 25, "train_loss_epoch": 0.4536385238170624, "train_auc_epoch": 0.8452150958346839, "train_acc_epoch": 0.796163605225928, "valid_auc_epoch": 0.8113858096329613, "valid_acc_epoch": 0.7254814151365876, "_timestamp": 1669733208.2579594, "_runtime": 4049.9731492996216, "_step": 25, "best_epoch": 15, "best_train_loss": 0.46889936923980713, "best_train_auc": 0.8350713642578791, "best_train_acc": 0.7835856372894364, "best_valid_auc": 0.8158233090310215, "best_valid_acc": 0.7380206000895656, "_wandb": {"runtime": 4051}}