{"epoch": 34, "train_loss_epoch": 0.43370330333709717, "train_auc_epoch": 0.8676207943694407, "train_acc_epoch": 0.8028616852146264, "valid_auc_epoch": 0.8039578738527029, "valid_acc_epoch": 0.729511867442902, "_timestamp": 1669972748.2065647, "_runtime": 499.8809175491333, "_step": 34, "best_epoch": 24, "best_train_loss": 0.4376997649669647, "best_train_auc": 0.8646764941278842, "best_train_acc": 0.800323543357599, "best_valid_auc": 0.8073616421556825, "best_valid_acc": 0.7357814599193909, "_wandb": {"runtime": 499}}