{"loss": 0.5064960718154907, "acc": 0.7453230262201328, "auc": 0.7924730138852938, "_timestamp": 1669080772.353869, "_runtime": 327.8330819606781, "_step": 767, "_wandb": {"runtime": 327}}