{"epoch": 41, "train_loss_epoch": 0.4450746774673462, "train_auc_epoch": 0.8532750057250658, "train_acc_epoch": 0.7959046583254887, "valid_auc_epoch": 0.8121972243356994, "valid_acc_epoch": 0.7362292879534259, "_timestamp": 1669784695.7180114, "_runtime": 801.8026394844055, "_step": 41, "best_epoch": 31, "best_train_loss": 0.4468059837818146, "best_train_auc": 0.8520016316260839, "best_train_acc": 0.795223776926803, "best_valid_auc": 0.8131539071504015, "best_valid_acc": 0.7313031795790417, "_wandb": {"runtime": 801}}