{"epoch": 15, "train_loss_epoch": 0.4354240894317627, "train_auc_epoch": 0.8636714408236761, "train_acc_epoch": 0.8011361267458829, "valid_auc_epoch": 0.7981110329927157, "valid_acc_epoch": 0.7236901030004478, "_timestamp": 1669740063.8093166, "_runtime": 141.14232468605042, "_step": 15, "best_epoch": 5, "best_train_loss": 0.4629572331905365, "best_train_auc": 0.8430374845643858, "best_train_acc": 0.7868980612883052, "best_valid_auc": 0.8005974452074365, "best_valid_acc": 0.7227944469323779, "_wandb": {"runtime": 140}}