{"epoch": 42, "train_loss_epoch": 0.44121766090393066, "train_auc_epoch": 0.86008582674283, "train_acc_epoch": 0.8001002460585073, "valid_auc_epoch": 0.8000942236262131, "valid_acc_epoch": 0.7299596954769368, "_timestamp": 1669791593.039313, "_runtime": 364.00317096710205, "_step": 42, "best_epoch": 32, "best_train_loss": 0.45697498321533203, "best_train_auc": 0.8480063534079746, "best_train_acc": 0.7911084783863422, "best_valid_auc": 0.803740372977884, "best_valid_acc": 0.7335423197492164, "_wandb": {"runtime": 363}}