{"epoch": 38, "train_loss_epoch": 0.44975993037223816, "train_auc_epoch": 0.8508353682524804, "train_acc_epoch": 0.7958995594046282, "valid_auc_epoch": 0.8037949488431522, "valid_acc_epoch": 0.7272727272727273, "_timestamp": 1669842587.1710289, "_runtime": 534.5769457817078, "_step": 38, "best_epoch": 28, "best_train_loss": 0.45669496059417725, "best_train_auc": 0.8455446451328388, "best_train_acc": 0.7920238350734116, "best_valid_auc": 0.8051497144398108, "best_valid_acc": 0.7304075235109718, "_wandb": {"runtime": 534}}