{"epoch": 23, "train_loss_epoch": 0.4807516634464264, "train_auc_epoch": 0.8260586105470389, "train_acc_epoch": 0.775324479530721, "valid_auc_epoch": 0.8117429043992078, "valid_acc_epoch": 0.744776119402985, "_timestamp": 1669719595.4776738, "_runtime": 203.60870575904846, "_step": 23, "best_epoch": 18, "best_train_loss": 0.4846266508102417, "best_train_auc": 0.8253977659301527, "best_train_acc": 0.7749407233803435, "best_valid_auc": 0.8169716873006595, "best_valid_acc": 0.7442786069651741, "_wandb": {"runtime": 203}}