{"epoch": 26, "train_loss_epoch": 0.4578148126602173, "train_auc_epoch": 0.8424247148513815, "train_acc_epoch": 0.7881447958655743, "valid_auc_epoch": 0.8204341670599339, "valid_acc_epoch": 0.7447380206000895, "_timestamp": 1669884881.4211395, "_runtime": 5573.216796398163, "_step": 26, "best_epoch": 16, "best_train_loss": 0.4648054540157318, "best_train_auc": 0.8375196920222289, "best_train_acc": 0.7867007032844578, "best_valid_auc": 0.8218587576606858, "best_valid_acc": 0.7402597402597403, "_wandb": {"runtime": 5575}}