{"epoch": 72, "train_loss_epoch": 0.5612943768501282, "train_auc_epoch": 0.8147375437144647, "train_acc_epoch": 0.6451419986288781, "valid_auc_epoch": 0.7678406898389369, "valid_acc_epoch": 0.4890282131661442, "_timestamp": 1670428477.4736946, "_runtime": 527.3283414840698, "_step": 72, "best_epoch": 62, "best_train_loss": 0.5636669993400574, "best_train_auc": 0.8117566062392578, "best_train_acc": 0.6451419986288781, "best_valid_auc": 0.7691448925015971, "best_valid_acc": 0.4890282131661442, "_wandb": {"runtime": 526}}