{"epoch": 24, "train_loss_epoch": 0.4149520993232727, "train_auc_epoch": 0.8757687163345328, "train_acc_epoch": 0.8104493062832182, "valid_auc_epoch": 0.8041071548959366, "valid_acc_epoch": 0.7174205105239588, "_timestamp": 1670110116.2159965, "_runtime": 1144.556622505188, "_step": 24, "best_epoch": 14, "best_train_loss": 0.4295205771923065, "best_train_auc": 0.8653097248462369, "best_train_acc": 0.8033101463180619, "best_valid_auc": 0.8098119379889757, "best_valid_acc": 0.7321988356471115, "_wandb": {"runtime": 1144}}