{"epoch": 20, "train_loss_epoch": 0.46471330523490906, "train_auc_epoch": 0.8379457532578104, "train_acc_epoch": 0.787002029689179, "valid_auc_epoch": 0.8082131861711177, "valid_acc_epoch": 0.7335423197492164, "_timestamp": 1669987656.5816345, "_runtime": 612.1483345031738, "_step": 20, "best_epoch": 10, "best_train_loss": 0.46588605642318726, "best_train_auc": 0.837627631102335, "best_train_acc": 0.7864420174087067, "best_valid_auc": 0.8098962095456399, "best_valid_acc": 0.7348858038513211, "_wandb": {"runtime": 611}}