{"epoch": 10, "train_loss_epoch": 0.6350832581520081, "train_auc_epoch": 0.6889409949977529, "train_acc_epoch": 0.6186006825938567, "valid_auc_epoch": 0.7087817539307779, "valid_acc_epoch": 0.6318407960199005, "_timestamp": 1668601526.928174, "_runtime": 40.20944595336914, "_step": 10, "_wandb": {"runtime": 39}}