{"epoch": 13, "train_loss_epoch": 0.39819884300231934, "train_auc_epoch": 0.8917813049315994, "train_acc_epoch": 0.8163479172124706, "valid_auc_epoch": 0.7828755381340832, "valid_acc_epoch": 0.7107030900134348, "_timestamp": 1669800891.4627764, "_runtime": 122.8355164527893, "_step": 13, "best_epoch": 3, "best_train_loss": 0.4758198857307434, "best_train_auc": 0.8363808092552525, "best_train_acc": 0.7815329083340611, "best_valid_auc": 0.792460023178691, "best_valid_acc": 0.7178683385579937, "_wandb": {"runtime": 122}}