{"epoch": 100, "train_loss_epoch": 0.45686882734298706, "train_auc_epoch": 0.8447376249901405, "train_acc_epoch": 0.7888083182928972, "valid_auc_epoch": 0.8086826991296755, "valid_acc_epoch": 0.7339901477832512, "_timestamp": 1669818170.1365845, "_runtime": 3950.0613384246826, "_step": 100, "best_epoch": 96, "best_train_loss": 0.4572053551673889, "best_train_auc": 0.8444617766560704, "best_train_acc": 0.7892156079796835, "best_valid_auc": 0.8089531706972548, "best_valid_acc": 0.7389162561576355, "_wandb": {"runtime": 3949}}