{"epoch": 8, "train_loss_epoch": 0.5962090492248535, "train_auc_epoch": 0.7451260681169871, "train_acc_epoch": 0.6659556313993175, "valid_auc_epoch": 0.728182484495582, "valid_acc_epoch": 0.6482587064676617, "_timestamp": 1668396436.2969582, "_runtime": 24.161952257156372, "_step": 8, "_wandb": {"runtime": 23}}