{"epoch": 24, "train_loss_epoch": 0.4639199376106262, "train_auc_epoch": 0.8396152561641653, "train_acc_epoch": 0.7875944353048284, "valid_auc_epoch": 0.8148425486287011, "valid_acc_epoch": 0.7384684281236006, "_timestamp": 1670017362.0898292, "_runtime": 1184.835044145584, "_step": 24, "best_epoch": 14, "best_train_loss": 0.4645242691040039, "best_train_auc": 0.8391033945092279, "best_train_acc": 0.7871432222204475, "best_valid_auc": 0.8181187057173034, "best_valid_acc": 0.7393640841916704, "_wandb": {"runtime": 1184}}