{"epoch": 14, "train_loss_epoch": 0.5642845034599304, "train_auc_epoch": 0.8048637093612632, "train_acc_epoch": 0.6414805461289559, "valid_auc_epoch": 0.7766811774261381, "valid_acc_epoch": 0.4890282131661442, "_timestamp": 1670486872.6470885, "_runtime": 309.4320275783539, "_step": 14, "best_epoch": 4, "best_train_loss": 0.5685900449752808, "best_train_auc": 0.8012680271398918, "best_train_acc": 0.6414805461289559, "best_valid_auc": 0.7782197352749499, "best_valid_acc": 0.4890282131661442, "_wandb": {"runtime": 309}}