{"epoch": 20, "train_loss_epoch": 0.41966599225997925, "train_auc_epoch": 0.8713763871847235, "train_acc_epoch": 0.8087408720765512, "valid_auc_epoch": 0.8140704606524062, "valid_acc_epoch": 0.7384684281236006, "_timestamp": 1669949963.6160853, "_runtime": 1363.1456892490387, "_step": 20, "best_epoch": 10, "best_train_loss": 0.43511268496513367, "best_train_auc": 0.8600745147833571, "best_train_acc": 0.8007393732235393, "best_valid_auc": 0.8174003910200228, "best_valid_acc": 0.7362292879534259, "_wandb": {"runtime": 1363}}