{"epoch": 28, "train_loss_epoch": 0.4423287510871887, "train_auc_epoch": 0.857191321101823, "train_acc_epoch": 0.7983038620893755, "valid_auc_epoch": 0.8024225263489068, "valid_acc_epoch": 0.7218987908643081, "_timestamp": 1669922409.1048107, "_runtime": 665.3053157329559, "_step": 28, "best_epoch": 18, "best_train_loss": 0.45119258761405945, "best_train_auc": 0.850408012753435, "best_train_acc": 0.7934947469665582, "best_valid_auc": 0.806628880905831, "best_valid_acc": 0.7313031795790417, "_wandb": {"runtime": 665}}