{"epoch": 50, "train_loss_epoch": 0.4767300486564636, "train_auc_epoch": 0.8292875782688659, "train_acc_epoch": 0.7800801037848524, "valid_auc_epoch": 0.8082228172061652, "valid_acc_epoch": 0.728616211374832, "_timestamp": 1669772487.9953218, "_runtime": 1611.5438318252563, "_step": 50, "best_epoch": 40, "best_train_loss": 0.4761773943901062, "best_train_auc": 0.8296538872354438, "best_train_acc": 0.7799771426218031, "best_valid_auc": 0.8101787199070285, "best_valid_acc": 0.7308553515450067, "_wandb": {"runtime": 1611}}