{"epoch": 22, "train_loss_epoch": 0.4589247703552246, "train_auc_epoch": 0.8475015063577847, "train_acc_epoch": 0.7900615744745815, "valid_auc_epoch": 0.794261026732543, "valid_acc_epoch": 0.7187639946260636, "_timestamp": 1669795023.7021558, "_runtime": 201.03315687179565, "_step": 22, "best_epoch": 12, "best_train_loss": 0.4690563678741455, "best_train_auc": 0.8396549769676176, "best_train_acc": 0.7854053228843316, "best_valid_auc": 0.7995259925584203, "best_valid_acc": 0.7299596954769368, "_wandb": {"runtime": 200}}