{"epoch": 13, "train_loss_epoch": 0.384171724319458, "train_auc_epoch": 0.8997783791217495, "train_acc_epoch": 0.8219078391989055, "valid_auc_epoch": 0.7767935395016903, "valid_acc_epoch": 0.7075682937751904, "_timestamp": 1669763036.97538, "_runtime": 120.76831197738647, "_step": 13, "best_epoch": 3, "best_train_loss": 0.47273871302604675, "best_train_auc": 0.8373571174019044, "best_train_acc": 0.7827555089802929, "best_valid_auc": 0.7914150558760549, "best_valid_acc": 0.7174205105239588, "_wandb": {"runtime": 120}}