{"epoch": 19, "train_loss_epoch": 0.4723151922225952, "train_auc_epoch": 0.8362379674385135, "train_acc_epoch": 0.7792886545488182, "valid_auc_epoch": 0.8136637427570254, "valid_acc_epoch": 0.7368159203980099, "_timestamp": 1669719255.6767037, "_runtime": 165.70431780815125, "_step": 19, "best_epoch": 14, "best_train_loss": 0.4756931662559509, "best_train_auc": 0.8336368664952741, "best_train_acc": 0.7788030155866981, "best_valid_auc": 0.8141028768761533, "best_valid_acc": 0.7348258706467662, "_wandb": {"runtime": 165}}