{"epoch": 69, "train_loss_epoch": 0.4519217312335968, "train_auc_epoch": 0.8495402245284207, "train_acc_epoch": 0.792893607576206, "valid_auc_epoch": 0.8115527475737817, "valid_acc_epoch": 0.7335423197492164, "_timestamp": 1669967133.5117161, "_runtime": 693.0683941841125, "_step": 69, "best_epoch": 59, "best_train_loss": 0.45491284132003784, "best_train_auc": 0.8470810077265715, "best_train_acc": 0.7928381177863273, "best_valid_auc": 0.8129099209292022, "best_valid_acc": 0.7326466636811464, "_wandb": {"runtime": 692}}