{"loss": 0.6929155588150024, "acc": 0.786, "auc": 0.8395349451362021, "_timestamp": 1669021289.5690174, "_runtime": 16.912074327468872, "_step": 19, "_wandb": {"runtime": 16}}