{"epoch": 100, "train_loss_epoch": 0.4828827977180481, "train_auc_epoch": 0.8315385455461802, "train_acc_epoch": 0.7788195730855824, "valid_auc_epoch": 0.7887352203741337, "valid_acc_epoch": 0.7232422749664129, "_timestamp": 1669880340.1521978, "_runtime": 451.01161074638367, "_step": 100, "best_epoch": 99, "best_train_loss": 0.48341718316078186, "best_train_auc": 0.8305202055466812, "best_train_acc": 0.7777081136538516, "best_valid_auc": 0.7891878790213585, "best_valid_acc": 0.7187639946260636, "_wandb": {"runtime": 450}}