{"epoch": 23, "train_loss_epoch": 0.43238136172294617, "train_auc_epoch": 0.8658395938988929, "train_acc_epoch": 0.8029740208483273, "valid_auc_epoch": 0.7897705566417224, "valid_acc_epoch": 0.7214509628302732, "_timestamp": 1669734062.5028884, "_runtime": 200.84638452529907, "_step": 23, "best_epoch": 13, "best_train_loss": 0.4505994915962219, "best_train_auc": 0.852568548545111, "best_train_acc": 0.7932579574211223, "best_valid_auc": 0.7928215882860932, "best_valid_acc": 0.7241379310344828, "_wandb": {"runtime": 200}}