{"epoch": 22, "train_loss_epoch": 0.4575934112071991, "train_auc_epoch": 0.8436849634322956, "train_acc_epoch": 0.7900500572326722, "valid_auc_epoch": 0.8155889538448696, "valid_acc_epoch": 0.7384684281236006, "_timestamp": 1669743821.385986, "_runtime": 2227.7642061710358, "_step": 22, "best_epoch": 12, "best_train_loss": 0.4583398401737213, "best_train_auc": 0.8427248320377085, "best_train_acc": 0.7894418533135155, "best_valid_auc": 0.8199052627185843, "best_valid_acc": 0.7402597402597403, "_wandb": {"runtime": 2228}}