{"epoch": 30, "train_loss_epoch": 0.47611281275749207, "train_auc_epoch": 0.8297066406226477, "train_acc_epoch": 0.78062673465436, "valid_auc_epoch": 0.8026392246374718, "valid_acc_epoch": 0.729064039408867, "_timestamp": 1669761223.337513, "_runtime": 362.52852296829224, "_step": 30, "best_epoch": 20, "best_train_loss": 0.47665145993232727, "best_train_auc": 0.8300553180049013, "best_train_acc": 0.7806509391338023, "best_valid_auc": 0.8047403954502991, "best_valid_acc": 0.7308553515450067, "_wandb": {"runtime": 362}}