{"epoch": 72, "train_loss_epoch": 0.4487266540527344, "train_auc_epoch": 0.8527493433567657, "train_acc_epoch": 0.7958808079313406, "valid_auc_epoch": 0.8133994985441085, "valid_acc_epoch": 0.7339901477832512, "_timestamp": 1669997506.035674, "_runtime": 965.0300800800323, "_step": 72, "best_epoch": 62, "best_train_loss": 0.45412611961364746, "best_train_auc": 0.8482942389041553, "best_train_acc": 0.7937814442142646, "best_valid_auc": 0.8169156289226404, "best_valid_acc": 0.74205105239588, "_wandb": {"runtime": 964}}