{"epoch": 28, "train_loss_epoch": 0.6086233258247375, "train_auc_epoch": 0.7389983229319218, "train_acc_epoch": 0.6371368339431535, "valid_auc_epoch": 0.7210739888215787, "valid_acc_epoch": 0.4890282131661442, "_timestamp": 1670387577.3970804, "_runtime": 124.11774253845215, "_step": 28, "best_epoch": 18, "best_train_loss": 0.6059643626213074, "best_train_auc": 0.7536772603308194, "best_train_acc": 0.6371368339431535, "best_valid_auc": 0.7306648945562179, "best_valid_acc": 0.4890282131661442, "_wandb": {"runtime": 123}}