{"epoch": 18, "train_loss_epoch": 0.4608219265937805, "train_auc_epoch": 0.8424583790310071, "train_acc_epoch": 0.7892216666380283, "valid_auc_epoch": 0.7981511623054129, "valid_acc_epoch": 0.7192118226600985, "_timestamp": 1669977948.8479118, "_runtime": 832.2787919044495, "_step": 18, "best_epoch": 8, "best_train_loss": 0.47102901339530945, "best_train_auc": 0.8343319417043209, "best_train_acc": 0.7840266680413079, "best_valid_auc": 0.7996776813604158, "best_valid_acc": 0.7259292431706225, "_wandb": {"runtime": 832}}