{"epoch": 17, "train_loss_epoch": 0.4381004571914673, "train_auc_epoch": 0.8635023723970825, "train_acc_epoch": 0.800481189002503, "valid_auc_epoch": 0.7910434584404786, "valid_acc_epoch": 0.7169726824899239, "_timestamp": 1669881074.9812982, "_runtime": 150.76314210891724, "_step": 17, "best_epoch": 7, "best_train_loss": 0.4635901153087616, "best_train_auc": 0.8443396485581993, "best_train_acc": 0.7855410465860805, "best_valid_auc": 0.7996945356717486, "best_valid_acc": 0.7277205553067622, "_wandb": {"runtime": 150}}