{"epoch": 61, "train_loss_epoch": 0.44802674651145935, "train_auc_epoch": 0.8513067004055431, "train_acc_epoch": 0.7949861538883355, "valid_auc_epoch": 0.8121972243356993, "valid_acc_epoch": 0.7335423197492164, "_timestamp": 1669832262.1270037, "_runtime": 1901.1077637672424, "_step": 61, "best_epoch": 51, "best_train_loss": 0.4520665407180786, "best_train_auc": 0.8480882906509006, "best_train_acc": 0.7931217269711288, "best_valid_auc": 0.8144420580879828, "best_valid_acc": 0.7375727720555306, "_wandb": {"runtime": 1900}}