{"epoch": 36, "train_loss_epoch": 0.4389866888523102, "train_auc_epoch": 0.8589488677326738, "train_acc_epoch": 0.7994166261545941, "valid_auc_epoch": 0.8146025753387716, "valid_acc_epoch": 0.7366771159874608, "_timestamp": 1669808987.6836185, "_runtime": 959.0463366508484, "_step": 36, "best_epoch": 26, "best_train_loss": 0.44618529081344604, "best_train_auc": 0.8534522790251755, "best_train_acc": 0.7964773194719719, "best_valid_auc": 0.8194261187249794, "best_valid_acc": 0.7407075682937752, "_wandb": {"runtime": 958}}