{"epoch": 11, "train_loss_epoch": 0.4763627052307129, "train_auc_epoch": 0.8297884079634372, "train_acc_epoch": 0.7802076894548152, "valid_auc_epoch": 0.8147501267116024, "valid_acc_epoch": 0.7427860696517413, "_timestamp": 1669703260.8058257, "_runtime": 142.14582777023315, "_step": 0, "_wandb": {"runtime": 141}}