{"epoch": 66, "train_loss_epoch": 0.45177099108695984, "train_auc_epoch": 0.8502029756562755, "train_acc_epoch": 0.7945578819865029, "valid_auc_epoch": 0.8145086727470602, "valid_acc_epoch": 0.7375727720555306, "_timestamp": 1669986621.0353794, "_runtime": 738.9710383415222, "_step": 66, "best_epoch": 56, "best_train_loss": 0.4555710554122925, "best_train_auc": 0.8471585723441601, "best_train_acc": 0.7922997058314587, "best_valid_auc": 0.8167727685694381, "best_valid_acc": 0.7380206000895656, "_wandb": {"runtime": 738}}