{"epoch": 43, "train_loss_epoch": 0.443267822265625, "train_auc_epoch": 0.8593438698463, "train_acc_epoch": 0.7978728817871864, "valid_auc_epoch": 0.8073134869804457, "valid_acc_epoch": 0.7277205553067622, "_timestamp": 1670068101.5100725, "_runtime": 380.70668053627014, "_step": 43, "best_epoch": 33, "best_train_loss": 0.44984108209609985, "best_train_auc": 0.8543140286059006, "best_train_acc": 0.7943616100961783, "best_valid_auc": 0.8083279560054318, "best_valid_acc": 0.729064039408867, "_wandb": {"runtime": 380}}