{"epoch": 29, "train_loss_epoch": 0.4426170289516449, "train_auc_epoch": 0.8551068626621317, "train_acc_epoch": 0.7985405891483525, "valid_auc_epoch": 0.8066858645298609, "valid_acc_epoch": 0.7236901030004478, "_timestamp": 1670057447.6722863, "_runtime": 1915.9830753803253, "_step": 29, "best_epoch": 19, "best_train_loss": 0.46059709787368774, "best_train_auc": 0.8413835841723198, "best_train_acc": 0.7896283313572865, "best_valid_auc": 0.8179766479503553, "best_valid_acc": 0.735333631885356, "_wandb": {"runtime": 1916}}