{"epoch": 30, "train_loss_epoch": 0.4152766764163971, "train_auc_epoch": 0.8746801964045808, "train_acc_epoch": 0.808098286900848, "valid_auc_epoch": 0.8018823858000019, "valid_acc_epoch": 0.7339901477832512, "_timestamp": 1670050087.0055177, "_runtime": 1196.67427277565, "_step": 30, "best_epoch": 20, "best_train_loss": 0.4603908658027649, "best_train_auc": 0.8420124829167417, "best_train_acc": 0.7891157639730058, "best_valid_auc": 0.8205232541341217, "best_valid_acc": 0.7371249440214958, "_wandb": {"runtime": 1196}}