{"epoch": 41, "train_loss_epoch": 0.4620172679424286, "train_auc_epoch": 0.8436079940883439, "train_acc_epoch": 0.7886125254893341, "valid_auc_epoch": 0.8047548420028701, "valid_acc_epoch": 0.728616211374832, "_timestamp": 1669807991.0046217, "_runtime": 1887.74387383461, "_step": 41, "best_epoch": 31, "best_train_loss": 0.4670291543006897, "best_train_auc": 0.8392354404152136, "best_train_acc": 0.7859506453227835, "best_valid_auc": 0.8077091620036406, "best_valid_acc": 0.7326466636811464, "_wandb": {"runtime": 1887}}