{"epoch": 20, "train_loss_epoch": 0.4457035958766937, "train_auc_epoch": 0.8565788785459414, "train_acc_epoch": 0.7963182356693703, "valid_auc_epoch": 0.8071593904196885, "valid_acc_epoch": 0.7339901477832512, "_timestamp": 1670021307.041305, "_runtime": 188.70977306365967, "_step": 20, "best_epoch": 10, "best_train_loss": 0.46261295676231384, "best_train_auc": 0.8435417998054552, "best_train_acc": 0.7875391111516146, "best_valid_auc": 0.8102044026671547, "best_valid_acc": 0.7326466636811464, "_wandb": {"runtime": 188}}