{"epoch": 11, "train_loss_epoch": 0.6568202972412109, "train_auc_epoch": 0.494464235938487, "train_acc_epoch": 0.6343032797561674, "valid_auc_epoch": 0.5, "valid_acc_epoch": 0.4890282131661442, "_timestamp": 1669726362.9749177, "_runtime": 70.21025156974792, "_step": 11, "best_epoch": 1, "best_train_loss": 0.6590155959129333, "best_train_auc": 0.5005594139844345, "best_train_acc": 0.6343032797561674, "best_valid_auc": 0.5, "best_valid_acc": 0.4890282131661442, "_wandb": {"runtime": 72}}