{"epoch": 20, "train_loss_epoch": 0.4278864562511444, "train_auc_epoch": 0.8707720196756077, "train_acc_epoch": 0.8054407713498623, "valid_auc_epoch": 0.7963333044402282, "valid_acc_epoch": 0.7218987908643081, "_timestamp": 1669822326.741781, "_runtime": 367.1005029678345, "_step": 20, "best_epoch": 10, "best_train_loss": 0.45790544152259827, "best_train_auc": 0.8485088041627846, "best_train_acc": 0.7897317329135511, "best_valid_auc": 0.8005356460658827, "best_valid_acc": 0.7277205553067622, "_wandb": {"runtime": 366}}