{"epoch": 18, "train_loss_epoch": 0.4801312983036041, "train_auc_epoch": 0.8255762129943883, "train_acc_epoch": 0.7798506825209711, "valid_auc_epoch": 0.8003277762261111, "valid_acc_epoch": 0.7142857142857143, "_timestamp": 1670024266.7203338, "_runtime": 1106.0610728263855, "_step": 18, "best_epoch": 8, "best_train_loss": 0.4801679253578186, "best_train_auc": 0.8256770811541434, "best_train_acc": 0.7791365554473545, "best_valid_auc": 0.8048447316633118, "best_valid_acc": 0.7245857590685177, "_wandb": {"runtime": 1106}}