{"epoch": 28, "train_loss_epoch": 0.4716501832008362, "train_auc_epoch": 0.8324989322788643, "train_acc_epoch": 0.7831787196965814, "valid_auc_epoch": 0.8086955405097387, "valid_acc_epoch": 0.7268248992386923, "_timestamp": 1669790112.6258547, "_runtime": 713.3666806221008, "_step": 28, "best_epoch": 18, "best_train_loss": 0.47195738554000854, "best_train_auc": 0.8323590907552404, "best_train_acc": 0.7832573078434387, "best_valid_auc": 0.8104917285460669, "best_valid_acc": 0.7321988356471115, "_wandb": {"runtime": 713}}