{"epoch": 54, "train_loss_epoch": 0.4501621425151825, "train_auc_epoch": 0.8488638027708462, "train_acc_epoch": 0.7906350027574208, "valid_auc_epoch": 0.8180841945083839, "valid_acc_epoch": 0.7380206000895656, "_timestamp": 1669779305.7081409, "_runtime": 1848.221266746521, "_step": 54, "best_epoch": 44, "best_train_loss": 0.46091172099113464, "best_train_auc": 0.8409061130556621, "best_train_acc": 0.7886877519344586, "best_valid_auc": 0.8219189516297317, "best_valid_acc": 0.7375727720555306, "_wandb": {"runtime": 1848}}