{"epoch": 49, "train_loss_epoch": 0.43243053555488586, "train_auc_epoch": 0.8639340796270172, "train_acc_epoch": 0.8020806761852891, "valid_auc_epoch": 0.8058933106040905, "valid_acc_epoch": 0.7362292879534259, "_timestamp": 1670018646.1018891, "_runtime": 969.8814680576324, "_step": 49, "best_epoch": 39, "best_train_loss": 0.4586583971977234, "best_train_auc": 0.8439908696605662, "best_train_acc": 0.7896710766706423, "best_valid_auc": 0.8199742851364236, "best_valid_acc": 0.7407075682937752, "_wandb": {"runtime": 969}}