{"epoch": 23, "train_loss_epoch": 0.43562018871307373, "train_auc_epoch": 0.8634460023719432, "train_acc_epoch": 0.8013288270988556, "valid_auc_epoch": 0.8065141110715168, "valid_acc_epoch": 0.7299596954769368, "_timestamp": 1669785303.5705607, "_runtime": 291.6324646472931, "_step": 23, "best_epoch": 13, "best_train_loss": 0.44799819588661194, "best_train_auc": 0.8542093628249616, "best_train_acc": 0.7945310699746524, "best_valid_auc": 0.8073118818079379, "best_valid_acc": 0.729064039408867, "_wandb": {"runtime": 291}}