{"epoch": 11, "train_loss_epoch": 0.6482279896736145, "train_auc_epoch": 0.49908693802060433, "train_acc_epoch": 0.6493675030746379, "valid_auc_epoch": 0.5, "valid_acc_epoch": 0.4890282131661442, "_timestamp": 1669732879.8432589, "_runtime": 416.20935678482056, "_step": 11, "best_epoch": 1, "best_train_loss": 0.6519741415977478, "best_train_auc": 0.49921820982457166, "best_train_acc": 0.6469237649539203, "best_valid_auc": 0.5, "best_valid_acc": 0.4890282131661442, "_wandb": {"runtime": 415}}