{"epoch": 32, "train_loss_epoch": 0.6495655179023743, "train_auc_epoch": 0.49909278013561, "train_acc_epoch": 0.648698026184255, "valid_auc_epoch": 0.5, "valid_acc_epoch": 0.4890282131661442, "_timestamp": 1670401082.6845434, "_runtime": 515.9272463321686, "_step": 32, "best_epoch": 22, "best_train_loss": 0.6497783660888672, "best_train_auc": 0.5046696204940441, "best_train_acc": 0.648698026184255, "best_valid_auc": 0.6856422134686815, "best_valid_acc": 0.4890282131661442, "_wandb": {"runtime": 515}}