{"epoch": 35, "train_loss_epoch": 0.4474920332431793, "train_auc_epoch": 0.8526375993116602, "train_acc_epoch": 0.7963193054928032, "valid_auc_epoch": 0.8110575518550979, "valid_acc_epoch": 0.7348858038513211, "_timestamp": 1669754517.5417514, "_runtime": 922.8920602798462, "_step": 35, "best_epoch": 25, "best_train_loss": 0.4549695551395416, "best_train_auc": 0.8468590507594351, "best_train_acc": 0.7919221583941135, "best_valid_auc": 0.8130744511112609, "best_valid_acc": 0.7380206000895656, "_wandb": {"runtime": 922}}