{"epoch": 64, "train_loss_epoch": 0.46139365434646606, "train_auc_epoch": 0.8420555784756528, "train_acc_epoch": 0.7893060493341986, "valid_auc_epoch": 0.8091939465734382, "valid_acc_epoch": 0.7339901477832512, "_timestamp": 1670014499.6457086, "_runtime": 2297.7526836395264, "_step": 64, "best_epoch": 54, "best_train_loss": 0.4634346067905426, "best_train_auc": 0.8405582805381773, "best_train_acc": 0.7883601268541451, "best_valid_auc": 0.8095430715939043, "best_valid_acc": 0.7344379758172862, "_wandb": {"runtime": 2297}}