{"epoch": 35, "train_loss_epoch": 0.47449931502342224, "train_auc_epoch": 0.8318275676835979, "train_acc_epoch": 0.7808459431087897, "valid_auc_epoch": 0.8005958400349286, "valid_acc_epoch": 0.7227944469323779, "_timestamp": 1669875660.9433062, "_runtime": 269.1448903083801, "_step": 35, "best_epoch": 25, "best_train_loss": 0.4720979630947113, "best_train_auc": 0.8340004463080835, "best_train_acc": 0.7827022044703894, "best_valid_auc": 0.806556648142976, "best_valid_acc": 0.7299596954769368, "_wandb": {"runtime": 268}}