{"epoch": 42, "train_loss_epoch": 0.4659942090511322, "train_auc_epoch": 0.8389780753963835, "train_acc_epoch": 0.7886645689916785, "valid_auc_epoch": 0.8026689203288677, "valid_acc_epoch": 0.729511867442902, "_timestamp": 1669914630.725578, "_runtime": 3332.7762579917908, "_step": 42, "best_epoch": 32, "best_train_loss": 0.469838947057724, "best_train_auc": 0.8355265791263258, "best_train_acc": 0.7867439186059513, "best_valid_auc": 0.8034145229587822, "best_valid_acc": 0.7326466636811464, "_wandb": {"runtime": 3333}}