{"epoch": 39, "train_loss_epoch": 0.4583088755607605, "train_auc_epoch": 0.8425458029053055, "train_acc_epoch": 0.7891643894458813, "valid_auc_epoch": 0.8216051404044393, "valid_acc_epoch": 0.7402597402597403, "_timestamp": 1669811531.0469809, "_runtime": 1767.8764169216156, "_step": 39, "best_epoch": 29, "best_train_loss": 0.45794811844825745, "best_train_auc": 0.8429143100196783, "best_train_acc": 0.7899092462780006, "best_valid_auc": 0.8226886318472646, "best_valid_acc": 0.7460815047021944, "_wandb": {"runtime": 1767}}