{"epoch": 17, "train_loss_epoch": 0.47481346130371094, "train_auc_epoch": 0.8315021581277933, "train_acc_epoch": 0.7823246571393271, "valid_auc_epoch": 0.8022933099620218, "valid_acc_epoch": 0.7268248992386923, "_timestamp": 1670068650.515292, "_runtime": 394.3389778137207, "_step": 17, "best_epoch": 7, "best_train_loss": 0.47599995136260986, "best_train_auc": 0.8300697130553283, "best_train_acc": 0.7802551377620361, "best_valid_auc": 0.8049177670124208, "best_valid_acc": 0.7321988356471115, "_wandb": {"runtime": 394}}