{"epoch": 12, "train_loss_epoch": 0.42715197801589966, "train_auc_epoch": 0.8722554109792593, "train_acc_epoch": 0.8054277187404122, "valid_auc_epoch": 0.7977771571110748, "valid_acc_epoch": 0.7339901477832512, "_timestamp": 1670115336.7212555, "_runtime": 178.71693444252014, "_step": 12, "best_epoch": 2, "best_train_loss": 0.49068957567214966, "best_train_auc": 0.823146710001484, "best_train_acc": 0.7717066912113352, "best_valid_auc": 0.803823841948294, "best_valid_acc": 0.7344379758172862, "_wandb": {"runtime": 178}}