{"epoch": 17, "train_loss_epoch": 0.45696017146110535, "train_auc_epoch": 0.8442669430408691, "train_acc_epoch": 0.7906650949037295, "valid_auc_epoch": 0.818182912617619, "valid_acc_epoch": 0.7348858038513211, "_timestamp": 1669985805.649408, "_runtime": 659.8698990345001, "_step": 17, "best_epoch": 7, "best_train_loss": 0.4620558023452759, "best_train_auc": 0.8400755621906478, "best_train_acc": 0.7879828472827294, "best_valid_auc": 0.8191010712921318, "best_valid_acc": 0.7393640841916704, "_wandb": {"runtime": 659}}