{"epoch": 25, "train_loss_epoch": 0.4894002377986908, "train_auc_epoch": 0.8230117493109045, "train_acc_epoch": 0.7732939799501297, "valid_auc_epoch": 0.7977675260760274, "valid_acc_epoch": 0.7308553515450067, "_timestamp": 1669860766.7037914, "_runtime": 115.49667239189148, "_step": 25, "best_epoch": 15, "best_train_loss": 0.4908396601676941, "best_train_auc": 0.8217002101435426, "best_train_acc": 0.7744389598493715, "best_valid_auc": 0.7985596787086708, "best_valid_acc": 0.7214509628302732, "_wandb": {"runtime": 115}}