{"epoch": 71, "train_loss_epoch": 0.457031786441803, "train_auc_epoch": 0.8503844030090936, "train_acc_epoch": 0.8017658134446084, "valid_auc_epoch": 0.7670918768640065, "valid_acc_epoch": 0.696820420958352, "_timestamp": 1669823315.5702682, "_runtime": 574.5624010562897, "_step": 71, "best_epoch": 61, "best_train_loss": 0.4661708176136017, "best_train_auc": 0.8435504511048251, "best_train_acc": 0.7971858938476414, "best_valid_auc": 0.7691842192280404, "best_valid_acc": 0.6995073891625616, "_wandb": {"runtime": 574}}