{"epoch": 24, "train_loss_epoch": 0.46957308053970337, "train_auc_epoch": 0.8349504608704277, "train_acc_epoch": 0.7841354690736905, "valid_auc_epoch": 0.8077982490778284, "valid_acc_epoch": 0.729064039408867, "_timestamp": 1669797341.6497145, "_runtime": 265.707373380661, "_step": 24, "best_epoch": 14, "best_train_loss": 0.47124311327934265, "best_train_auc": 0.8336463581037904, "best_train_acc": 0.7834418467002071, "best_valid_auc": 0.8105575406188903, "best_valid_acc": 0.7326466636811464, "_wandb": {"runtime": 265}}