{"epoch": 14, "train_loss_epoch": 0.4863823354244232, "train_auc_epoch": 0.820515526748385, "train_acc_epoch": 0.7764455747292122, "valid_auc_epoch": 0.8016408073375645, "valid_acc_epoch": 0.7214509628302732, "_timestamp": 1669847604.8720853, "_runtime": 3058.8030393123627, "_step": 14, "best_epoch": 4, "best_train_loss": 0.48483806848526, "best_train_auc": 0.822165696820784, "best_train_acc": 0.7762602446357234, "best_valid_auc": 0.8084788422211735, "best_valid_acc": 0.7348858038513211, "_wandb": {"runtime": 3061}}