{"epoch": 16, "train_loss_epoch": 0.46952322125434875, "train_auc_epoch": 0.8385434009430465, "train_acc_epoch": 0.78245995544712, "valid_auc_epoch": 0.8085858188556823, "valid_acc_epoch": 0.7368159203980099, "_timestamp": 1669721927.970391, "_runtime": 108.16212797164917, "_step": 16, "best_epoch": 11, "best_train_loss": 0.4747506380081177, "best_train_auc": 0.8348924125315959, "best_train_acc": 0.7817969661610268, "best_valid_auc": 0.8118962528217604, "best_valid_acc": 0.7457711442786069, "_wandb": {"runtime": 107}}