{"epoch": 28, "train_loss_epoch": 0.4601072072982788, "train_auc_epoch": 0.843752158471426, "train_acc_epoch": 0.7893537513729154, "valid_auc_epoch": 0.8080871801292484, "valid_acc_epoch": 0.7348858038513211, "_timestamp": 1670007325.3559134, "_runtime": 437.0006494522095, "_step": 28, "best_epoch": 18, "best_train_loss": 0.4622000753879547, "best_train_auc": 0.8411487448256797, "best_train_acc": 0.7875673833179735, "best_valid_auc": 0.8093994086544481, "best_valid_acc": 0.7344379758172862, "_wandb": {"runtime": 436}}