{"epoch": 20, "train_loss_epoch": 0.47450801730155945, "train_auc_epoch": 0.8341231635739191, "train_acc_epoch": 0.782381251307805, "valid_auc_epoch": 0.8069512640789285, "valid_acc_epoch": 0.7343283582089553, "_timestamp": 1669710335.2977874, "_runtime": 106.36893153190613, "_step": 20, "best_epoch": 15, "best_train_loss": 0.47517913579940796, "best_train_auc": 0.8346948792874633, "best_train_acc": 0.7796311242638926, "best_valid_auc": 0.8129208990997253, "best_valid_acc": 0.7422885572139304, "_wandb": {"runtime": 105}}