{"epoch": 24, "train_loss_epoch": 0.5589041709899902, "train_auc_epoch": 0.8107064036327076, "train_acc_epoch": 0.6474476553036858, "valid_auc_epoch": 0.7690357407710606, "valid_acc_epoch": 0.4890282131661442, "_timestamp": 1670452279.5601587, "_runtime": 290.73532462120056, "_step": 24, "best_epoch": 14, "best_train_loss": 0.565737783908844, "best_train_auc": 0.8056461278079495, "best_train_acc": 0.6474476553036858, "best_valid_auc": 0.7764448157743513, "best_valid_acc": 0.4890282131661442, "_wandb": {"runtime": 290}}