{"epoch": 33, "train_loss_epoch": 0.4552939832210541, "train_auc_epoch": 0.8500881437514847, "train_acc_epoch": 0.7938892425206875, "valid_auc_epoch": 0.785434183111659, "valid_acc_epoch": 0.7124944021495746, "_timestamp": 1670082659.537547, "_runtime": 352.74219822883606, "_step": 33, "best_epoch": 23, "best_train_loss": 0.46746116876602173, "best_train_auc": 0.8402966258419879, "best_train_acc": 0.7865054105665181, "best_valid_auc": 0.7895378066280783, "best_valid_acc": 0.7210031347962382, "_wandb": {"runtime": 352}}