{"epoch": 25, "train_loss_epoch": 0.4361724853515625, "train_auc_epoch": 0.8612247926955956, "train_acc_epoch": 0.8001847651483291, "valid_auc_epoch": 0.803824644534548, "valid_acc_epoch": 0.729064039408867, "_timestamp": 1669773982.7634475, "_runtime": 424.6032004356384, "_step": 25, "best_epoch": 15, "best_train_loss": 0.44401267170906067, "best_train_auc": 0.8556513165365143, "best_train_acc": 0.796365366186599, "best_valid_auc": 0.8089138439708115, "best_valid_acc": 0.735333631885356, "_wandb": {"runtime": 424}}