{"epoch": 8, "train_loss_epoch": 0.5956521034240723, "train_auc_epoch": 0.7458557562309294, "train_acc_epoch": 0.6670221843003413, "valid_auc_epoch": 0.72826381264375, "valid_acc_epoch": 0.6467661691542289, "_timestamp": 1668396718.9698288, "_runtime": 24.19527792930603, "_step": 8, "_wandb": {"runtime": 23}}