{"epoch": 53, "train_loss_epoch": 0.44633781909942627, "train_auc_epoch": 0.8592611646239816, "train_acc_epoch": 0.7979516105091287, "valid_auc_epoch": 0.8030477410407296, "valid_acc_epoch": 0.729064039408867, "_timestamp": 1670121862.9671063, "_runtime": 472.38976526260376, "_step": 53, "best_epoch": 43, "best_train_loss": 0.45550426840782166, "best_train_auc": 0.8524900278606009, "best_train_acc": 0.7939735787442482, "best_valid_auc": 0.8048238644207093, "best_valid_acc": 0.7321988356471115, "_wandb": {"runtime": 472}}