{"epoch": 14, "train_loss_epoch": 0.6533167362213135, "train_auc_epoch": 0.4932253284834026, "train_acc_epoch": 0.6415204146585433, "valid_auc_epoch": 0.5045675183711994, "valid_acc_epoch": 0.4890282131661442, "_timestamp": 1670101289.8191342, "_runtime": 595.8739011287689, "_step": 14, "best_epoch": 4, "best_train_loss": 0.6643060445785522, "best_train_auc": 0.5026970067017648, "best_train_acc": 0.6415204146585433, "best_valid_auc": 0.5442967418208435, "best_valid_acc": 0.4890282131661442, "_wandb": {"runtime": 595}}