{"epoch": 55, "train_loss_epoch": 0.5898434519767761, "train_auc_epoch": 0.752582245858013, "train_acc_epoch": 0.648698026184255, "valid_auc_epoch": 0.7284465461503148, "valid_acc_epoch": 0.4890282131661442, "_timestamp": 1670544654.2055883, "_runtime": 3449.598474264145, "_step": 55, "best_epoch": 45, "best_train_loss": 0.5900787711143494, "best_train_auc": 0.7524478713305782, "best_train_acc": 0.648698026184255, "best_valid_auc": 0.733190633497382, "best_valid_acc": 0.4890282131661442, "_wandb": {"runtime": 3449}}