{"epoch": 22, "train_loss_epoch": 0.443253755569458, "train_auc_epoch": 0.8568010095632771, "train_acc_epoch": 0.7975774355424814, "valid_auc_epoch": 0.8069226274747747, "valid_acc_epoch": 0.7433945364979848, "_timestamp": 1669784978.9837554, "_runtime": 247.63266944885254, "_step": 22, "best_epoch": 12, "best_train_loss": 0.45470863580703735, "best_train_auc": 0.8475883575819896, "best_train_acc": 0.7921266655130645, "best_valid_auc": 0.8082669594501322, "best_valid_acc": 0.7362292879534259, "_wandb": {"runtime": 247}}