{"epoch": 34, "train_loss_epoch": 0.4667390286922455, "train_auc_epoch": 0.8363782269583504, "train_acc_epoch": 0.7856304162299317, "valid_auc_epoch": 0.817079356518445, "valid_acc_epoch": 0.7357814599193909, "_timestamp": 1669900770.207606, "_runtime": 6928.495751142502, "_step": 34, "best_epoch": 24, "best_train_loss": 0.46657809615135193, "best_train_auc": 0.8364778733592966, "best_train_acc": 0.7853554879690248, "best_valid_auc": 0.8190023531828965, "best_valid_acc": 0.74205105239588, "_wandb": {"runtime": 6930}}