{"epoch": 17, "train_loss_epoch": 0.5679689049720764, "train_auc_epoch": 0.8008938324108785, "train_acc_epoch": 0.6512702236345309, "valid_auc_epoch": 0.7595054302985943, "valid_acc_epoch": 0.4890282131661442, "_timestamp": 1670476440.2561603, "_runtime": 1327.6409771442413, "_step": 17, "best_epoch": 7, "best_train_loss": 0.5699079632759094, "best_train_auc": 0.7992667582376718, "best_train_acc": 0.6512702236345309, "best_valid_auc": 0.7672251061821613, "best_valid_acc": 0.4890282131661442, "_wandb": {"runtime": 1328}}