{"epoch": 48, "train_loss_epoch": 0.4160626232624054, "train_auc_epoch": 0.879432137489095, "train_acc_epoch": 0.8006869851250255, "valid_auc_epoch": 0.7967209536008836, "valid_acc_epoch": 0.7277205553067622, "_timestamp": 1670045782.4935215, "_runtime": 392.6387984752655, "_step": 48, "best_epoch": 38, "best_train_loss": 0.4722907543182373, "best_train_auc": 0.8375738833876869, "best_train_acc": 0.7813000320204931, "best_valid_auc": 0.8073512085343812, "best_valid_acc": 0.7263770712046574, "_wandb": {"runtime": 392}}