{"epoch": 46, "train_loss_epoch": 0.46297356486320496, "train_auc_epoch": 0.8402827794039283, "train_acc_epoch": 0.7879360405255138, "valid_auc_epoch": 0.8175544875807804, "valid_acc_epoch": 0.742498880429915, "_timestamp": 1670000632.8407838, "_runtime": 1837.6594009399414, "_step": 46, "best_epoch": 36, "best_train_loss": 0.4629923105239868, "best_train_auc": 0.8402326822397587, "best_train_acc": 0.7880184094559533, "best_valid_auc": 0.8199301428924566, "best_valid_acc": 0.7438423645320197, "_wandb": {"runtime": 1837}}