{"epoch": 23, "train_loss_epoch": 0.47627684473991394, "train_auc_epoch": 0.8292232032265429, "train_acc_epoch": 0.7798213646106351, "valid_auc_epoch": 0.8075839585480252, "valid_acc_epoch": 0.7259292431706225, "_timestamp": 1669744003.8170938, "_runtime": 812.7647068500519, "_step": 23, "best_epoch": 13, "best_train_loss": 0.4768369197845459, "best_train_auc": 0.8288166845742998, "best_train_acc": 0.7796280608793046, "best_valid_auc": 0.8094114474482572, "best_valid_acc": 0.7241379310344828, "_wandb": {"runtime": 812}}