{"epoch": 58, "train_loss_epoch": 0.45534002780914307, "train_auc_epoch": 0.8462022276531638, "train_acc_epoch": 0.792513855835423, "valid_auc_epoch": 0.8152366184793881, "valid_acc_epoch": 0.7411553963278101, "_timestamp": 1669827717.2078881, "_runtime": 1595.1935551166534, "_step": 58, "best_epoch": 48, "best_train_loss": 0.45710158348083496, "best_train_auc": 0.8447386960137667, "best_train_acc": 0.7905213307990864, "best_valid_auc": 0.8153120615872589, "best_valid_acc": 0.7438423645320197, "_wandb": {"runtime": 1594}}