{"epoch": 36, "train_loss_epoch": 0.4738878309726715, "train_auc_epoch": 0.8312818031458019, "train_acc_epoch": 0.7829426865612921, "valid_auc_epoch": 0.8031970220839634, "valid_acc_epoch": 0.729064039408867, "_timestamp": 1669822706.3317332, "_runtime": 342.8797981739044, "_step": 36, "best_epoch": 26, "best_train_loss": 0.47378605604171753, "best_train_auc": 0.8313360465581086, "best_train_acc": 0.7837885687869459, "best_valid_auc": 0.8072324257687973, "best_valid_acc": 0.7344379758172862, "_wandb": {"runtime": 342}}