{"epoch": 29, "train_loss_epoch": 0.4490083158016205, "train_auc_epoch": 0.8509451374265036, "train_acc_epoch": 0.7945615913677361, "valid_auc_epoch": 0.8124050941754711, "valid_acc_epoch": 0.7313031795790417, "_timestamp": 1669750252.8251538, "_runtime": 723.3595428466797, "_step": 29, "best_epoch": 19, "best_train_loss": 0.45260971784591675, "best_train_auc": 0.8483230092236194, "best_train_acc": 0.7933003171203822, "best_valid_auc": 0.8133304761262694, "best_valid_acc": 0.7366771159874608, "_wandb": {"runtime": 723}}