{"epoch": 78, "train_loss_epoch": 0.45649850368499756, "train_auc_epoch": 0.8497993038013534, "train_acc_epoch": 0.7909869605543128, "valid_auc_epoch": 0.7981784502380471, "valid_acc_epoch": 0.7375727720555306, "_timestamp": 1670008221.7183678, "_runtime": 860.3911209106445, "_step": 78, "best_epoch": 68, "best_train_loss": 0.4601476192474365, "best_train_auc": 0.8471245415537408, "best_train_acc": 0.7877952970702166, "best_valid_auc": 0.7981953045493799, "best_valid_acc": 0.735333631885356, "_wandb": {"runtime": 860}}