{"epoch": 25, "train_loss_epoch": 0.4638550281524658, "train_auc_epoch": 0.84306825641533, "train_acc_epoch": 0.7897358877614564, "valid_auc_epoch": 0.79944252358801, "valid_acc_epoch": 0.7330944917151814, "_timestamp": 1670027379.9446945, "_runtime": 856.097339630127, "_step": 25, "best_epoch": 15, "best_train_loss": 0.47409558296203613, "best_train_auc": 0.8347396885931571, "best_train_acc": 0.7829102409123655, "best_valid_auc": 0.803262031570533, "best_valid_acc": 0.7339901477832512, "_wandb": {"runtime": 855}}