{"epoch": 100, "train_loss_epoch": 0.5296618938446045, "train_auc_epoch": 0.7856449113402997, "train_acc_epoch": 0.7494250866008791, "valid_auc_epoch": 0.7454011807648968, "valid_acc_epoch": 0.6815942678011644, "_timestamp": 1669844712.0573692, "_runtime": 392.629328250885, "_step": 100, "best_epoch": 100, "best_train_loss": 0.5296618938446045, "best_train_auc": 0.7856449113402997, "best_train_acc": 0.7494250866008791, "best_valid_auc": 0.7454011807648968, "best_valid_acc": 0.6815942678011644, "_wandb": {"runtime": 392}}