{"epoch": 18, "train_loss_epoch": 0.5611854791641235, "train_auc_epoch": 0.8084493779958706, "train_acc_epoch": 0.641778184184149, "valid_auc_epoch": 0.7645910180967149, "valid_acc_epoch": 0.4890282131661442, "_timestamp": 1670540262.0736356, "_runtime": 316.5087025165558, "_step": 18, "best_epoch": 8, "best_train_loss": 0.5661441683769226, "best_train_auc": 0.8062321417430469, "best_train_acc": 0.641778184184149, "best_valid_auc": 0.7787771314283146, "best_valid_acc": 0.4890282131661442, "_wandb": {"runtime": 316}}