{"epoch": 58, "train_loss_epoch": 0.46919119358062744, "train_auc_epoch": 0.841350928892776, "train_acc_epoch": 0.7849677716390424, "valid_auc_epoch": 0.793187968911019, "valid_acc_epoch": 0.729064039408867, "_timestamp": 1669878978.7129366, "_runtime": 502.40117263793945, "_step": 58, "best_epoch": 48, "best_train_loss": 0.4735688269138336, "best_train_auc": 0.8378274043776988, "best_train_acc": 0.782182320441989, "best_valid_auc": 0.7949568690147131, "best_valid_acc": 0.729511867442902, "_wandb": {"runtime": 502}}