{"epoch": 36, "train_loss_epoch": 0.48424091935157776, "train_auc_epoch": 0.8235875934399697, "train_acc_epoch": 0.7773511020413791, "valid_auc_epoch": 0.7942859069064152, "valid_acc_epoch": 0.7299596954769368, "_timestamp": 1669808539.7564209, "_runtime": 565.4280309677124, "_step": 36, "best_epoch": 26, "best_train_loss": 0.48404553532600403, "best_train_auc": 0.8237797501248251, "best_train_acc": 0.7759446807630525, "best_valid_auc": 0.8019722754604437, "best_valid_acc": 0.7241379310344828, "_wandb": {"runtime": 565}}