{"epoch": 11, "train_loss_epoch": 0.6523769497871399, "train_auc_epoch": 0.5024671843850554, "train_acc_epoch": 0.6425316686412103, "valid_auc_epoch": 0.5, "valid_acc_epoch": 0.4890282131661442, "_timestamp": 1669727037.2392511, "_runtime": 162.93285608291626, "_step": 11, "best_epoch": 1, "best_train_loss": 0.653910219669342, "best_train_auc": 0.49505994270667264, "best_train_acc": 0.6421823263161093, "best_valid_auc": 0.5, "best_valid_acc": 0.4890282131661442, "_wandb": {"runtime": 162}}