{"epoch": 29, "train_loss_epoch": 0.4166148602962494, "train_auc_epoch": 0.8727147821245931, "train_acc_epoch": 0.8111595168537407, "valid_auc_epoch": 0.8139853865094882, "valid_acc_epoch": 0.7348858038513211, "_timestamp": 1669801873.8652442, "_runtime": 1154.280513048172, "_step": 29, "best_epoch": 19, "best_train_loss": 0.4325958788394928, "best_train_auc": 0.8618034258025122, "best_train_acc": 0.8025182375753849, "best_valid_auc": 0.8180368419194012, "best_valid_acc": 0.7339901477832512, "_wandb": {"runtime": 1154}}