{"epoch": 27, "train_loss_epoch": 0.4486748278141022, "train_auc_epoch": 0.8517767388335679, "train_acc_epoch": 0.7964929113380718, "valid_auc_epoch": 0.8041577178299352, "valid_acc_epoch": 0.7214509628302732, "_timestamp": 1669828922.555188, "_runtime": 617.470057964325, "_step": 27, "best_epoch": 17, "best_train_loss": 0.45651912689208984, "best_train_auc": 0.8458175267054386, "best_train_acc": 0.7916072262690788, "best_valid_auc": 0.8045646290606852, "best_valid_acc": 0.729064039408867, "_wandb": {"runtime": 617}}