{"epoch": 96, "train_loss_epoch": 0.46794456243515015, "train_auc_epoch": 0.8377122238509022, "train_acc_epoch": 0.7846593060855886, "valid_auc_epoch": 0.7987122715581494, "valid_acc_epoch": 0.7348258706467662, "_timestamp": 1669712494.9401672, "_runtime": 958.929924249649, "_step": 96, "best_epoch": 91, "best_train_loss": 0.46916574239730835, "best_train_auc": 0.8368200911791008, "best_train_acc": 0.7840863848671115, "best_valid_auc": 0.7989731630302843, "best_valid_acc": 0.7383084577114428, "_wandb": {"runtime": 958}}