{"epoch": 35, "train_loss_epoch": 0.46074604988098145, "train_auc_epoch": 0.84411592398559, "train_acc_epoch": 0.7899833475602077, "valid_auc_epoch": 0.8132951623310957, "valid_acc_epoch": 0.7371249440214958, "_timestamp": 1670073622.470822, "_runtime": 339.77541613578796, "_step": 35, "best_epoch": 25, "best_train_loss": 0.46212470531463623, "best_train_auc": 0.8429759160455733, "best_train_acc": 0.78973146191629, "best_valid_auc": 0.8142703046296386, "best_valid_acc": 0.7411553963278101, "_wandb": {"runtime": 339}}