{"epoch": 29, "train_loss_epoch": 0.43162304162979126, "train_auc_epoch": 0.8631654534846149, "train_acc_epoch": 0.8037646286500613, "valid_auc_epoch": 0.8150833245048845, "valid_acc_epoch": 0.7339901477832512, "_timestamp": 1669791245.435434, "_runtime": 447.58501410484314, "_step": 29, "best_epoch": 19, "best_train_loss": 0.43890708684921265, "best_train_auc": 0.8575811241422986, "best_train_acc": 0.7993712994407343, "best_valid_auc": 0.8196227523571958, "best_valid_acc": 0.7451858486341245, "_wandb": {"runtime": 447}}