{"epoch": 20, "train_loss_epoch": 0.4437814950942993, "train_auc_epoch": 0.856260431057192, "train_acc_epoch": 0.7975699053342474, "valid_auc_epoch": 0.8127349571258423, "valid_acc_epoch": 0.7407075682937752, "_timestamp": 1669828844.7407095, "_runtime": 546.1905014514923, "_step": 20, "best_epoch": 10, "best_train_loss": 0.45726478099823, "best_train_auc": 0.8458482153534886, "best_train_acc": 0.7916915851043657, "best_valid_auc": 0.8134950063083279, "best_valid_acc": 0.7362292879534259, "_wandb": {"runtime": 545}}