{"epoch": 24, "train_loss_epoch": 0.4403281807899475, "train_auc_epoch": 0.8614721620220713, "train_acc_epoch": 0.800424584690218, "valid_auc_epoch": 0.8006439952101654, "valid_acc_epoch": 0.729064039408867, "_timestamp": 1670080905.0522237, "_runtime": 354.05861377716064, "_step": 24, "best_epoch": 14, "best_train_loss": 0.46387073397636414, "best_train_auc": 0.8444517049028726, "best_train_acc": 0.7883465930170246, "best_valid_auc": 0.8029353789651774, "best_valid_acc": 0.7214509628302732, "_wandb": {"runtime": 353}}