{"epoch": 36, "train_loss_epoch": 0.4750979542732239, "train_auc_epoch": 0.8294297297571036, "train_acc_epoch": 0.7825489286389333, "valid_auc_epoch": 0.80342014106256, "valid_acc_epoch": 0.7308553515450067, "_timestamp": 1670097756.3549364, "_runtime": 563.366931438446, "_step": 36, "best_epoch": 26, "best_train_loss": 0.4745500087738037, "best_train_auc": 0.8301379177806663, "best_train_acc": 0.7826520267367734, "best_valid_auc": 0.8059185920710898, "best_valid_acc": 0.7304075235109718, "_wandb": {"runtime": 562}}