{"epoch": 33, "train_loss_epoch": 0.4694434404373169, "train_auc_epoch": 0.8361025334593133, "train_acc_epoch": 0.7840525328330207, "valid_auc_epoch": 0.8091891310559145, "valid_acc_epoch": 0.7263770712046574, "_timestamp": 1669849790.1946256, "_runtime": 344.60500264167786, "_step": 33, "best_epoch": 23, "best_train_loss": 0.4687645137310028, "best_train_auc": 0.8368890352531215, "best_train_acc": 0.7840629560141755, "best_valid_auc": 0.8137157175281629, "best_valid_acc": 0.7357814599193909, "_wandb": {"runtime": 343}}