{"epoch": 31, "train_loss_epoch": 0.4562905430793762, "train_auc_epoch": 0.8451982829694034, "train_acc_epoch": 0.7889121372326662, "valid_auc_epoch": 0.8075550654428831, "valid_acc_epoch": 0.7330944917151814, "_timestamp": 1669888021.8256114, "_runtime": 3100.742330312729, "_step": 31, "best_epoch": 21, "best_train_loss": 0.459565669298172, "best_train_auc": 0.8424873200741188, "best_train_acc": 0.7876543308470029, "best_valid_auc": 0.8089122387983037, "best_valid_acc": 0.7313031795790417, "_wandb": {"runtime": 3101}}