{"epoch": 11, "train_loss_epoch": 0.6575703620910645, "train_auc_epoch": 0.4997537401346632, "train_acc_epoch": 0.6355401760724645, "valid_auc_epoch": 0.5, "valid_acc_epoch": 0.4890282131661442, "_timestamp": 1669726428.3621323, "_runtime": 75.1111843585968, "_step": 11, "best_epoch": 1, "best_train_loss": 0.6516382694244385, "best_train_auc": 0.565438488959674, "best_train_acc": 0.6352094041015725, "best_valid_auc": 0.5, "best_valid_acc": 0.4890282131661442, "_wandb": {"runtime": 77}}