{"epoch": 47, "train_loss_epoch": 0.47149011492729187, "train_auc_epoch": 0.8333019121187277, "train_acc_epoch": 0.7835620745782776, "valid_auc_epoch": 0.8070085042039467, "valid_acc_epoch": 0.7321988356471115, "_timestamp": 1669902342.602418, "_runtime": 588.2233240604401, "_step": 47, "best_epoch": 37, "best_train_loss": 0.4720097780227661, "best_train_auc": 0.8331247126420901, "best_train_acc": 0.783090411364309, "best_valid_auc": 0.8125142459060075, "best_valid_acc": 0.7308553515450067, "_wandb": {"runtime": 587}}