{"epoch": 28, "train_loss_epoch": 0.5710811614990234, "train_auc_epoch": 0.8023194295186905, "train_acc_epoch": 0.646922448104421, "valid_auc_epoch": 0.7553339882437167, "valid_acc_epoch": 0.4890282131661442, "_timestamp": 1670400534.338511, "_runtime": 206.63262701034546, "_step": 28, "best_epoch": 18, "best_train_loss": 0.5745671987533569, "best_train_auc": 0.7979578073783125, "best_train_acc": 0.646922448104421, "best_valid_auc": 0.7595379350418789, "best_valid_acc": 0.4890282131661442, "_wandb": {"runtime": 206}}