{"epoch": 11, "train_loss_epoch": 0.46749040484428406, "train_auc_epoch": 0.8397935905174877, "train_acc_epoch": 0.78139645533484, "valid_auc_epoch": 0.7982681585941336, "valid_acc_epoch": 0.7393034825870647, "_timestamp": 1669713814.3959653, "_runtime": 94.14120030403137, "_step": 11, "best_epoch": 6, "best_train_loss": 0.48210853338241577, "best_train_auc": 0.8283359832430062, "best_train_acc": 0.7749256571904365, "best_valid_auc": 0.8000914115921451, "best_valid_acc": 0.7378109452736319, "_wandb": {"runtime": 93}}