{"epoch": 12, "train_loss_epoch": 0.445283442735672, "train_auc_epoch": 0.8563363874465056, "train_acc_epoch": 0.7924200552704304, "valid_auc_epoch": 0.7902273240998995, "valid_acc_epoch": 0.7223880597014926, "_timestamp": 1669719705.5682898, "_runtime": 101.86759972572327, "_step": 12, "best_epoch": 7, "best_train_loss": 0.4661118984222412, "best_train_auc": 0.8403517744609069, "best_train_acc": 0.7818594551914726, "best_valid_auc": 0.7992370418093521, "best_valid_acc": 0.7348258706467662, "_wandb": {"runtime": 101}}