{"epoch": 82, "train_loss_epoch": 0.45261067152023315, "train_auc_epoch": 0.8484444087363959, "train_acc_epoch": 0.7936106820695139, "valid_auc_epoch": 0.8068375533318566, "valid_acc_epoch": 0.729511867442902, "_timestamp": 1669943321.1611032, "_runtime": 1622.14866232872, "_step": 82, "best_epoch": 72, "best_train_loss": 0.4544253647327423, "best_train_auc": 0.8469796091874096, "best_train_acc": 0.7925185300273266, "best_valid_auc": 0.8077717637314482, "best_valid_acc": 0.7326466636811464, "_wandb": {"runtime": 1621}}