{"epoch": 62, "train_loss_epoch": 0.4489057660102844, "train_auc_epoch": 0.8519643514339297, "train_acc_epoch": 0.7958029432647001, "valid_auc_epoch": 0.818472646255293, "valid_acc_epoch": 0.742498880429915, "_timestamp": 1670019457.9796033, "_runtime": 775.4783194065094, "_step": 62, "best_epoch": 52, "best_train_loss": 0.44744211435317993, "best_train_auc": 0.8528808360592802, "best_train_acc": 0.7965048731685277, "best_valid_auc": 0.8192118281951761, "best_valid_acc": 0.7411553963278101, "_wandb": {"runtime": 775}}