{"epoch": 100, "train_loss_epoch": 0.47527170181274414, "train_auc_epoch": 0.829309748775042, "train_acc_epoch": 0.7835162726084612, "valid_auc_epoch": 0.8037853178081049, "valid_acc_epoch": 0.729511867442902, "_timestamp": 1669879439.4457505, "_runtime": 2000.9791514873505, "_step": 100, "best_epoch": 99, "best_train_loss": 0.4753563702106476, "best_train_auc": 0.8290691282531878, "best_train_acc": 0.7838727071661625, "best_valid_auc": 0.8039610841977186, "best_valid_acc": 0.7277205553067622, "_wandb": {"runtime": 2000}}