{"epoch": 29, "train_loss_epoch": 0.4452403485774994, "train_auc_epoch": 0.853392956062542, "train_acc_epoch": 0.7946867578972545, "valid_auc_epoch": 0.804043750581875, "valid_acc_epoch": 0.7299596954769368, "_timestamp": 1670007563.6201768, "_runtime": 1495.4234957695007, "_step": 29, "best_epoch": 19, "best_train_loss": 0.4500141739845276, "best_train_auc": 0.8494870569609622, "best_train_acc": 0.7921514359421181, "best_valid_auc": 0.8088319801729091, "best_valid_acc": 0.729511867442902, "_wandb": {"runtime": 1495}}