{"epoch": 16, "train_loss_epoch": 0.473244309425354, "train_auc_epoch": 0.8311661593900409, "train_acc_epoch": 0.7829668733876617, "valid_auc_epoch": 0.8032435720866922, "valid_acc_epoch": 0.7277205553067622, "_timestamp": 1669746257.1533494, "_runtime": 416.34605836868286, "_step": 16, "best_epoch": 6, "best_train_loss": 0.4740457534790039, "best_train_auc": 0.8304043983452154, "best_train_acc": 0.7822698306937966, "best_valid_auc": 0.810373748366737, "best_valid_acc": 0.7335423197492164, "_wandb": {"runtime": 415}}