{"epoch": 53, "train_loss_epoch": 0.4497363567352295, "train_auc_epoch": 0.8509220860248284, "train_acc_epoch": 0.7943227012090913, "valid_auc_epoch": 0.8123160071012832, "valid_acc_epoch": 0.7313031795790417, "_timestamp": 1670106945.6266286, "_runtime": 1208.6883075237274, "_step": 53, "best_epoch": 43, "best_train_loss": 0.46141672134399414, "best_train_auc": 0.8415385982494669, "best_train_acc": 0.7888841859796515, "best_valid_auc": 0.8170464504820334, "best_valid_acc": 0.7384684281236006, "_wandb": {"runtime": 1208}}