{"epoch": 46, "train_loss_epoch": 0.4434422254562378, "train_auc_epoch": 0.8540056179486134, "train_acc_epoch": 0.7984126352415444, "valid_auc_epoch": 0.8233836715431808, "valid_acc_epoch": 0.7469771607702642, "_timestamp": 1669921619.616311, "_runtime": 1636.287584066391, "_step": 46, "best_epoch": 36, "best_train_loss": 0.4462897479534149, "best_train_auc": 0.8517849797220554, "best_train_acc": 0.7972698690651491, "best_valid_auc": 0.8241429181394124, "best_valid_acc": 0.7366771159874608, "_wandb": {"runtime": 1636}}