{"epoch": 30, "train_loss_epoch": 0.5700239539146423, "train_auc_epoch": 0.7848711340937704, "train_acc_epoch": 0.6489345960343297, "valid_auc_epoch": 0.7640793693598251, "valid_acc_epoch": 0.4890282131661442, "_timestamp": 1670433614.567403, "_runtime": 866.6568870544434, "_step": 30, "best_epoch": 20, "best_train_loss": 0.5694530010223389, "best_train_auc": 0.7891329969220942, "best_train_acc": 0.6489345960343297, "best_valid_auc": 0.7712589046944875, "best_valid_acc": 0.4890282131661442, "_wandb": {"runtime": 866}}