{"epoch": 29, "train_loss_epoch": 0.44658538699150085, "train_auc_epoch": 0.8515487127380921, "train_acc_epoch": 0.7960705926571335, "valid_auc_epoch": 0.8191251488797501, "valid_acc_epoch": 0.7407075682937752, "_timestamp": 1669991939.0446215, "_runtime": 966.1126184463501, "_step": 29, "best_epoch": 19, "best_train_loss": 0.4538717567920685, "best_train_auc": 0.8460799667247363, "best_train_acc": 0.7923393641193857, "best_valid_auc": 0.8242536750424567, "best_valid_acc": 0.7429467084639498, "_wandb": {"runtime": 965}}