{"epoch": 11, "train_loss_epoch": 0.6481163501739502, "train_auc_epoch": 0.4997050575131849, "train_acc_epoch": 0.6493812034100738, "valid_auc_epoch": 0.5, "valid_acc_epoch": 0.4890282131661442, "_timestamp": 1669730743.8066924, "_runtime": 375.85438346862793, "_step": 11, "best_epoch": 1, "best_train_loss": 0.6606233716011047, "best_train_auc": 0.4999221416743955, "best_train_acc": 0.628222684403443, "best_valid_auc": 0.5, "best_valid_acc": 0.4890282131661442, "_wandb": {"runtime": 375}}