{"epoch": 45, "train_loss_epoch": 0.44450536370277405, "train_auc_epoch": 0.856481168579897, "train_acc_epoch": 0.7961121534292266, "valid_auc_epoch": 0.8147839598321632, "valid_acc_epoch": 0.735333631885356, "_timestamp": 1670086696.1939576, "_runtime": 647.8777635097504, "_step": 45, "best_epoch": 35, "best_train_loss": 0.45329809188842773, "best_train_auc": 0.8494434054691751, "best_train_acc": 0.7917656868876382, "best_valid_auc": 0.8182318703791096, "best_valid_acc": 0.7433945364979848, "_wandb": {"runtime": 647}}