{"epoch": 23, "train_loss_epoch": 0.4555168151855469, "train_auc_epoch": 0.8493611418207871, "train_acc_epoch": 0.7948111557352961, "valid_auc_epoch": 0.7873627978798882, "valid_acc_epoch": 0.7214509628302732, "_timestamp": 1669973528.7731512, "_runtime": 343.1939072608948, "_step": 23, "best_epoch": 13, "best_train_loss": 0.4706205427646637, "best_train_auc": 0.8372765613863575, "best_train_acc": 0.7857152852604917, "best_valid_auc": 0.7899246532024797, "best_valid_acc": 0.7201074787281684, "_wandb": {"runtime": 342}}