{"epoch": 25, "train_loss_epoch": 0.5704385638237, "train_auc_epoch": 0.79647515930046, "train_acc_epoch": 0.6364180478821363, "valid_auc_epoch": 0.7729005948769314, "valid_acc_epoch": 0.4890282131661442, "_timestamp": 1670464901.5936866, "_runtime": 118.39182949066162, "_step": 25, "best_epoch": 15, "best_train_loss": 0.5710359215736389, "best_train_auc": 0.7988152651948859, "best_train_acc": 0.6364180478821363, "best_valid_auc": 0.7792984112002518, "best_valid_acc": 0.4890282131661442, "_wandb": {"runtime": 117}}