{"epoch": 37, "train_loss_epoch": 0.46496742963790894, "train_auc_epoch": 0.8427400471441129, "train_acc_epoch": 0.7822018951962455, "valid_auc_epoch": 0.803874337938101, "valid_acc_epoch": 0.7422885572139304, "_timestamp": 1669715970.439418, "_runtime": 489.416640996933, "_step": 37, "best_epoch": 32, "best_train_loss": 0.4688953757286072, "best_train_auc": 0.8395004419152314, "best_train_acc": 0.7807072609332496, "best_valid_auc": 0.8059186516491428, "best_valid_acc": 0.744776119402985, "_wandb": {"runtime": 489}}