{"epoch": 21, "train_loss_epoch": 0.5599921345710754, "train_auc_epoch": 0.8083426041062182, "train_acc_epoch": 0.64813266580767, "valid_auc_epoch": 0.770250455066406, "valid_acc_epoch": 0.4890282131661442, "_timestamp": 1670518913.7779279, "_runtime": 313.53362798690796, "_step": 21, "best_epoch": 11, "best_train_loss": 0.561430811882019, "best_train_auc": 0.8107421497561563, "best_train_acc": 0.64813266580767, "best_valid_auc": 0.7772445929764071, "best_valid_acc": 0.4890282131661442, "_wandb": {"runtime": 313}}