{"epoch": 58, "train_loss_epoch": 0.44125714898109436, "train_auc_epoch": 0.8564687483624399, "train_acc_epoch": 0.7993523626769009, "valid_auc_epoch": 0.8103508746584995, "valid_acc_epoch": 0.7344379758172862, "_timestamp": 1669919949.0104697, "_runtime": 843.1248717308044, "_step": 58, "best_epoch": 48, "best_train_loss": 0.4470568597316742, "best_train_auc": 0.8522117343637623, "best_train_acc": 0.7961583618436834, "best_valid_auc": 0.8122951398586806, "best_valid_acc": 0.7339901477832512, "_wandb": {"runtime": 842}}