{"epoch": 29, "train_loss_epoch": 0.4557639956474304, "train_auc_epoch": 0.8511253081906381, "train_acc_epoch": 0.7925691527088221, "valid_auc_epoch": 0.79772739676333, "valid_acc_epoch": 0.729064039408867, "_timestamp": 1670118439.91151, "_runtime": 273.5581810474396, "_step": 29, "best_epoch": 19, "best_train_loss": 0.4719931185245514, "best_train_auc": 0.8384997061903092, "best_train_acc": 0.7841398876097987, "best_valid_auc": 0.7994842580732151, "best_valid_acc": 0.7304075235109718, "_wandb": {"runtime": 273}}