{"epoch": 35, "train_loss_epoch": 0.42081090807914734, "train_auc_epoch": 0.871642833200588, "train_acc_epoch": 0.812034100737202, "valid_auc_epoch": 0.8046071661321442, "valid_acc_epoch": 0.7254814151365876, "_timestamp": 1669877403.8215718, "_runtime": 2835.78901386261, "_step": 35, "best_epoch": 25, "best_train_loss": 0.4258660078048706, "best_train_auc": 0.8677318443488022, "best_train_acc": 0.8092695935093283, "best_valid_auc": 0.8110992863403029, "best_valid_acc": 0.7344379758172862, "_wandb": {"runtime": 2836}}