{"epoch": 58, "train_loss_epoch": 0.4477849304676056, "train_auc_epoch": 0.8534634396824652, "train_acc_epoch": 0.7967615272428107, "valid_auc_epoch": 0.8063576067519976, "valid_acc_epoch": 0.7330944917151814, "_timestamp": 1670046203.0068624, "_runtime": 2533.5485224723816, "_step": 58, "best_epoch": 48, "best_train_loss": 0.45199453830718994, "best_train_auc": 0.8504862741751492, "best_train_acc": 0.7937399498896826, "best_valid_auc": 0.8089961090618409, "best_valid_acc": 0.7362292879534259, "_wandb": {"runtime": 2533}}