{"epoch": 16, "train_loss_epoch": 0.4568355679512024, "train_auc_epoch": 0.8478264399003803, "train_acc_epoch": 0.7906516722224257, "valid_auc_epoch": 0.8057099196450641, "valid_acc_epoch": 0.7268248992386923, "_timestamp": 1669941179.2559521, "_runtime": 143.6225380897522, "_step": 16, "best_epoch": 6, "best_train_loss": 0.47561779618263245, "best_train_auc": 0.8325649983926053, "best_train_acc": 0.7805292013138454, "best_valid_auc": 0.8083191275566386, "best_valid_acc": 0.7299596954769368, "_wandb": {"runtime": 143}}