{"epoch": 26, "train_loss_epoch": 0.44358915090560913, "train_auc_epoch": 0.8571964984300936, "train_acc_epoch": 0.7976026683343757, "valid_auc_epoch": 0.7999397257723289, "valid_acc_epoch": 0.7241379310344828, "_timestamp": 1669857935.4495397, "_runtime": 451.83786368370056, "_step": 26, "best_epoch": 16, "best_train_loss": 0.457302451133728, "best_train_auc": 0.8466667180371894, "best_train_acc": 0.7904315196998124, "best_valid_auc": 0.8051641609923819, "best_valid_acc": 0.7313031795790417, "_wandb": {"runtime": 451}}