{"epoch": 46, "train_loss_epoch": 0.475130558013916, "train_auc_epoch": 0.8343104171038664, "train_acc_epoch": 0.7798104422226949, "valid_auc_epoch": 0.8079403068447766, "valid_acc_epoch": 0.7348858038513211, "_timestamp": 1669926441.8606946, "_runtime": 446.46878576278687, "_step": 46, "best_epoch": 36, "best_train_loss": 0.4741542339324951, "best_train_auc": 0.8349064627448975, "best_train_acc": 0.7813231227398426, "best_valid_auc": 0.8124596700407392, "best_valid_acc": 0.7344379758172862, "_wandb": {"runtime": 445}}