{"epoch": 56, "train_loss_epoch": 0.4450158178806305, "train_auc_epoch": 0.8590772932175296, "train_acc_epoch": 0.7952227518440604, "valid_auc_epoch": 0.807006899031439, "valid_acc_epoch": 0.7299596954769368, "_timestamp": 1669889912.8070307, "_runtime": 489.69910764694214, "_step": 56, "best_epoch": 46, "best_train_loss": 0.45352357625961304, "best_train_auc": 0.8528433118118212, "best_train_acc": 0.7904561553005086, "best_valid_auc": 0.8084130301483501, "best_valid_acc": 0.7330944917151814, "_wandb": {"runtime": 489}}