{"epoch": 12, "train_loss_epoch": 0.4721423089504242, "train_auc_epoch": 0.8366731426122453, "train_acc_epoch": 0.7818694222639737, "valid_auc_epoch": 0.8090274423972541, "valid_acc_epoch": 0.7378109452736319, "_timestamp": 1669719797.8080294, "_runtime": 81.07607245445251, "_step": 12, "best_epoch": 7, "best_train_loss": 0.47797533869743347, "best_train_auc": 0.8328704527999253, "best_train_acc": 0.7783622984186629, "best_valid_auc": 0.8152231169759692, "best_valid_acc": 0.7427860696517413, "_wandb": {"runtime": 80}}