{"epoch": 22, "train_loss_epoch": 0.5717390179634094, "train_auc_epoch": 0.8023915471032237, "train_acc_epoch": 0.6426106909152716, "valid_auc_epoch": 0.7587722677556157, "valid_acc_epoch": 0.4890282131661442, "_timestamp": 1670495998.460422, "_runtime": 222.6865861415863, "_step": 22, "best_epoch": 12, "best_train_loss": 0.5759742259979248, "best_train_auc": 0.798976821706634, "best_train_acc": 0.6426106909152716, "best_valid_auc": 0.7660043724899115, "best_valid_acc": 0.4890282131661442, "_wandb": {"runtime": 222}}