{"epoch": 45, "train_loss_epoch": 0.45873767137527466, "train_auc_epoch": 0.8432790444033846, "train_acc_epoch": 0.7905064473930107, "valid_auc_epoch": 0.817050463413303, "valid_acc_epoch": 0.7375727720555306, "_timestamp": 1670123279.272583, "_runtime": 430.2149820327759, "_step": 45, "best_epoch": 35, "best_train_loss": 0.45863643288612366, "best_train_auc": 0.843511303368921, "best_train_acc": 0.7892671315740295, "best_valid_auc": 0.8236589586282838, "best_valid_acc": 0.748320644872369, "_wandb": {"runtime": 429}}