{"epoch": 41, "train_loss_epoch": 0.46133890748023987, "train_auc_epoch": 0.84091030798641, "train_acc_epoch": 0.7891753369893906, "valid_auc_epoch": 0.8178795350136279, "valid_acc_epoch": 0.7411553963278101, "_timestamp": 1670068217.8736427, "_runtime": 1101.2855286598206, "_step": 41, "best_epoch": 31, "best_train_loss": 0.4594781994819641, "best_train_auc": 0.8424107854254618, "best_train_acc": 0.7894760220730186, "best_valid_auc": 0.818705396268937, "best_valid_acc": 0.7429467084639498, "_wandb": {"runtime": 1099}}