{"epoch": 25, "train_loss_epoch": 0.45552337169647217, "train_auc_epoch": 0.8465023936051042, "train_acc_epoch": 0.7917312207510102, "valid_auc_epoch": 0.8109564259871008, "valid_acc_epoch": 0.729511867442902, "_timestamp": 1669844284.315374, "_runtime": 2225.335357904434, "_step": 25, "best_epoch": 15, "best_train_loss": 0.4591675102710724, "best_train_auc": 0.8428998459946175, "best_train_acc": 0.788832276509767, "best_valid_auc": 0.8124115148655027, "best_valid_acc": 0.7348858038513211, "_wandb": {"runtime": 2225}}