{"epoch": 26, "train_loss_epoch": 0.4550345242023468, "train_auc_epoch": 0.847354400449131, "train_acc_epoch": 0.7924839192272956, "valid_auc_epoch": 0.8056505282622723, "valid_acc_epoch": 0.7339901477832512, "_timestamp": 1669916066.349901, "_runtime": 499.40803694725037, "_step": 26, "best_epoch": 16, "best_train_loss": 0.4619271755218506, "best_train_auc": 0.841762792131523, "best_train_acc": 0.7878785789629711, "best_valid_auc": 0.8089042129357642, "best_valid_acc": 0.729511867442902, "_wandb": {"runtime": 499}}