{"epoch": 41, "train_loss_epoch": 0.452505886554718, "train_auc_epoch": 0.8478114425447463, "train_acc_epoch": 0.7917776571435785, "valid_auc_epoch": 0.8029570487940338, "valid_acc_epoch": 0.7308553515450067, "_timestamp": 1670011341.4661458, "_runtime": 585.0354218482971, "_step": 41, "best_epoch": 31, "best_train_loss": 0.45861008763313293, "best_train_auc": 0.8432309646269162, "best_train_acc": 0.7886341543472497, "best_valid_auc": 0.8030244660393653, "best_valid_acc": 0.7263770712046574, "_wandb": {"runtime": 584}}