{"epoch": 15, "train_loss_epoch": 0.4531639814376831, "train_auc_epoch": 0.8481766136855939, "train_acc_epoch": 0.792812917046125, "valid_auc_epoch": 0.8021247668486932, "valid_acc_epoch": 0.7223466188983431, "_timestamp": 1669739159.0446022, "_runtime": 249.0065722465515, "_step": 15, "best_epoch": 5, "best_train_loss": 0.46895942091941833, "best_train_auc": 0.8355827553131351, "best_train_acc": 0.7843588730232371, "best_valid_auc": 0.802664907397598, "best_valid_acc": 0.7281683833407971, "_wandb": {"runtime": 248}}