{"epoch": 100, "train_loss_epoch": 0.4814084768295288, "train_auc_epoch": 0.8309191879595783, "train_acc_epoch": 0.7744935543278084, "valid_auc_epoch": 0.7919142645260084, "valid_acc_epoch": 0.7241379310344828, "_timestamp": 1669877766.9019005, "_runtime": 562.9285795688629, "_step": 100, "best_epoch": 100, "best_train_loss": 0.4814084768295288, "best_train_auc": 0.8309191879595783, "best_train_acc": 0.7744935543278084, "best_valid_auc": 0.7919142645260084, "best_valid_acc": 0.7241379310344828, "_wandb": {"runtime": 562}}