{"epoch": 44, "train_loss_epoch": 0.46327003836631775, "train_auc_epoch": 0.842957010744908, "train_acc_epoch": 0.7882095803265077, "valid_auc_epoch": 0.804263659215456, "valid_acc_epoch": 0.7339901477832512, "_timestamp": 1670054795.8585687, "_runtime": 436.0332405567169, "_step": 44, "best_epoch": 34, "best_train_loss": 0.4689001739025116, "best_train_auc": 0.838396806341911, "best_train_acc": 0.7847540202937836, "best_valid_auc": 0.8055413765317359, "best_valid_acc": 0.7268248992386923, "_wandb": {"runtime": 435}}