{"epoch": 31, "train_loss_epoch": 0.4504806101322174, "train_auc_epoch": 0.850859383729109, "train_acc_epoch": 0.7943426063383463, "valid_auc_epoch": 0.8142470296282743, "valid_acc_epoch": 0.7357814599193909, "_timestamp": 1670083070.6291993, "_runtime": 378.00767517089844, "_step": 31, "best_epoch": 21, "best_train_loss": 0.4529303014278412, "best_train_auc": 0.8489512569328996, "best_train_acc": 0.793213063964371, "best_valid_auc": 0.8152061202017382, "best_valid_acc": 0.7407075682937752, "_wandb": {"runtime": 377}}