{"epoch": 46, "train_loss_epoch": 0.4453362226486206, "train_auc_epoch": 0.8531648284298312, "train_acc_epoch": 0.7956213385488544, "valid_auc_epoch": 0.8131787873242737, "valid_acc_epoch": 0.729511867442902, "_timestamp": 1669856325.3923917, "_runtime": 893.0789506435394, "_step": 46, "best_epoch": 36, "best_train_loss": 0.44619590044021606, "best_train_auc": 0.8524113842781483, "best_train_acc": 0.7964850069002075, "best_valid_auc": 0.8159404866240975, "best_valid_acc": 0.7380206000895656, "_wandb": {"runtime": 892}}