{"epoch": 20, "train_loss_epoch": 0.44845515489578247, "train_auc_epoch": 0.8533734960551902, "train_acc_epoch": 0.7935365542219024, "valid_auc_epoch": 0.8016456228550883, "valid_acc_epoch": 0.7330944917151814, "_timestamp": 1669880887.7934256, "_runtime": 512.0725824832916, "_step": 20, "best_epoch": 10, "best_train_loss": 0.46665629744529724, "best_train_auc": 0.8394475095719816, "best_train_acc": 0.7849116615977526, "best_valid_auc": 0.8050397601230204, "best_valid_acc": 0.7339901477832512, "_wandb": {"runtime": 511}}