{"epoch": 18, "train_loss_epoch": 0.4175232946872711, "train_auc_epoch": 0.8773749432500171, "train_acc_epoch": 0.8069617605221321, "valid_auc_epoch": 0.7972000975944884, "valid_acc_epoch": 0.7223466188983431, "_timestamp": 1669938554.9235246, "_runtime": 147.5306625366211, "_step": 18, "best_epoch": 8, "best_train_loss": 0.4676618278026581, "best_train_auc": 0.8436324170451038, "best_train_acc": 0.785540958915572, "best_valid_auc": 0.8016560564763895, "best_valid_acc": 0.7192118226600985, "_wandb": {"runtime": 147}}