{"epoch": 36, "train_loss_epoch": 0.4269365072250366, "train_auc_epoch": 0.8692856052687793, "train_acc_epoch": 0.8052991673659072, "valid_auc_epoch": 0.7920940438468922, "valid_acc_epoch": 0.7232422749664129, "_timestamp": 1669762231.467544, "_runtime": 447.88769817352295, "_step": 36, "best_epoch": 26, "best_train_loss": 0.43584316968917847, "best_train_auc": 0.8630349631960215, "best_train_acc": 0.8016362228103014, "best_valid_auc": 0.7942273181098773, "best_valid_acc": 0.7196596506941334, "_wandb": {"runtime": 447}}