{"epoch": 27, "train_loss_epoch": 0.47307467460632324, "train_auc_epoch": 0.8335332801217111, "train_acc_epoch": 0.7823014383989993, "valid_auc_epoch": 0.8070630800692151, "valid_acc_epoch": 0.7281683833407971, "_timestamp": 1669994408.3844528, "_runtime": 409.99016284942627, "_step": 27, "best_epoch": 17, "best_train_loss": 0.47269871830940247, "best_train_auc": 0.8337864098943916, "best_train_acc": 0.7819366270585782, "best_valid_auc": 0.8091883284696606, "best_valid_acc": 0.7304075235109718, "_wandb": {"runtime": 409}}