{"epoch": 36, "train_loss_epoch": 0.47004273533821106, "train_auc_epoch": 0.8392409975654928, "train_acc_epoch": 0.7827128975955402, "valid_auc_epoch": 0.8055774929131634, "valid_acc_epoch": 0.7268248992386923, "_timestamp": 1669853568.6066203, "_runtime": 388.75229120254517, "_step": 36, "best_epoch": 26, "best_train_loss": 0.46999824047088623, "best_train_auc": 0.8392863749468852, "best_train_acc": 0.7839372704300935, "best_valid_auc": 0.8073038559453986, "best_valid_acc": 0.7304075235109718, "_wandb": {"runtime": 388}}