{"epoch": 26, "train_loss_epoch": 0.4240485727787018, "train_auc_epoch": 0.8682581920072928, "train_acc_epoch": 0.8055558094263231, "valid_auc_epoch": 0.8123810165878527, "valid_acc_epoch": 0.7326466636811464, "_timestamp": 1669764055.2660244, "_runtime": 2173.379106283188, "_step": 26, "best_epoch": 16, "best_train_loss": 0.43088969588279724, "best_train_auc": 0.8631032278591876, "best_train_acc": 0.8021833901496112, "best_valid_auc": 0.8177575419030283, "best_valid_acc": 0.7330944917151814, "_wandb": {"runtime": 2173}}