{"epoch": 19, "train_loss_epoch": 0.45354530215263367, "train_auc_epoch": 0.8494032924405008, "train_acc_epoch": 0.7943798302642555, "valid_auc_epoch": 0.81491558397781, "valid_acc_epoch": 0.7411553963278101, "_timestamp": 1669779855.7050521, "_runtime": 530.6791090965271, "_step": 19, "best_epoch": 9, "best_train_loss": 0.4576832354068756, "best_train_auc": 0.8445455829602979, "best_train_acc": 0.7911946997221628, "best_valid_auc": 0.8212407662451484, "best_valid_acc": 0.742498880429915, "_wandb": {"runtime": 530}}