{"epoch": 16, "train_loss_epoch": 0.43668484687805176, "train_auc_epoch": 0.8618962286168799, "train_acc_epoch": 0.8003511075970571, "valid_auc_epoch": 0.796247427711056, "valid_acc_epoch": 0.7241379310344828, "_timestamp": 1670056521.1948848, "_runtime": 255.25218176841736, "_step": 16, "best_epoch": 6, "best_train_loss": 0.461222380399704, "best_train_auc": 0.8433575345203832, "best_train_acc": 0.7898714838986345, "best_valid_auc": 0.8073724770701107, "best_valid_acc": 0.7187639946260636, "_wandb": {"runtime": 254}}