{"epoch": 15, "train_loss_epoch": 0.42034080624580383, "train_auc_epoch": 0.875043614078397, "train_acc_epoch": 0.8057106483586433, "valid_auc_epoch": 0.7946045336492313, "valid_acc_epoch": 0.7214509628302732, "_timestamp": 1670094352.885528, "_runtime": 193.55347299575806, "_step": 15, "best_epoch": 5, "best_train_loss": 0.4660552144050598, "best_train_auc": 0.8411862189956891, "best_train_acc": 0.7852505228698736, "best_valid_auc": 0.8013269961122722, "best_valid_acc": 0.729511867442902, "_wandb": {"runtime": 193}}