{"epoch": 34, "train_loss_epoch": 0.40360596776008606, "train_auc_epoch": 0.8819775167621686, "train_acc_epoch": 0.8117420255928552, "valid_auc_epoch": 0.7993518313413142, "valid_acc_epoch": 0.729064039408867, "_timestamp": 1670078678.5293102, "_runtime": 1169.036711215973, "_step": 34, "best_epoch": 24, "best_train_loss": 0.45074665546417236, "best_train_auc": 0.8494065341521266, "best_train_acc": 0.792768690554643, "best_valid_auc": 0.8192078152639064, "best_valid_acc": 0.7474249888042992, "_wandb": {"runtime": 1168}}