{"epoch": 17, "train_loss_epoch": 0.42705363035202026, "train_auc_epoch": 0.8705136134906691, "train_acc_epoch": 0.8074397294643831, "valid_auc_epoch": 0.7779572895699102, "valid_acc_epoch": 0.7111509180474698, "_timestamp": 1669966403.9157238, "_runtime": 94.50799083709717, "_step": 17, "best_epoch": 7, "best_train_loss": 0.4691411554813385, "best_train_auc": 0.8389847535537901, "best_train_acc": 0.7873022799170939, "best_valid_auc": 0.7852688503433463, "best_valid_acc": 0.7098074339453649, "_wandb": {"runtime": 94}}