{"epoch": 100, "train_loss_epoch": 0.4807604253292084, "train_auc_epoch": 0.827247286913317, "train_acc_epoch": 0.780375025954735, "valid_auc_epoch": 0.7919447628036584, "valid_acc_epoch": 0.7317510076130765, "_timestamp": 1670026490.4464102, "_runtime": 2187.116284132004, "_step": 100, "best_epoch": 100, "best_train_loss": 0.4807604253292084, "best_train_auc": 0.827247286913317, "best_train_acc": 0.780375025954735, "best_valid_auc": 0.7919447628036584, "best_valid_acc": 0.7317510076130765, "_wandb": {"runtime": 2186}}