{"epoch": 11, "train_loss_epoch": 0.6522533893585205, "train_auc_epoch": 0.4978837764548282, "train_acc_epoch": 0.6425316686412103, "valid_auc_epoch": 0.5, "valid_acc_epoch": 0.4890282131661442, "_timestamp": 1669729097.7384932, "_runtime": 214.75440311431885, "_step": 11, "best_epoch": 1, "best_train_loss": 0.6527326107025146, "best_train_auc": 0.5011336588462304, "best_train_acc": 0.6425012910477232, "best_valid_auc": 0.5, "best_valid_acc": 0.4890282131661442, "_wandb": {"runtime": 214}}