{"epoch": 12, "train_loss_epoch": 0.6511871814727783, "train_auc_epoch": 0.500582462830464, "train_acc_epoch": 0.6440296105568072, "valid_auc_epoch": 0.5, "valid_acc_epoch": 0.4890282131661442, "_timestamp": 1669733213.7082386, "_runtime": 198.50898671150208, "_step": 12, "best_epoch": 2, "best_train_loss": 0.6514400839805603, "best_train_auc": 0.4986482712967243, "best_train_acc": 0.6440296105568072, "best_valid_auc": 0.5008916733281326, "best_valid_acc": 0.4890282131661442, "_wandb": {"runtime": 198}}