{"epoch": 19, "train_loss_epoch": 0.49735790491104126, "train_auc_epoch": 0.8163959209652132, "train_acc_epoch": 0.7693513107636055, "valid_auc_epoch": 0.8032181261818532, "valid_acc_epoch": 0.736318407960199, "_timestamp": 1669716087.0003324, "_runtime": 105.40396046638489, "_step": 19, "best_epoch": 14, "best_train_loss": 0.4996640384197235, "best_train_auc": 0.8144607318700574, "best_train_acc": 0.7683392641441676, "best_valid_auc": 0.8124867438254856, "best_valid_acc": 0.7268656716417911, "_wandb": {"runtime": 104}}