{"epoch": 37, "train_loss_epoch": 0.5548937916755676, "train_auc_epoch": 0.8164429362286747, "train_acc_epoch": 0.6441482960800881, "valid_auc_epoch": 0.7662636078499356, "valid_acc_epoch": 0.4890282131661442, "_timestamp": 1670400103.0122695, "_runtime": 852.8019034862518, "_step": 37, "best_epoch": 27, "best_train_loss": 0.5634888410568237, "best_train_auc": 0.8069266250396774, "best_train_acc": 0.6441482960800881, "best_valid_auc": 0.7855613930329092, "best_valid_acc": 0.4890282131661442, "_wandb": {"runtime": 852}}