{"epoch": 57, "train_loss_epoch": 0.4753659963607788, "train_auc_epoch": 0.8308396868013833, "train_acc_epoch": 0.7815971621387784, "valid_auc_epoch": 0.8067275990150661, "valid_acc_epoch": 0.7304075235109718, "_timestamp": 1669941001.5548954, "_runtime": 753.9315853118896, "_step": 57, "best_epoch": 47, "best_train_loss": 0.4752224385738373, "best_train_auc": 0.8309129853771569, "best_train_acc": 0.7818134625367711, "best_valid_auc": 0.8104897220804319, "best_valid_acc": 0.728616211374832, "_wandb": {"runtime": 753}}