{"epoch": 18, "train_loss_epoch": 0.44793063402175903, "train_auc_epoch": 0.852105889744982, "train_acc_epoch": 0.7931567346547621, "valid_auc_epoch": 0.8043712057734845, "valid_acc_epoch": 0.7259292431706225, "_timestamp": 1669963106.2891603, "_runtime": 545.2587382793427, "_step": 18, "best_epoch": 8, "best_train_loss": 0.458181768655777, "best_train_auc": 0.8444989150454336, "best_train_acc": 0.7883251609193567, "best_valid_auc": 0.8073271309467628, "best_valid_acc": 0.729064039408867, "_wandb": {"runtime": 544}}