{"epoch": 45, "train_loss_epoch": 0.44478386640548706, "train_auc_epoch": 0.8550547524108689, "train_acc_epoch": 0.7948018655464869, "valid_auc_epoch": 0.8095214017650477, "valid_acc_epoch": 0.7326466636811464, "_timestamp": 1669820548.8713553, "_runtime": 1811.0502762794495, "_step": 45, "best_epoch": 35, "best_train_loss": 0.44760048389434814, "best_train_auc": 0.852396833038213, "best_train_acc": 0.7936079477391429, "best_valid_auc": 0.8102148362884559, "best_valid_acc": 0.7389162561576355, "_wandb": {"runtime": 1811}}