{"epoch": 16, "train_loss_epoch": 0.5087328553199768, "train_auc_epoch": 0.8045446398900427, "train_acc_epoch": 0.7667498606702368, "valid_auc_epoch": 0.7805046983399306, "valid_acc_epoch": 0.7147335423197492, "_timestamp": 1670007374.003027, "_runtime": 92.43405485153198, "_step": 16, "best_epoch": 6, "best_train_loss": 0.5113837718963623, "best_train_auc": 0.8028324241119393, "best_train_acc": 0.7627517022462381, "best_valid_auc": 0.785173342579127, "best_valid_acc": 0.7156291983878191, "_wandb": {"runtime": 92}}