{"epoch": 53, "train_loss_epoch": 0.5591268539428711, "train_auc_epoch": 0.8365061023062487, "train_acc_epoch": 0.6343032797561674, "valid_auc_epoch": 0.7466520114416697, "valid_acc_epoch": 0.4890282131661442, "_timestamp": 1670528877.5045547, "_runtime": 560.659206867218, "_step": 53, "best_epoch": 43, "best_train_loss": 0.5626129508018494, "best_train_auc": 0.8309797762017567, "best_train_acc": 0.6343032797561674, "best_valid_auc": 0.7470051493934055, "best_valid_acc": 0.4890282131661442, "_wandb": {"runtime": 560}}