{"epoch": 61, "train_loss_epoch": 0.4858204126358032, "train_auc_epoch": 0.82676480331299, "train_acc_epoch": 0.7767472311637296, "valid_auc_epoch": 0.8028125832683238, "valid_acc_epoch": 0.7348858038513211, "_timestamp": 1669968326.7911856, "_runtime": 597.1594157218933, "_step": 61, "best_epoch": 51, "best_train_loss": 0.48754385113716125, "best_train_auc": 0.8258258793648755, "best_train_acc": 0.775628784985542, "best_valid_auc": 0.8049506730488325, "best_valid_acc": 0.7362292879534259, "_wandb": {"runtime": 596}}