{"epoch": 3, "train_loss_epoch": 0.6487618088722229, "train_auc_epoch": 0.49589513732885765, "train_acc_epoch": 0.648698026184255, "valid_auc_epoch": 0.49872469044248185, "valid_acc_epoch": 0.4890282131661442, "_timestamp": 1670387163.6197798, "_runtime": 47.53507375717163, "_step": 2}