{"epoch": 31, "train_loss_epoch": 0.45852890610694885, "train_auc_epoch": 0.842560079513668, "train_acc_epoch": 0.7900039229286653, "valid_auc_epoch": 0.8194012385511071, "valid_acc_epoch": 0.7402597402597403, "_timestamp": 1669833532.0391886, "_runtime": 2249.707005739212, "_step": 31, "best_epoch": 21, "best_train_loss": 0.45876723527908325, "best_train_auc": 0.8425562856088707, "best_train_acc": 0.7897622932645021, "best_valid_auc": 0.8222367757862938, "best_valid_acc": 0.7407075682937752, "_wandb": {"runtime": 2249}}