{"epoch": 25, "train_loss_epoch": 0.4156602621078491, "train_auc_epoch": 0.8760447023560766, "train_acc_epoch": 0.8087971648947259, "valid_auc_epoch": 0.7993253459949341, "valid_acc_epoch": 0.7214509628302732, "_timestamp": 1669804540.2477727, "_runtime": 882.2987937927246, "_step": 25, "best_epoch": 15, "best_train_loss": 0.4343099594116211, "best_train_auc": 0.8632210802593833, "best_train_acc": 0.801396706274755, "best_valid_auc": 0.8099547983421779, "best_valid_acc": 0.7326466636811464, "_wandb": {"runtime": 882}}