{"epoch": 19, "train_loss_epoch": 0.4629259407520294, "train_auc_epoch": 0.8369877926573626, "train_acc_epoch": 0.7768162474288322, "valid_auc_epoch": 0.8424935078583046, "valid_acc_epoch": 0.787322820150948, "_timestamp": 1669303168.1044555, "_runtime": 11193.073458433151, "_step": 19, "_wandb": {"runtime": 11197}}