{"epoch": 11, "train_loss_epoch": 0.6469029784202576, "train_auc_epoch": 0.5000654099439092, "train_acc_epoch": 0.6512702236345309, "valid_auc_epoch": 0.5, "valid_acc_epoch": 0.4890282131661442, "_timestamp": 1669733829.243848, "_runtime": 910.7885930538177, "_step": 11, "best_epoch": 1, "best_train_loss": 0.6470111608505249, "best_train_auc": 0.5008444911415371, "best_train_acc": 0.651195052363624, "best_valid_auc": 0.5, "best_valid_acc": 0.4890282131661442, "_wandb": {"runtime": 910}}