{"epoch": 17, "train_loss_epoch": 0.4260871112346649, "train_auc_epoch": 0.8707154526839651, "train_acc_epoch": 0.8065238381774674, "valid_auc_epoch": 0.791256946384028, "valid_acc_epoch": 0.7201074787281684, "_timestamp": 1669792807.8732624, "_runtime": 157.65505242347717, "_step": 17, "best_epoch": 7, "best_train_loss": 0.45664235949516296, "best_train_auc": 0.8480177463577834, "best_train_acc": 0.7912707630735646, "best_valid_auc": 0.8057203532663655, "best_valid_acc": 0.7313031795790417, "_wandb": {"runtime": 157}}