{"epoch": 24, "train_loss_epoch": 0.4691963493824005, "train_auc_epoch": 0.8406990860161576, "train_acc_epoch": 0.7857503339765475, "valid_auc_epoch": 0.8029722979328588, "valid_acc_epoch": 0.7281683833407971, "_timestamp": 1669819622.1517963, "_runtime": 102.87230944633484, "_step": 24, "best_epoch": 14, "best_train_loss": 0.4740501344203949, "best_train_auc": 0.8370893244591521, "best_train_acc": 0.7837613180941072, "best_valid_auc": 0.8038487221221664, "best_valid_acc": 0.7277205553067622, "_wandb": {"runtime": 102}}