{"epoch": 17, "train_loss_epoch": 0.4591922163963318, "train_auc_epoch": 0.8484349574232564, "train_acc_epoch": 0.7841544905201906, "valid_auc_epoch": 0.7937832151189597, "valid_acc_epoch": 0.7388059701492538, "_timestamp": 1669715470.773038, "_runtime": 106.40978002548218, "_step": 17, "best_epoch": 12, "best_train_loss": 0.47462180256843567, "best_train_auc": 0.8361907660142845, "best_train_acc": 0.7774083192122007, "best_valid_auc": 0.7993346271691582, "best_valid_acc": 0.7353233830845771, "_wandb": {"runtime": 106}}