{"epoch": 22, "train_loss_epoch": 0.5734613537788391, "train_auc_epoch": 0.7957687538374829, "train_acc_epoch": 0.6496382975067443, "valid_auc_epoch": 0.7719158215433413, "valid_acc_epoch": 0.4890282131661442, "_timestamp": 1670470516.6055589, "_runtime": 992.2418138980865, "_step": 22, "best_epoch": 12, "best_train_loss": 0.5738392472267151, "best_train_auc": 0.794490649579852, "best_train_acc": 0.6496382975067443, "best_valid_auc": 0.7765888800069345, "best_valid_acc": 0.4890282131661442, "_wandb": {"runtime": 992}}