{"epoch": 25, "train_loss_epoch": 0.46892687678337097, "train_auc_epoch": 0.8347842844629282, "train_acc_epoch": 0.7849420108392663, "valid_auc_epoch": 0.8064635481375182, "valid_acc_epoch": 0.7272727272727273, "_timestamp": 1669760826.9114199, "_runtime": 494.68462777137756, "_step": 25, "best_epoch": 15, "best_train_loss": 0.4695456624031067, "best_train_auc": 0.834283981702214, "best_train_acc": 0.7844713344361479, "best_valid_auc": 0.8093624896867666, "best_valid_acc": 0.7299596954769368, "_wandb": {"runtime": 494}}