{"epoch": 17, "train_loss_epoch": 0.5644763708114624, "train_auc_epoch": 0.808589365096423, "train_acc_epoch": 0.6430150066547005, "valid_auc_epoch": 0.7688037933436707, "valid_acc_epoch": 0.4890282131661442, "_timestamp": 1670459405.5288649, "_runtime": 401.829384803772, "_step": 17, "best_epoch": 7, "best_train_loss": 0.5708165168762207, "best_train_auc": 0.8022387109801817, "best_train_acc": 0.6430150066547005, "best_valid_auc": 0.7724523504541032, "best_valid_acc": 0.4890282131661442, "_wandb": {"runtime": 401}}