{"epoch": 59, "train_loss_epoch": 0.44131889939308167, "train_auc_epoch": 0.8571503742502532, "train_acc_epoch": 0.8007750641788549, "valid_auc_epoch": 0.8064466938261855, "valid_acc_epoch": 0.735333631885356, "_timestamp": 1669982087.2615755, "_runtime": 1057.7633485794067, "_step": 59, "best_epoch": 49, "best_train_loss": 0.4454156756401062, "best_train_auc": 0.8542887865659647, "best_train_acc": 0.7974997295144046, "best_valid_auc": 0.8069619542012181, "best_valid_acc": 0.7339901477832512, "_wandb": {"runtime": 1057}}