{"epoch": 34, "train_loss_epoch": 0.47876328229904175, "train_auc_epoch": 0.8277558698036181, "train_acc_epoch": 0.7793425825511388, "valid_auc_epoch": 0.8027844927494359, "valid_acc_epoch": 0.7313031795790417, "_timestamp": 1669743703.1067667, "_runtime": 425.70109581947327, "_step": 34, "best_epoch": 24, "best_train_loss": 0.47804704308509827, "best_train_auc": 0.8281732279162823, "best_train_acc": 0.7799109980928163, "best_valid_auc": 0.8069274429922985, "best_valid_acc": 0.7326466636811464, "_wandb": {"runtime": 425}}