{"epoch": 36, "train_loss_epoch": 0.4812350869178772, "train_auc_epoch": 0.8282404057640635, "train_acc_epoch": 0.7771710612619703, "valid_auc_epoch": 0.8042604488704401, "valid_acc_epoch": 0.729511867442902, "_timestamp": 1670045100.5125525, "_runtime": 237.68814253807068, "_step": 36, "best_epoch": 26, "best_train_loss": 0.4823462665081024, "best_train_auc": 0.8275726279126058, "best_train_acc": 0.7767939131575495, "best_valid_auc": 0.8091241215693451, "best_valid_acc": 0.7366771159874608, "_wandb": {"runtime": 237}}