{"epoch": 71, "train_loss_epoch": 0.4407791793346405, "train_auc_epoch": 0.8610265158012256, "train_acc_epoch": 0.797626670935724, "valid_auc_epoch": 0.8030798444908873, "valid_acc_epoch": 0.7313031795790417, "_timestamp": 1669857017.73831, "_runtime": 656.2337720394135, "_step": 71, "best_epoch": 61, "best_train_loss": 0.44668614864349365, "best_train_auc": 0.8563614196396769, "best_train_acc": 0.7960257744336828, "best_valid_auc": 0.8032624328636598, "best_valid_acc": 0.7330944917151814, "_wandb": {"runtime": 655}}