{"epoch": 15, "train_loss_epoch": 0.4777054488658905, "train_auc_epoch": 0.8324256240409633, "train_acc_epoch": 0.7771577669275879, "valid_auc_epoch": 0.8069233825475555, "valid_acc_epoch": 0.7353233830845771, "_timestamp": 1669714232.8821197, "_runtime": 105.13655161857605, "_step": 15, "best_epoch": 10, "best_train_loss": 0.4788414239883423, "best_train_auc": 0.8313560149625945, "best_train_acc": 0.7764085871502752, "best_valid_auc": 0.8093958769189713, "best_valid_acc": 0.7373134328358208, "_wandb": {"runtime": 104}}