{"epoch": 25, "train_loss_epoch": 0.4489034414291382, "train_auc_epoch": 0.8517395201417786, "train_acc_epoch": 0.7922610953146249, "valid_auc_epoch": 0.8092644354139261, "valid_acc_epoch": 0.735820895522388, "_timestamp": 1669718201.69554, "_runtime": 261.6946108341217, "_step": 25, "best_epoch": 20, "best_train_loss": 0.45122626423835754, "best_train_auc": 0.8497970238164329, "best_train_acc": 0.7908888614167388, "best_valid_auc": 0.8127516183735309, "best_valid_acc": 0.746268656716418, "_wandb": {"runtime": 261}}