{"epoch": 61, "train_loss_epoch": 0.4351625442504883, "train_auc_epoch": 0.8607026845408778, "train_acc_epoch": 0.8002707878588197, "valid_auc_epoch": 0.8122309329583651, "valid_acc_epoch": 0.728616211374832, "_timestamp": 1669851451.0654085, "_runtime": 1289.9846704006195, "_step": 61, "best_epoch": 51, "best_train_loss": 0.45705941319465637, "best_train_auc": 0.8446358117183899, "best_train_acc": 0.7908241011490466, "best_valid_auc": 0.8194887204527869, "best_valid_acc": 0.741603224361845, "_wandb": {"runtime": 1289}}