{"epoch": 48, "train_loss_epoch": 0.4525011479854584, "train_auc_epoch": 0.8479187689600403, "train_acc_epoch": 0.7917456035583378, "valid_auc_epoch": 0.8171002237610475, "valid_acc_epoch": 0.7393640841916704, "_timestamp": 1669844511.8355148, "_runtime": 1293.5250496864319, "_step": 48, "best_epoch": 38, "best_train_loss": 0.45363426208496094, "best_train_auc": 0.8474411370359648, "best_train_acc": 0.7921368559779252, "best_valid_auc": 0.8178578651847714, "best_valid_acc": 0.741603224361845, "_wandb": {"runtime": 1293}}