{"epoch": 16, "train_loss_epoch": 0.37207838892936707, "train_auc_epoch": 0.9051632686565968, "train_acc_epoch": 0.8257086153376418, "valid_auc_epoch": 0.777434805918592, "valid_acc_epoch": 0.7084639498432602, "_timestamp": 1669968528.179517, "_runtime": 167.55445313453674, "_step": 16, "best_epoch": 6, "best_train_loss": 0.44082409143447876, "best_train_auc": 0.8622013900463916, "best_train_acc": 0.7983817617424049, "best_valid_auc": 0.7944841457111396, "best_valid_acc": 0.7183161665920287, "_wandb": {"runtime": 167}}