{"epoch": 12, "train_loss_epoch": 0.6489803194999695, "train_auc_epoch": 0.5017230824251303, "train_acc_epoch": 0.6480011966642982, "valid_auc_epoch": 0.5, "valid_acc_epoch": 0.4890282131661442, "_timestamp": 1670092664.2173858, "_runtime": 163.44170570373535, "_step": 12, "best_epoch": 2, "best_train_loss": 0.5629149079322815, "best_train_auc": 0.732990518587132, "best_train_acc": 0.7337347144833776, "best_valid_auc": 0.7615829248169301, "best_valid_acc": 0.6981639050604568, "_wandb": {"runtime": 163}}