{"epoch": 63, "train_loss_epoch": 0.455554723739624, "train_auc_epoch": 0.8508937284477847, "train_acc_epoch": 0.7920462062999338, "valid_auc_epoch": 0.8071529697296569, "valid_acc_epoch": 0.7321988356471115, "_timestamp": 1669788574.2900245, "_runtime": 495.9759225845337, "_step": 63, "best_epoch": 53, "best_train_loss": 0.46022894978523254, "best_train_auc": 0.8470815357437654, "best_train_acc": 0.7894763625260801, "best_valid_auc": 0.8083640723868594, "best_valid_acc": 0.7362292879534259, "_wandb": {"runtime": 495}}