{"epoch": 19, "train_loss_epoch": 0.48470625281333923, "train_auc_epoch": 0.8230065597789943, "train_acc_epoch": 0.7765417112555703, "valid_auc_epoch": 0.81004067507135, "valid_acc_epoch": 0.7330944917151814, "_timestamp": 1670084146.9905188, "_runtime": 1582.9296128749847, "_step": 19, "best_epoch": 9, "best_train_loss": 0.4731150269508362, "best_train_auc": 0.8327445070058274, "best_train_acc": 0.7830583462441502, "best_valid_auc": 0.8150271434671084, "best_valid_acc": 0.7433945364979848, "_wandb": {"runtime": 1583}}