{"epoch": 49, "train_loss_epoch": 0.45156440138816833, "train_auc_epoch": 0.8532769459454955, "train_acc_epoch": 0.7908010116050959, "valid_auc_epoch": 0.806193076569939, "valid_acc_epoch": 0.7326466636811464, "_timestamp": 1669783019.8058708, "_runtime": 356.0392258167267, "_step": 49, "best_epoch": 39, "best_train_loss": 0.45985934138298035, "best_train_auc": 0.8466533499164226, "best_train_acc": 0.787964735635444, "best_valid_auc": 0.8095005345224452, "best_valid_acc": 0.7393640841916704, "_wandb": {"runtime": 355}}