{"epoch": 48, "train_loss_epoch": 0.45033955574035645, "train_auc_epoch": 0.8540868149366121, "train_acc_epoch": 0.7976964769647696, "valid_auc_epoch": 0.7748930152523492, "valid_acc_epoch": 0.6945812807881774, "_timestamp": 1669734550.4682262, "_runtime": 420.6875171661377, "_step": 48, "best_epoch": 38, "best_train_loss": 0.46026545763015747, "best_train_auc": 0.8472194015754861, "best_train_acc": 0.7932249322493224, "best_valid_auc": 0.7761715351548832, "best_valid_acc": 0.6963725929243171, "_wandb": {"runtime": 420}}