{"epoch": 28, "train_loss_epoch": 0.5734007954597473, "train_auc_epoch": 0.7855753946826913, "train_acc_epoch": 0.641778184184149, "valid_auc_epoch": 0.7673178048944921, "valid_acc_epoch": 0.4890282131661442, "_timestamp": 1670526144.1427286, "_runtime": 436.1081705093384, "_step": 28, "best_epoch": 18, "best_train_loss": 0.5729678869247437, "best_train_auc": 0.7872272575583944, "best_train_acc": 0.641778184184149, "best_valid_auc": 0.775518631237299, "best_valid_acc": 0.4890282131661442, "_wandb": {"runtime": 435}}