{"epoch": 42, "train_loss_epoch": 0.4607590138912201, "train_auc_epoch": 0.8407783965091136, "train_acc_epoch": 0.7884205379529134, "valid_auc_epoch": 0.8210056084727424, "valid_acc_epoch": 0.742498880429915, "_timestamp": 1669753859.5265226, "_runtime": 2007.5502166748047, "_step": 42, "best_epoch": 32, "best_train_loss": 0.460452675819397, "best_train_auc": 0.8411267564492576, "best_train_acc": 0.788588257366862, "best_valid_auc": 0.8227656801276433, "best_valid_acc": 0.7447380206000895, "_wandb": {"runtime": 2007}}