{"epoch": 61, "train_loss_epoch": 0.46458086371421814, "train_auc_epoch": 0.8390832851912287, "train_acc_epoch": 0.7885295474347804, "valid_auc_epoch": 0.8004610055442658, "valid_acc_epoch": 0.7330944917151814, "_timestamp": 1669824991.128052, "_runtime": 1642.173954963684, "_step": 61, "best_epoch": 51, "best_train_loss": 0.4654728174209595, "best_train_auc": 0.8380729903915409, "best_train_acc": 0.7880682691814873, "best_valid_auc": 0.8007700012520346, "best_valid_acc": 0.7330944917151814, "_wandb": {"runtime": 1641}}