{"epoch": 79, "train_loss_epoch": 0.47596049308776855, "train_auc_epoch": 0.8341809798985923, "train_acc_epoch": 0.7768994290733421, "valid_auc_epoch": 0.7963981044541741, "valid_acc_epoch": 0.7333333333333333, "_timestamp": 1669709343.2102218, "_runtime": 418.9825026988983, "_step": 79, "best_epoch": 74, "best_train_loss": 0.4766473174095154, "best_train_auc": 0.833375927110309, "best_train_acc": 0.777519439923532, "best_valid_auc": 0.7964483907875437, "best_valid_acc": 0.7353233830845771, "_wandb": {"runtime": 418}}