{"epoch": 17, "train_loss_epoch": 0.4347439408302307, "train_auc_epoch": 0.8672929067365275, "train_acc_epoch": 0.8004502835646499, "valid_auc_epoch": 0.8019514082178412, "valid_acc_epoch": 0.7308553515450067, "_timestamp": 1670073124.6216092, "_runtime": 240.4706642627716, "_step": 17, "best_epoch": 7, "best_train_loss": 0.45990172028541565, "best_train_auc": 0.8480389145106328, "best_train_acc": 0.7891361965288267, "best_valid_auc": 0.8116691225806036, "best_valid_acc": 0.7330944917151814, "_wandb": {"runtime": 240}}