{"epoch": 40, "train_loss_epoch": 0.4467608332633972, "train_auc_epoch": 0.85405436248923, "train_acc_epoch": 0.7972053988579338, "valid_auc_epoch": 0.8110952734090333, "valid_acc_epoch": 0.7362292879534259, "_timestamp": 1669992223.8461008, "_runtime": 787.6626408100128, "_step": 40, "best_epoch": 30, "best_train_loss": 0.46159350872039795, "best_train_auc": 0.8420380052220083, "best_train_acc": 0.7883716906039107, "best_valid_auc": 0.8178321824246452, "best_valid_acc": 0.7411553963278101, "_wandb": {"runtime": 787}}