{"epoch": 21, "train_loss_epoch": 0.4595951735973358, "train_auc_epoch": 0.8433938454675128, "train_acc_epoch": 0.7896125538119706, "valid_auc_epoch": 0.8069226274747747, "valid_acc_epoch": 0.729064039408867, "_timestamp": 1669931710.385525, "_runtime": 711.2007100582123, "_step": 21, "best_epoch": 11, "best_train_loss": 0.4652022421360016, "best_train_auc": 0.8389287572838455, "best_train_acc": 0.7857115804623095, "best_valid_auc": 0.8085534827427903, "best_valid_acc": 0.7304075235109718, "_wandb": {"runtime": 710}}