{"epoch": 12, "train_loss_epoch": 0.56144779920578, "train_auc_epoch": 0.8090832041632072, "train_acc_epoch": 0.6496382975067443, "valid_auc_epoch": 0.7767634425171673, "valid_acc_epoch": 0.4890282131661442, "_timestamp": 1670559278.9206567, "_runtime": 575.877566576004, "_step": 12, "best_epoch": 2, "best_train_loss": 0.5672202706336975, "best_train_auc": 0.8034899901456228, "best_train_acc": 0.6496382975067443, "best_valid_auc": 0.7800452177095474, "best_valid_acc": 0.4890282131661442, "_wandb": {"runtime": 575}}