{"epoch": 40, "train_loss_epoch": 0.45756611227989197, "train_auc_epoch": 0.8445885492708208, "train_acc_epoch": 0.7875497490915383, "valid_auc_epoch": 0.8035397264143979, "valid_acc_epoch": 0.7313031795790417, "_timestamp": 1669814182.8531034, "_runtime": 2611.490076303482, "_step": 40, "best_epoch": 30, "best_train_loss": 0.46317440271377563, "best_train_auc": 0.8403920116619619, "best_train_acc": 0.7845301955355598, "best_valid_auc": 0.8058913041384558, "best_valid_acc": 0.7335423197492164, "_wandb": {"runtime": 2611}}