{"epoch": 52, "train_loss_epoch": 0.5699254870414734, "train_auc_epoch": 0.8086436610680903, "train_acc_epoch": 0.6355229417862404, "valid_auc_epoch": 0.7714667745342592, "valid_acc_epoch": 0.4890282131661442, "_timestamp": 1670406437.667756, "_runtime": 287.98485016822815, "_step": 52, "best_epoch": 42, "best_train_loss": 0.5725418925285339, "best_train_auc": 0.8051816801937071, "best_train_acc": 0.6355229417862404, "best_valid_auc": 0.7731911311008594, "best_valid_acc": 0.4890282131661442, "_wandb": {"runtime": 287}}