{"epoch": 29, "train_loss_epoch": 0.5632263422012329, "train_auc_epoch": 0.8178284344667113, "train_acc_epoch": 0.6427402639904003, "valid_auc_epoch": 0.7547119838969093, "valid_acc_epoch": 0.4890282131661442, "_timestamp": 1670530052.9714625, "_runtime": 368.5739915370941, "_step": 29, "best_epoch": 19, "best_train_loss": 0.5712922811508179, "best_train_auc": 0.8080297549271103, "best_train_acc": 0.6427402639904003, "best_valid_auc": 0.7566032784043302, "best_valid_acc": 0.4890282131661442, "_wandb": {"runtime": 368}}