{"epoch": 11, "train_loss_epoch": 0.6518923044204712, "train_auc_epoch": 0.49843927153971634, "train_acc_epoch": 0.6483618878958857, "valid_auc_epoch": 0.5, "valid_acc_epoch": 0.4890282131661442, "_timestamp": 1669957774.6125197, "_runtime": 832.6729507446289, "_step": 11, "best_epoch": 1, "best_train_loss": 0.6514142155647278, "best_train_auc": 0.49827382189213326, "best_train_acc": 0.6485060335241547, "best_valid_auc": 0.5, "best_valid_acc": 0.4890282131661442, "_wandb": {"runtime": 832}}