{"epoch": 28, "train_loss_epoch": 0.42110559344291687, "train_auc_epoch": 0.8724373235267082, "train_acc_epoch": 0.808820835928056, "valid_auc_epoch": 0.7996736684291459, "valid_acc_epoch": 0.7214509628302732, "_timestamp": 1669803621.636838, "_runtime": 708.3360440731049, "_step": 28, "best_epoch": 18, "best_train_loss": 0.4498159885406494, "best_train_auc": 0.8519205677899362, "best_train_acc": 0.793863023065558, "best_valid_auc": 0.8099202871332583, "best_valid_acc": 0.7232422749664129, "_wandb": {"runtime": 707}}