{"epoch": 19, "train_loss_epoch": 0.6003992557525635, "train_auc_epoch": 0.7388845180129219, "train_acc_epoch": 0.6544368600682594, "valid_auc_epoch": 0.72160383075414, "valid_acc_epoch": 0.6482587064676617, "_timestamp": 1668396597.4769397, "_runtime": 43.72304558753967, "_step": 19, "_wandb": {"runtime": 43}}