{"epoch": 40, "train_loss_epoch": 0.48944729566574097, "train_auc_epoch": 0.8256281744638074, "train_acc_epoch": 0.7752708920884667, "valid_auc_epoch": 0.8010850163567078, "valid_acc_epoch": 0.7313031795790417, "_timestamp": 1669993168.131867, "_runtime": 281.9316098690033, "_step": 40, "best_epoch": 30, "best_train_loss": 0.4899526536464691, "best_train_auc": 0.8249601370402463, "best_train_acc": 0.7745880955915095, "best_valid_auc": 0.8023591220348452, "best_valid_acc": 0.728616211374832, "_wandb": {"runtime": 281}}