{"epoch": 14, "train_loss_epoch": 0.47273680567741394, "train_auc_epoch": 0.8374552684278449, "train_acc_epoch": 0.7818393338231693, "valid_auc_epoch": 0.8108307800157133, "valid_acc_epoch": 0.7388059701492538, "_timestamp": 1669713081.854507, "_runtime": 84.43714094161987, "_step": 14, "best_epoch": 9, "best_train_loss": 0.4762037694454193, "best_train_auc": 0.8356417286025077, "best_train_acc": 0.7779512613274553, "best_valid_auc": 0.8141287668695711, "best_valid_acc": 0.7383084577114428, "_wandb": {"runtime": 84}}