{"epoch": 12, "train_loss_epoch": 0.5094524621963501, "train_auc_epoch": 0.8007532246310016, "train_acc_epoch": 0.7605531530368553, "valid_auc_epoch": 0.774461223847727, "valid_acc_epoch": 0.7057769816390506, "_timestamp": 1669992699.3902807, "_runtime": 460.8856997489929, "_step": 12, "best_epoch": 2, "best_train_loss": 0.5095614194869995, "best_train_auc": 0.7985684062533651, "best_train_acc": 0.7624733750726135, "best_valid_auc": 0.7902781924473423, "best_valid_acc": 0.7147335423197492, "_wandb": {"runtime": 460}}