{"epoch": 38, "train_loss_epoch": 0.46236899495124817, "train_auc_epoch": 0.8408193289775606, "train_acc_epoch": 0.7881255091121084, "valid_auc_epoch": 0.8183996109061841, "valid_acc_epoch": 0.7402597402597403, "_timestamp": 1670085205.362935, "_runtime": 1071.2445831298828, "_step": 38, "best_epoch": 28, "best_train_loss": 0.4624301493167877, "best_train_auc": 0.8407441833423404, "best_train_acc": 0.7879298503410053, "best_valid_auc": 0.8193839829466474, "best_valid_acc": 0.7411553963278101, "_wandb": {"runtime": 1071}}