{"epoch": 15, "train_loss_epoch": 0.44353851675987244, "train_auc_epoch": 0.8597029124756366, "train_acc_epoch": 0.7963846955341782, "valid_auc_epoch": 0.8020380875332673, "valid_acc_epoch": 0.7304075235109718, "_timestamp": 1670063992.3019266, "_runtime": 124.82657051086426, "_step": 15, "best_epoch": 5, "best_train_loss": 0.47531774640083313, "best_train_auc": 0.8344881513813304, "best_train_acc": 0.7802224429959533, "best_valid_auc": 0.8041272195522853, "best_valid_acc": 0.7281683833407971, "_wandb": {"runtime": 124}}