{"epoch": 37, "train_loss_epoch": 0.427327960729599, "train_auc_epoch": 0.8657174861190876, "train_acc_epoch": 0.8062001334344755, "valid_auc_epoch": 0.8183614880591218, "valid_acc_epoch": 0.729511867442902, "_timestamp": 1669816062.8608382, "_runtime": 1221.514600276947, "_step": 37, "best_epoch": 27, "best_train_loss": 0.437673956155777, "best_train_auc": 0.8583174636762385, "best_train_acc": 0.8002915451895044, "best_valid_auc": 0.8223764257944801, "best_valid_acc": 0.7411553963278101, "_wandb": {"runtime": 1221}}