{"epoch": 21, "train_loss_epoch": 0.4621198773384094, "train_auc_epoch": 0.8413892028537884, "train_acc_epoch": 0.7880029652814958, "valid_auc_epoch": 0.8095290263344601, "valid_acc_epoch": 0.7321988356471115, "_timestamp": 1669839204.5187175, "_runtime": 964.1791934967041, "_step": 21, "best_epoch": 11, "best_train_loss": 0.46600547432899475, "best_train_auc": 0.8381810219638441, "best_train_acc": 0.7855988221242948, "best_valid_auc": 0.8106739156257123, "best_valid_acc": 0.7362292879534259, "_wandb": {"runtime": 964}}