{"epoch": 100, "train_loss_epoch": 0.47899407148361206, "train_auc_epoch": 0.8322339531244787, "train_acc_epoch": 0.7803488280325152, "valid_auc_epoch": 0.7938733775718878, "valid_acc_epoch": 0.7245857590685177, "_timestamp": 1669885745.330104, "_runtime": 2058.9883692264557, "_step": 100, "best_epoch": 99, "best_train_loss": 0.47907760739326477, "best_train_auc": 0.8322381324309204, "best_train_acc": 0.7803330439586458, "best_valid_auc": 0.7941687293133393, "best_valid_acc": 0.7254814151365876, "_wandb": {"runtime": 2058}}