{"epoch": 24, "train_loss_epoch": 0.4300522208213806, "train_auc_epoch": 0.8657253536222337, "train_acc_epoch": 0.8036290582843865, "valid_auc_epoch": 0.7989304735579933, "valid_acc_epoch": 0.7192118226600985, "_timestamp": 1669750613.4919226, "_runtime": 673.9224367141724, "_step": 24, "best_epoch": 14, "best_train_loss": 0.45567625761032104, "best_train_auc": 0.8465738388164, "best_train_acc": 0.7913573872071258, "best_valid_auc": 0.8030910806984427, "best_valid_acc": 0.7272727272727273, "_wandb": {"runtime": 673}}