{"epoch": 22, "train_loss_epoch": 0.45610541105270386, "train_auc_epoch": 0.8495645072107842, "train_acc_epoch": 0.7923389741571559, "valid_auc_epoch": 0.8025421117007445, "valid_acc_epoch": 0.7218987908643081, "_timestamp": 1669844460.0185065, "_runtime": 201.06078243255615, "_step": 22, "best_epoch": 12, "best_train_loss": 0.4628927707672119, "best_train_auc": 0.844614722246933, "best_train_acc": 0.7872720713629805, "best_valid_auc": 0.8048832558035013, "best_valid_acc": 0.7241379310344828, "_wandb": {"runtime": 200}}