{"epoch": 47, "train_loss_epoch": 0.44754758477211, "train_auc_epoch": 0.8535478582021844, "train_acc_epoch": 0.7961767534773602, "valid_auc_epoch": 0.8022419444417692, "valid_acc_epoch": 0.7232422749664129, "_timestamp": 1669875356.8832266, "_runtime": 466.0273985862732, "_step": 47, "best_epoch": 37, "best_train_loss": 0.4564321041107178, "best_train_auc": 0.8468227655478425, "best_train_acc": 0.7928751109795797, "best_valid_auc": 0.8024008565200501, "best_valid_acc": 0.7245857590685177, "_wandb": {"runtime": 465}}