{"epoch": 26, "train_loss_epoch": 0.6559152603149414, "train_auc_epoch": 0.5027999943678773, "train_acc_epoch": 0.6365070479873798, "valid_auc_epoch": 0.49519250833887124, "valid_acc_epoch": 0.4890282131661442, "_timestamp": 1669727950.531132, "_runtime": 293.8397789001465, "_step": 26, "best_epoch": 16, "best_train_loss": 0.6563594937324524, "best_train_auc": 0.5000469334233398, "best_train_acc": 0.6365070479873798, "best_valid_auc": 0.5054961106670134, "best_valid_acc": 0.4890282131661442, "_wandb": {"runtime": 293}}