{"epoch": 19, "train_loss_epoch": 0.42239460349082947, "train_auc_epoch": 0.8760004121746139, "train_acc_epoch": 0.8124483456353843, "valid_auc_epoch": 0.78791658239511, "valid_acc_epoch": 0.7151813703537842, "_timestamp": 1669885473.9975386, "_runtime": 400.7018506526947, "_step": 19, "best_epoch": 9, "best_train_loss": 0.46022579073905945, "best_train_auc": 0.8493146886614262, "best_train_acc": 0.7917011029097438, "best_valid_auc": 0.7951045448854388, "best_valid_acc": 0.7183161665920287, "_wandb": {"runtime": 400}}