{"epoch": 19, "train_loss_epoch": 0.6001441478729248, "train_auc_epoch": 0.7392143545441865, "train_acc_epoch": 0.6544368600682594, "valid_auc_epoch": 0.7215115927324373, "valid_acc_epoch": 0.6487562189054726, "_timestamp": 1669364627.8775687, "_runtime": 44.625096797943115, "_step": 19, "_wandb": {"runtime": 44}}