{"epoch": 64, "train_loss_epoch": 0.5130874514579773, "train_auc_epoch": 0.8026215157567878, "train_acc_epoch": 0.7578700420099296, "valid_auc_epoch": 0.7584303660114353, "valid_acc_epoch": 0.6847290640394089, "_timestamp": 1670028815.693938, "_runtime": 638.849869966507, "_step": 64, "best_epoch": 54, "best_train_loss": 0.5198195576667786, "best_train_auc": 0.7958080139481705, "best_train_acc": 0.7530143488460909, "best_valid_auc": 0.7600973376608784, "best_valid_acc": 0.6856247201074788, "_wandb": {"runtime": 638}}