{"epoch": 15, "train_loss_epoch": 0.4041941165924072, "train_auc_epoch": 0.8871781109317936, "train_acc_epoch": 0.8152562574493445, "valid_auc_epoch": 0.7883475712134782, "valid_acc_epoch": 0.7201074787281684, "_timestamp": 1669869264.1244667, "_runtime": 136.9326446056366, "_step": 15, "best_epoch": 5, "best_train_loss": 0.4693821966648102, "best_train_auc": 0.8407148515597511, "best_train_acc": 0.7830999205403257, "best_valid_auc": 0.8002860417409059, "best_valid_acc": 0.7196596506941334, "_wandb": {"runtime": 136}}