{"epoch": 14, "train_loss_epoch": 0.38238322734832764, "train_auc_epoch": 0.9005143987759596, "train_acc_epoch": 0.8216653795968365, "valid_auc_epoch": 0.7807510923198917, "valid_acc_epoch": 0.7089117778772951, "_timestamp": 1670120855.0831492, "_runtime": 108.15640211105347, "_step": 14, "best_epoch": 4, "best_train_loss": 0.46301183104515076, "best_train_auc": 0.8471176691886633, "best_train_acc": 0.7867014619338002, "best_valid_auc": 0.7973646277765472, "best_valid_acc": 0.7277205553067622, "_wandb": {"runtime": 107}}