{"epoch": 37, "train_loss_epoch": 0.4524577260017395, "train_auc_epoch": 0.8534473825128541, "train_acc_epoch": 0.7933315563740337, "valid_auc_epoch": 0.7962353889172469, "valid_acc_epoch": 0.7218987908643081, "_timestamp": 1669790480.881523, "_runtime": 332.7032718658447, "_step": 37, "best_epoch": 27, "best_train_loss": 0.46331021189689636, "best_train_auc": 0.8440408947088991, "best_train_acc": 0.7867164215270542, "best_valid_auc": 0.7975604588225096, "best_valid_acc": 0.7232422749664129, "_wandb": {"runtime": 332}}