{"epoch": 100, "train_loss_epoch": 0.465984582901001, "train_auc_epoch": 0.838004456832923, "train_acc_epoch": 0.7838376548619345, "valid_auc_epoch": 0.8059282231061371, "valid_acc_epoch": 0.7335423197492164, "_timestamp": 1669756069.1768548, "_runtime": 2171.773205757141, "_step": 100, "best_epoch": 100, "best_train_loss": 0.465984582901001, "best_train_auc": 0.838004456832923, "best_train_acc": 0.7838376548619345, "best_valid_auc": 0.8059282231061371, "best_valid_acc": 0.7335423197492164, "_wandb": {"runtime": 2171}}