{"epoch": 12, "train_loss_epoch": 0.48573946952819824, "train_auc_epoch": 0.822490540021762, "train_acc_epoch": 0.7762664165103189, "valid_auc_epoch": 0.7924102628309464, "valid_acc_epoch": 0.7254814151365876, "_timestamp": 1669756328.1669405, "_runtime": 114.79232239723206, "_step": 12, "best_epoch": 2, "best_train_loss": 0.4909679591655731, "best_train_auc": 0.8183881215743194, "best_train_acc": 0.7724515322076297, "best_valid_auc": 0.7944255569146016, "best_valid_acc": 0.7232422749664129, "_wandb": {"runtime": 114}}