{"epoch": 42, "train_loss_epoch": 0.47517848014831543, "train_auc_epoch": 0.8317182511064187, "train_acc_epoch": 0.7824875035177765, "valid_auc_epoch": 0.8082625452257354, "valid_acc_epoch": 0.729064039408867, "_timestamp": 1669764457.2623336, "_runtime": 362.31918358802795, "_step": 42, "best_epoch": 32, "best_train_loss": 0.47492122650146484, "best_train_auc": 0.831747522455975, "best_train_acc": 0.7820720708647699, "best_valid_auc": 0.8110238432324322, "best_valid_acc": 0.7362292879534259, "_wandb": {"runtime": 361}}