{"epoch": 38, "train_loss_epoch": 0.41016170382499695, "train_auc_epoch": 0.8795988183322843, "train_acc_epoch": 0.8118407337919533, "valid_auc_epoch": 0.7983871226640727, "valid_acc_epoch": 0.7192118226600985, "_timestamp": 1670037095.4274209, "_runtime": 911.7222969532013, "_step": 38, "best_epoch": 28, "best_train_loss": 0.4574872553348541, "best_train_auc": 0.8457566387076983, "best_train_acc": 0.7889618511569731, "best_valid_auc": 0.8179493600177211, "best_valid_acc": 0.741603224361845, "_wandb": {"runtime": 911}}