{"epoch": 50, "train_loss_epoch": 0.4264351725578308, "train_auc_epoch": 0.8663472482328526, "train_acc_epoch": 0.8039303196902592, "valid_auc_epoch": 0.8148493706118597, "valid_acc_epoch": 0.7330944917151814, "_timestamp": 1669892935.7691524, "_runtime": 1832.9013574123383, "_step": 50, "best_epoch": 40, "best_train_loss": 0.43041932582855225, "best_train_auc": 0.8632421370637152, "best_train_acc": 0.8022303839353229, "best_valid_auc": 0.8184525815989445, "best_valid_acc": 0.7393640841916704, "_wandb": {"runtime": 1832}}