{"epoch": 27, "train_loss_epoch": 0.4643687605857849, "train_auc_epoch": 0.8412388551173023, "train_acc_epoch": 0.786909566924839, "valid_auc_epoch": 0.8011127055824689, "valid_acc_epoch": 0.7107030900134348, "_timestamp": 1669737235.6038465, "_runtime": 332.43912959098816, "_step": 27, "best_epoch": 17, "best_train_loss": 0.4714214503765106, "best_train_auc": 0.8354949176785187, "best_train_acc": 0.7842478455328897, "best_valid_auc": 0.8057484437852536, "best_valid_acc": 0.7299596954769368, "_wandb": {"runtime": 332}}