{"epoch": 19, "train_loss_epoch": 0.44707295298576355, "train_auc_epoch": 0.8532786658082021, "train_acc_epoch": 0.7970168284707932, "valid_auc_epoch": 0.8024863319560953, "valid_acc_epoch": 0.7223466188983431, "_timestamp": 1669763350.92647, "_runtime": 277.1210081577301, "_step": 19, "best_epoch": 9, "best_train_loss": 0.45763829350471497, "best_train_auc": 0.8451464545627504, "best_train_acc": 0.7909002537526354, "best_valid_auc": 0.8067348222913517, "best_valid_acc": 0.7304075235109718, "_wandb": {"runtime": 276}}