{"epoch": 14, "train_loss_epoch": 0.4473806321620941, "train_auc_epoch": 0.8533350044348992, "train_acc_epoch": 0.7936656242849516, "valid_auc_epoch": 0.790099865670765, "valid_acc_epoch": 0.7263681592039801, "_timestamp": 1669712624.50638, "_runtime": 119.47020196914673, "_step": 14, "best_epoch": 9, "best_train_loss": 0.4634566903114319, "best_train_auc": 0.840648698523474, "best_train_acc": 0.7846274120967127, "best_valid_auc": 0.7969577266195934, "best_valid_acc": 0.727363184079602, "_wandb": {"runtime": 119}}