{"epoch": 34, "train_loss_epoch": 0.49542126059532166, "train_auc_epoch": 0.818336576784614, "train_acc_epoch": 0.7719963360643224, "valid_auc_epoch": 0.7920121800489899, "valid_acc_epoch": 0.728616211374832, "_timestamp": 1670058457.858032, "_runtime": 161.31185293197632, "_step": 34, "best_epoch": 24, "best_train_loss": 0.49319323897361755, "best_train_auc": 0.8200306360837926, "best_train_acc": 0.7730395399725205, "best_valid_auc": 0.7991913140905252, "best_valid_acc": 0.7210031347962382, "_wandb": {"runtime": 160}}