{"epoch": 19, "train_loss_epoch": 0.5739011168479919, "train_auc_epoch": 0.7938850030416443, "train_acc_epoch": 0.6512333549631227, "valid_auc_epoch": 0.7668418712459028, "valid_acc_epoch": 0.4890282131661442, "_timestamp": 1670477901.74156, "_runtime": 1090.6147210597992, "_step": 19, "best_epoch": 9, "best_train_loss": 0.5718520879745483, "best_train_auc": 0.7959855169046515, "best_train_acc": 0.6512333549631227, "best_valid_auc": 0.769628450719599, "best_valid_acc": 0.4890282131661442, "_wandb": {"runtime": 1090}}