{"epoch": 26, "train_loss_epoch": 0.5659281015396118, "train_auc_epoch": 0.8033070033545263, "train_acc_epoch": 0.6489345960343297, "valid_auc_epoch": 0.773762171220541, "valid_acc_epoch": 0.4890282131661442, "_timestamp": 1670497810.9395335, "_runtime": 458.4659974575043, "_step": 26, "best_epoch": 16, "best_train_loss": 0.568520724773407, "best_train_auc": 0.8001487456372958, "best_train_acc": 0.6489345960343297, "best_valid_auc": 0.7751967941494671, "best_valid_acc": 0.4890282131661442, "_wandb": {"runtime": 458}}