{"epoch": 18, "train_loss_epoch": 0.47273027896881104, "train_auc_epoch": 0.8320706091020887, "train_acc_epoch": 0.782254717463855, "valid_auc_epoch": 0.8060197179390869, "valid_acc_epoch": 0.7344379758172862, "_timestamp": 1669935012.9410636, "_runtime": 553.6429336071014, "_step": 18, "best_epoch": 8, "best_train_loss": 0.4729682207107544, "best_train_auc": 0.8316412462694489, "best_train_acc": 0.7816264803370307, "best_valid_auc": 0.8099010250631635, "best_valid_acc": 0.7317510076130765, "_wandb": {"runtime": 553}}