{"epoch": 50, "train_loss_epoch": 0.45736634731292725, "train_auc_epoch": 0.843573807009349, "train_acc_epoch": 0.7902584866656416, "valid_auc_epoch": 0.8189108583499469, "valid_acc_epoch": 0.7375727720555306, "_timestamp": 1670015548.505835, "_runtime": 2202.911227941513, "_step": 50, "best_epoch": 40, "best_train_loss": 0.457099050283432, "best_train_auc": 0.8438051619503699, "best_train_acc": 0.7901935660225855, "best_valid_auc": 0.822365189586925, "best_valid_acc": 0.7407075682937752, "_wandb": {"runtime": 2203}}