{"epoch": 24, "train_loss_epoch": 0.5619051456451416, "train_auc_epoch": 0.8075045656675585, "train_acc_epoch": 0.6493675030746379, "valid_auc_epoch": 0.7786587499558577, "valid_acc_epoch": 0.4890282131661442, "_timestamp": 1670480198.3184905, "_runtime": 598.6370394229889, "_step": 24, "best_epoch": 14, "best_train_loss": 0.5640850067138672, "best_train_auc": 0.8057023834932462, "best_train_acc": 0.6493675030746379, "best_valid_auc": 0.7800813340909747, "best_valid_acc": 0.4890282131661442, "_wandb": {"runtime": 598}}