{"epoch": 23, "train_loss_epoch": 0.4505288898944855, "train_auc_epoch": 0.8506704350207264, "train_acc_epoch": 0.7923391405662914, "valid_auc_epoch": 0.8037479975472964, "valid_acc_epoch": 0.7326466636811464, "_timestamp": 1669774356.1320598, "_runtime": 860.2837808132172, "_step": 23, "best_epoch": 13, "best_train_loss": 0.4579562842845917, "best_train_auc": 0.8445825418082776, "best_train_acc": 0.7877889540775875, "best_valid_auc": 0.8050285239154651, "best_valid_acc": 0.7371249440214958, "_wandb": {"runtime": 860}}