{"epoch": 20, "train_loss_epoch": 0.6589807868003845, "train_auc_epoch": 0.4976349422725771, "train_acc_epoch": 0.6333944633656449, "valid_auc_epoch": 0.5, "valid_acc_epoch": 0.4890282131661442, "_timestamp": 1669834919.2387984, "_runtime": 715.872156381607, "_step": 20, "best_epoch": 10, "best_train_loss": 3.2432196140289307, "best_train_auc": 0.5022674581133971, "best_train_acc": 0.568975053124909, "best_valid_auc": 0.5211477464983162, "best_valid_acc": 0.5109717868338558, "_wandb": {"runtime": 715}}