{"epoch": 21, "train_loss_epoch": 0.4317731261253357, "train_auc_epoch": 0.8665303491058065, "train_acc_epoch": 0.8032413935736176, "valid_auc_epoch": 0.8012202521404974, "valid_acc_epoch": 0.7241379310344828, "_timestamp": 1669835795.4155014, "_runtime": 198.10304641723633, "_step": 21, "best_epoch": 11, "best_train_loss": 0.45641669631004333, "best_train_auc": 0.847872446172601, "best_train_acc": 0.7903623065786752, "best_valid_auc": 0.8059189933642168, "best_valid_acc": 0.7308553515450067, "_wandb": {"runtime": 197}}