{"epoch": 35, "train_loss_epoch": 0.40330007672309875, "train_auc_epoch": 0.8821777390282513, "train_acc_epoch": 0.8130895356500015, "valid_auc_epoch": 0.7941912017284497, "valid_acc_epoch": 0.7272727272727273, "_timestamp": 1669980992.4612353, "_runtime": 1232.0012362003326, "_step": 35, "best_epoch": 25, "best_train_loss": 0.44576629996299744, "best_train_auc": 0.8531481078789158, "best_train_acc": 0.7957391141842646, "best_valid_auc": 0.8192639963016826, "best_valid_acc": 0.7447380206000895, "_wandb": {"runtime": 1231}}