{"epoch": 17, "train_loss_epoch": 0.4519556760787964, "train_auc_epoch": 0.8502870257310389, "train_acc_epoch": 0.7918490723368772, "valid_auc_epoch": 0.8123537286552185, "valid_acc_epoch": 0.7339901477832512, "_timestamp": 1670015058.8784344, "_runtime": 520.4143834114075, "_step": 17, "best_epoch": 7, "best_train_loss": 0.4608939290046692, "best_train_auc": 0.844071034156567, "best_train_acc": 0.7874087971648948, "best_valid_auc": 0.814959726221777, "best_valid_acc": 0.74205105239588, "_wandb": {"runtime": 520}}