{"epoch": 100, "train_loss_epoch": 0.4935931861400604, "train_auc_epoch": 0.8194839220597765, "train_acc_epoch": 0.7735536879312614, "valid_auc_epoch": 0.7798273155416013, "valid_acc_epoch": 0.7093596059113301, "_timestamp": 1669970842.6473048, "_runtime": 640.5618426799774, "_step": 100, "best_epoch": 99, "best_train_loss": 0.4937834143638611, "best_train_auc": 0.8191435270014038, "best_train_acc": 0.773910918081486, "best_valid_auc": 0.7802101491847327, "best_valid_acc": 0.7048813255709807, "_wandb": {"runtime": 639}}