{"epoch": 92, "train_loss_epoch": 0.4382328689098358, "train_auc_epoch": 0.860713604299833, "train_acc_epoch": 0.8040360555983386, "valid_auc_epoch": 0.7914535800162443, "valid_acc_epoch": 0.7192118226600985, "_timestamp": 1670071989.0527015, "_runtime": 2035.602129459381, "_step": 92, "best_epoch": 82, "best_train_loss": 0.4410002529621124, "best_train_auc": 0.8587504049854806, "best_train_acc": 0.8030260948605623, "best_valid_auc": 0.7941952146597195, "best_valid_acc": 0.7232422749664129, "_wandb": {"runtime": 2035}}