{"epoch": 16, "train_loss_epoch": 0.46742844581604004, "train_auc_epoch": 0.8370769682493288, "train_acc_epoch": 0.7856463055892022, "valid_auc_epoch": 0.803824644534548, "valid_acc_epoch": 0.729064039408867, "_timestamp": 1670047402.2633247, "_runtime": 221.28097867965698, "_step": 16, "best_epoch": 6, "best_train_loss": 0.47126656770706177, "best_train_auc": 0.8347090988608173, "best_train_acc": 0.7842273749783699, "best_valid_auc": 0.8048599808021368, "best_valid_acc": 0.7366771159874608, "_wandb": {"runtime": 220}}