{"epoch": 36, "train_loss_epoch": 0.45880603790283203, "train_auc_epoch": 0.8436110931131956, "train_acc_epoch": 0.7882038747057758, "valid_auc_epoch": 0.8027162586171358, "valid_acc_epoch": 0.7303482587064677, "_timestamp": 1669711526.8107963, "_runtime": 396.1910033226013, "_step": 36, "best_epoch": 31, "best_train_loss": 0.4625011384487152, "best_train_auc": 0.840952110722996, "best_train_acc": 0.7863842114792685, "best_valid_auc": 0.8035517087893541, "best_valid_acc": 0.7303482587064677, "_wandb": {"runtime": 395}}