{"epoch": 32, "train_loss_epoch": 0.5757834315299988, "train_auc_epoch": 0.7872018559986282, "train_acc_epoch": 0.646922448104421, "valid_auc_epoch": 0.7456572057799052, "valid_acc_epoch": 0.4890282131661442, "_timestamp": 1670409284.7299418, "_runtime": 785.2031948566437, "_step": 32, "best_epoch": 22, "best_train_loss": 0.5788860321044922, "best_train_auc": 0.7819890146475533, "best_train_acc": 0.646922448104421, "best_valid_auc": 0.7471620550060515, "best_valid_acc": 0.4890282131661442, "_wandb": {"runtime": 784}}