{"epoch": 18, "train_loss_epoch": 0.47381508350372314, "train_auc_epoch": 0.8313607385211736, "train_acc_epoch": 0.7808890179394276, "valid_auc_epoch": 0.8083327715229556, "valid_acc_epoch": 0.729064039408867, "_timestamp": 1669763386.5441153, "_runtime": 435.3121693134308, "_step": 18, "best_epoch": 8, "best_train_loss": 0.47618141770362854, "best_train_auc": 0.8297486795013503, "best_train_acc": 0.7803461640428728, "best_valid_auc": 0.8089571836285248, "best_valid_acc": 0.729064039408867, "_wandb": {"runtime": 435}}