{"epoch": 58, "train_loss_epoch": 0.4535234868526459, "train_auc_epoch": 0.8486537542796824, "train_acc_epoch": 0.793571552171656, "valid_auc_epoch": 0.8165785426959835, "valid_acc_epoch": 0.7344379758172862, "_timestamp": 1669901717.1323917, "_runtime": 755.0885117053986, "_step": 58, "best_epoch": 48, "best_train_loss": 0.45212286710739136, "best_train_auc": 0.8496805885988252, "best_train_acc": 0.7925679183249698, "best_valid_auc": 0.8174798470591635, "best_valid_acc": 0.741603224361845, "_wandb": {"runtime": 754}}