{"epoch": 41, "train_loss_epoch": 0.4494805932044983, "train_auc_epoch": 0.855657722048544, "train_acc_epoch": 0.7968353944235348, "valid_auc_epoch": 0.7883355324196691, "valid_acc_epoch": 0.7187639946260636, "_timestamp": 1669728341.252957, "_runtime": 485.59845519065857, "_step": 41, "best_epoch": 31, "best_train_loss": 0.4544973373413086, "best_train_auc": 0.8516261576569475, "best_train_acc": 0.7938013672325064, "best_valid_auc": 0.7921775128173024, "best_valid_acc": 0.7223466188983431, "_wandb": {"runtime": 485}}