{"epoch": 16, "train_loss_epoch": 0.4707596004009247, "train_auc_epoch": 0.8384300274059711, "train_acc_epoch": 0.785285612963064, "valid_auc_epoch": 0.7984609605994356, "valid_acc_epoch": 0.7272727272727273, "_timestamp": 1669783131.2232597, "_runtime": 76.02351069450378, "_step": 16, "best_epoch": 6, "best_train_loss": 0.4835001528263092, "best_train_auc": 0.8285760420951481, "best_train_acc": 0.7792296360958044, "best_valid_auc": 0.8004521770954725, "best_valid_acc": 0.7335423197492164, "_wandb": {"runtime": 75}}