{"epoch": 29, "train_loss_epoch": 0.4876684546470642, "train_auc_epoch": 0.8263947219278344, "train_acc_epoch": 0.7747068428083717, "valid_auc_epoch": 0.8002908572584295, "valid_acc_epoch": 0.7223466188983431, "_timestamp": 1670045355.226587, "_runtime": 217.08147716522217, "_step": 29, "best_epoch": 19, "best_train_loss": 0.4872894585132599, "best_train_auc": 0.8264299719746035, "best_train_acc": 0.7773489683835535, "best_valid_auc": 0.8034827427903677, "best_valid_acc": 0.7380206000895656, "_wandb": {"runtime": 216}}