{"epoch": 11, "train_loss_epoch": 0.6537275910377502, "train_auc_epoch": 0.5003348317313389, "train_acc_epoch": 0.6388789237668161, "valid_auc_epoch": 0.5, "valid_acc_epoch": 0.4890282131661442, "_timestamp": 1669726887.828269, "_runtime": 119.8683009147644, "_step": 11, "best_epoch": 1, "best_train_loss": 0.5658985376358032, "best_train_auc": 0.7449762043439193, "best_train_acc": 0.7179820627802691, "best_valid_auc": 0.7812334466585125, "best_valid_acc": 0.7004030452306315, "_wandb": {"runtime": 123}}