{"epoch": 27, "train_loss_epoch": 0.45454826951026917, "train_auc_epoch": 0.8465563953277075, "train_acc_epoch": 0.791249380691234, "valid_auc_epoch": 0.8059113687948043, "valid_acc_epoch": 0.7375727720555306, "_timestamp": 1670089503.8774428, "_runtime": 861.4932589530945, "_step": 27, "best_epoch": 17, "best_train_loss": 0.45776885747909546, "best_train_auc": 0.844078797365903, "best_train_acc": 0.7897630396528454, "best_valid_auc": 0.8064980593464379, "best_valid_acc": 0.7366771159874608, "_wandb": {"runtime": 861}}