{"epoch": 11, "train_loss_epoch": 0.6508224010467529, "train_auc_epoch": 0.5009461064644207, "train_acc_epoch": 0.6451419986288781, "valid_auc_epoch": 0.5, "valid_acc_epoch": 0.4890282131661442, "_timestamp": 1669726838.8751123, "_runtime": 95.37160420417786, "_step": 11, "best_epoch": 1, "best_train_loss": 0.654390811920166, "best_train_auc": 0.4997632860006078, "best_train_acc": 0.6433041119068804, "best_valid_auc": 0.5, "best_valid_acc": 0.4890282131661442, "_wandb": {"runtime": 97}}