{"epoch": 25, "train_loss_epoch": 0.49678295850753784, "train_auc_epoch": 0.8166638235835161, "train_acc_epoch": 0.7749947884094226, "valid_auc_epoch": 0.7868194469859675, "valid_acc_epoch": 0.7223466188983431, "_timestamp": 1669729355.935079, "_runtime": 766.5548121929169, "_step": 25, "best_epoch": 15, "best_train_loss": 0.49817976355552673, "best_train_auc": 0.8146546323108038, "best_train_acc": 0.7745361684386075, "best_valid_auc": 0.7922023929911748, "best_valid_acc": 0.7098074339453649, "_wandb": {"runtime": 766}}