{"epoch": 24, "train_loss_epoch": 0.43190109729766846, "train_auc_epoch": 0.865904518927014, "train_acc_epoch": 0.8036534711281028, "valid_auc_epoch": 0.8025308754931892, "valid_acc_epoch": 0.7272727272727273, "_timestamp": 1669874858.1734645, "_runtime": 213.01661658287048, "_step": 24, "best_epoch": 14, "best_train_loss": 0.44558459520339966, "best_train_auc": 0.8557146168606597, "best_train_acc": 0.7960953251875764, "best_valid_auc": 0.8048591782158829, "best_valid_acc": 0.7241379310344828, "_wandb": {"runtime": 212}}