{"epoch": 58, "train_loss_epoch": 0.4695861041545868, "train_auc_epoch": 0.8362579118475941, "train_acc_epoch": 0.7834792578695018, "valid_auc_epoch": 0.8076834792435142, "valid_acc_epoch": 0.729064039408867, "_timestamp": 1669961370.5985157, "_runtime": 522.0001037120819, "_step": 58, "best_epoch": 48, "best_train_loss": 0.46951305866241455, "best_train_auc": 0.8362234165638285, "best_train_acc": 0.7840421096518657, "best_valid_auc": 0.8107525690785988, "best_valid_acc": 0.7268248992386923, "_wandb": {"runtime": 521}}