{"loss": 0.6929115056991577, "acc": 0.764, "auc": 0.8300431520770504, "_timestamp": 1669079339.453788, "_runtime": 16.88193106651306, "_step": 19, "_wandb": {"runtime": 16}}