{"epoch": 19, "train_loss_epoch": 0.6071860790252686, "train_auc_epoch": 0.7324024735004881, "train_acc_epoch": 0.6508105802047781, "valid_auc_epoch": 0.7245108161478029, "valid_acc_epoch": 0.6338308457711442, "_timestamp": 1668505924.0659068, "_runtime": 42.54033064842224, "_step": 19, "_wandb": {"runtime": 42}}