{"epoch": 23, "train_loss_epoch": 0.5672378540039062, "train_auc_epoch": 0.8056866854234792, "train_acc_epoch": 0.6464087789077047, "valid_auc_epoch": 0.7738701190716964, "valid_acc_epoch": 0.4890282131661442, "_timestamp": 1670493982.467045, "_runtime": 553.8892271518707, "_step": 23, "best_epoch": 13, "best_train_loss": 0.5697508454322815, "best_train_auc": 0.8028045758398666, "best_train_acc": 0.6464087789077047, "best_valid_auc": 0.7749548143939028, "best_valid_acc": 0.4890282131661442, "_wandb": {"runtime": 553}}