{"epoch": 34, "train_loss_epoch": 0.42923441529273987, "train_auc_epoch": 0.8676350834210302, "train_acc_epoch": 0.8074876326256294, "valid_auc_epoch": 0.8078528249430967, "valid_acc_epoch": 0.7362292879534259, "_timestamp": 1670051519.1640563, "_runtime": 816.2578732967377, "_step": 34, "best_epoch": 24, "best_train_loss": 0.46165454387664795, "best_train_auc": 0.8426344188862955, "best_train_acc": 0.7883829313707127, "best_valid_auc": 0.8178811401861359, "best_valid_acc": 0.7407075682937752, "_wandb": {"runtime": 815}}