{"epoch": 17, "train_loss_epoch": 0.41236621141433716, "train_auc_epoch": 0.8837666433032069, "train_acc_epoch": 0.8088646888199074, "valid_auc_epoch": 0.7793409482717106, "valid_acc_epoch": 0.7066726377071205, "_timestamp": 1669731591.6188283, "_runtime": 234.38461828231812, "_step": 17, "best_epoch": 7, "best_train_loss": 0.4518323540687561, "best_train_auc": 0.8540085122506056, "best_train_acc": 0.7889420385731006, "best_valid_auc": 0.7890851479808535, "best_valid_acc": 0.7205553067622034, "_wandb": {"runtime": 237}}