{"epoch": 12, "train_loss_epoch": 0.6483742594718933, "train_auc_epoch": 0.5006047996178706, "train_acc_epoch": 0.6507747766217348, "valid_auc_epoch": 0.496050473044338, "valid_acc_epoch": 0.4890282131661442, "_timestamp": 1669759935.410444, "_runtime": 1489.6190330982208, "_step": 12, "best_epoch": 2, "best_train_loss": 0.5393457412719727, "best_train_auc": 0.7647934457332046, "best_train_acc": 0.7436112961918917, "best_valid_auc": 0.7663534975103774, "best_valid_acc": 0.690550828481863, "_wandb": {"runtime": 1490}}