{"epoch": 28, "train_loss_epoch": 0.4691814184188843, "train_auc_epoch": 0.8350642294536366, "train_acc_epoch": 0.7852310088250563, "valid_auc_epoch": 0.8137285589082259, "valid_acc_epoch": 0.7304075235109718, "_timestamp": 1670048855.2031932, "_runtime": 1139.06347322464, "_step": 28, "best_epoch": 18, "best_train_loss": 0.4692239463329315, "best_train_auc": 0.8350131818915614, "best_train_acc": 0.7856203495414431, "best_valid_auc": 0.8190312462880385, "best_valid_acc": 0.7366771159874608, "_wandb": {"runtime": 1139}}