{"epoch": 15, "train_loss_epoch": 0.41259998083114624, "train_auc_epoch": 0.8808767669311897, "train_acc_epoch": 0.8099222387671654, "valid_auc_epoch": 0.7902890273617705, "valid_acc_epoch": 0.7120465741155396, "_timestamp": 1669814190.8636007, "_runtime": 144.32038068771362, "_step": 15, "best_epoch": 5, "best_train_loss": 0.4708816707134247, "best_train_auc": 0.8380904411343223, "best_train_acc": 0.7821976411638186, "best_valid_auc": 0.8003598796762688, "best_valid_acc": 0.7277205553067622, "_wandb": {"runtime": 143}}