{"epoch": 17, "train_loss_epoch": 0.4151693880558014, "train_auc_epoch": 0.8788404903270547, "train_acc_epoch": 0.8104876290291382, "valid_auc_epoch": 0.7865136616232146, "valid_acc_epoch": 0.7151813703537842, "_timestamp": 1669790806.0084965, "_runtime": 118.89711141586304, "_step": 17, "best_epoch": 7, "best_train_loss": 0.453090637922287, "best_train_auc": 0.852252377887125, "best_train_acc": 0.7930082473139078, "best_valid_auc": 0.7955604138776794, "best_valid_acc": 0.7218987908643081, "_wandb": {"runtime": 118}}