{"epoch": 25, "train_loss_epoch": 0.45287269353866577, "train_auc_epoch": 0.8488380040648059, "train_acc_epoch": 0.7937584942959516, "valid_auc_epoch": 0.8139492701280606, "valid_acc_epoch": 0.7326466636811464, "_timestamp": 1669833868.8698363, "_runtime": 716.1432723999023, "_step": 25, "best_epoch": 15, "best_train_loss": 0.45499902963638306, "best_train_auc": 0.8464499127710712, "best_train_acc": 0.7924817758741403, "best_valid_auc": 0.8145231192996312, "best_valid_acc": 0.7299596954769368, "_wandb": {"runtime": 715}}