{"epoch": 11, "train_loss_epoch": 0.6489658355712891, "train_auc_epoch": 0.4996858870717259, "train_acc_epoch": 0.6480011966642982, "valid_auc_epoch": 0.5, "valid_acc_epoch": 0.4890282131661442, "_timestamp": 1670001536.2913933, "_runtime": 445.1585183143616, "_step": 11, "best_epoch": 1, "best_train_loss": 0.6726931929588318, "best_train_auc": 0.4990495487432071, "best_train_acc": 0.6335813918701619, "best_valid_auc": 0.61420039936692, "best_valid_acc": 0.4890282131661442, "_wandb": {"runtime": 444}}