{"epoch": 34, "train_loss_epoch": 0.4897231161594391, "train_auc_epoch": 0.8190931936862258, "train_acc_epoch": 0.7760718407632086, "valid_auc_epoch": 0.799905615856536, "valid_acc_epoch": 0.7268248992386923, "_timestamp": 1669790760.793777, "_runtime": 4997.314112901688, "_step": 34, "best_epoch": 24, "best_train_loss": 0.46805664896965027, "best_train_auc": 0.8368903299123462, "best_train_acc": 0.7860554099460455, "best_valid_auc": 0.8113392596302323, "best_valid_acc": 0.7357814599193909, "_wandb": {"runtime": 4997}}