{"epoch": 57, "train_loss_epoch": 0.45323023200035095, "train_auc_epoch": 0.8479562508067044, "train_acc_epoch": 0.7938417644014089, "valid_auc_epoch": 0.8151290719213592, "valid_acc_epoch": 0.7393640841916704, "_timestamp": 1670004890.2157588, "_runtime": 923.9240608215332, "_step": 57, "best_epoch": 47, "best_train_loss": 0.45512285828590393, "best_train_auc": 0.8463369499652941, "best_train_acc": 0.7923710090770222, "best_valid_auc": 0.8196412118410366, "best_valid_acc": 0.7402597402597403, "_wandb": {"runtime": 923}}