{"epoch": 17, "train_loss_epoch": 0.5619465708732605, "train_auc_epoch": 0.8132705933423751, "train_acc_epoch": 0.6414805461289559, "valid_auc_epoch": 0.7753681463146844, "valid_acc_epoch": 0.4890282131661442, "_timestamp": 1670470891.6725128, "_runtime": 333.96416878700256, "_step": 17, "best_epoch": 7, "best_train_loss": 0.567572295665741, "best_train_auc": 0.8078118233237872, "best_train_acc": 0.6414805461289559, "best_valid_auc": 0.7790965607573845, "best_valid_acc": 0.4890282131661442, "_wandb": {"runtime": 333}}