{"epoch": 17, "train_loss_epoch": 0.39576688408851624, "train_auc_epoch": 0.8935721082238653, "train_acc_epoch": 0.820277698179071, "valid_auc_epoch": 0.7743215738395406, "valid_acc_epoch": 0.7084639498432602, "_timestamp": 1669737708.6458783, "_runtime": 80.96727538108826, "_step": 17, "best_epoch": 7, "best_train_loss": 0.4545021057128906, "best_train_auc": 0.854884042703075, "best_train_acc": 0.7920129210409774, "best_valid_auc": 0.7840962718263332, "best_valid_acc": 0.716524854455889, "_wandb": {"runtime": 80}}