{"epoch": 48, "train_loss_epoch": 0.4540993571281433, "train_auc_epoch": 0.8473004448624462, "train_acc_epoch": 0.7921427794101643, "valid_auc_epoch": 0.8077171878661801, "valid_acc_epoch": 0.7268248992386923, "_timestamp": 1669993962.73695, "_runtime": 757.8455238342285, "_step": 48, "best_epoch": 38, "best_train_loss": 0.4580117166042328, "best_train_auc": 0.8441621865797988, "best_train_acc": 0.7903041966653493, "best_valid_auc": 0.8096233302192987, "best_valid_acc": 0.7218987908643081, "_wandb": {"runtime": 756}}