{"epoch": 30, "train_loss_epoch": 0.4500132203102112, "train_auc_epoch": 0.853154310495882, "train_acc_epoch": 0.7955099482274278, "valid_auc_epoch": 0.7853073744835357, "valid_acc_epoch": 0.7187639946260636, "_timestamp": 1669773122.8027277, "_runtime": 248.21074175834656, "_step": 30, "best_epoch": 20, "best_train_loss": 0.4644916355609894, "best_train_auc": 0.841632794296185, "best_train_acc": 0.7870011376036032, "best_valid_auc": 0.7860866857361161, "best_valid_acc": 0.7138378862516793, "_wandb": {"runtime": 247}}