{"epoch": 18, "train_loss_epoch": 0.43224868178367615, "train_auc_epoch": 0.8633178100239162, "train_acc_epoch": 0.8040297433437276, "valid_auc_epoch": 0.8074097973309191, "valid_acc_epoch": 0.7344379758172862, "_timestamp": 1669858656.058158, "_runtime": 1260.3242239952087, "_step": 18, "best_epoch": 8, "best_train_loss": 0.4555872082710266, "best_train_auc": 0.8460298875966916, "best_train_acc": 0.7925982502430218, "best_valid_auc": 0.8084627904960946, "best_valid_acc": 0.7232422749664129, "_wandb": {"runtime": 1260}}