{"epoch": 33, "train_loss_epoch": 0.4701790511608124, "train_auc_epoch": 0.8355368938206367, "train_acc_epoch": 0.7836533951568593, "valid_auc_epoch": 0.8085711396403772, "valid_acc_epoch": 0.729064039408867, "_timestamp": 1669758246.6676116, "_runtime": 245.65145564079285, "_step": 33, "best_epoch": 23, "best_train_loss": 0.4712107479572296, "best_train_auc": 0.8345855924539155, "best_train_acc": 0.7839750204366063, "best_valid_auc": 0.8094218810695586, "best_valid_acc": 0.7299596954769368, "_wandb": {"runtime": 245}}