{"epoch": 23, "train_loss_epoch": 0.44611856341362, "train_auc_epoch": 0.8560629194030328, "train_acc_epoch": 0.7953119799267737, "valid_auc_epoch": 0.8071345102458162, "valid_acc_epoch": 0.7317510076130765, "_timestamp": 1669916683.84222, "_runtime": 232.41825604438782, "_step": 23, "best_epoch": 13, "best_train_loss": 0.4550267159938812, "best_train_auc": 0.8489646125987401, "best_train_acc": 0.790946565276391, "best_valid_auc": 0.8084956965325063, "best_valid_acc": 0.7304075235109718, "_wandb": {"runtime": 231}}