{"epoch": 20, "train_loss_epoch": 0.40980425477027893, "train_auc_epoch": 0.8843534440889879, "train_acc_epoch": 0.8174558408787294, "valid_auc_epoch": 0.7918364136593761, "valid_acc_epoch": 0.7192118226600985, "_timestamp": 1669827260.6377082, "_runtime": 225.62947130203247, "_step": 20, "best_epoch": 10, "best_train_loss": 0.45741528272628784, "best_train_auc": 0.8512782653762869, "best_train_acc": 0.7915689476027905, "best_valid_auc": 0.7942008327634971, "best_valid_acc": 0.7281683833407971, "_wandb": {"runtime": 225}}