{"loss": 0.6929000020027161, "acc": 0.6749772478823028, "auc": 0.6942845302300483, "_timestamp": 1669079778.943642, "_runtime": 23.31306481361389, "_step": 19, "_wandb": {"runtime": 22}}