{"epoch": 32, "train_loss_epoch": 0.4890281856060028, "train_auc_epoch": 0.8241988513187841, "train_acc_epoch": 0.7759834142615527, "valid_auc_epoch": 0.7473378213956654, "valid_acc_epoch": 0.6829377519032691, "_timestamp": 1669730333.695365, "_runtime": 138.56631088256836, "_step": 32, "best_epoch": 22, "best_train_loss": 0.506472110748291, "best_train_auc": 0.807909452482399, "best_train_acc": 0.7662447487587976, "best_valid_auc": 0.7498354698179414, "best_valid_acc": 0.6869682042095835, "_wandb": {"runtime": 138}}