{"epoch": 32, "train_loss_epoch": 0.4671010971069336, "train_auc_epoch": 0.8366970030169756, "train_acc_epoch": 0.7861321628981914, "valid_auc_epoch": 0.8179613988115304, "valid_acc_epoch": 0.7402597402597403, "_timestamp": 1670011184.5626857, "_runtime": 3580.5585317611694, "_step": 32, "best_epoch": 22, "best_train_loss": 0.4678155481815338, "best_train_auc": 0.8360884566339477, "best_train_acc": 0.7860696234557022, "best_valid_auc": 0.8198739618546805, "best_valid_acc": 0.7375727720555306, "_wandb": {"runtime": 3581}}