{"epoch": 23, "train_loss_epoch": 0.44394758343696594, "train_auc_epoch": 0.8549771952899097, "train_acc_epoch": 0.7976747563415736, "valid_auc_epoch": 0.8174758341278936, "valid_acc_epoch": 0.7433945364979848, "_timestamp": 1669859857.4596717, "_runtime": 1163.745284795761, "_step": 23, "best_epoch": 13, "best_train_loss": 0.45690053701400757, "best_train_auc": 0.8450172108720955, "best_train_acc": 0.7904053443490608, "best_valid_auc": 0.8222151059574373, "best_valid_acc": 0.74205105239588, "_wandb": {"runtime": 1163}}