{"epoch": 35, "train_loss_epoch": 0.5628237128257751, "train_auc_epoch": 0.8106424819537725, "train_acc_epoch": 0.6464087789077047, "valid_auc_epoch": 0.7666897811507802, "valid_acc_epoch": 0.4890282131661442, "_timestamp": 1670402393.8429441, "_runtime": 870.9452550411224, "_step": 35, "best_epoch": 25, "best_train_loss": 0.5703358054161072, "best_train_auc": 0.8002270326824317, "best_train_acc": 0.6464087789077047, "best_valid_auc": 0.7798152767477922, "best_valid_acc": 0.4890282131661442, "_wandb": {"runtime": 870}}