{"epoch": 26, "train_loss_epoch": 0.46717268228530884, "train_auc_epoch": 0.8377223789526096, "train_acc_epoch": 0.7857827809047321, "valid_auc_epoch": 0.8173008703245338, "valid_acc_epoch": 0.7393640841916704, "_timestamp": 1670067687.8556237, "_runtime": 829.6809728145599, "_step": 26, "best_epoch": 16, "best_train_loss": 0.4667445719242096, "best_train_auc": 0.8379211003868887, "best_train_acc": 0.7862101313320825, "best_valid_auc": 0.8184750540140548, "best_valid_acc": 0.7393640841916704, "_wandb": {"runtime": 829}}