{"epoch": 100, "train_loss_epoch": 0.5998057723045349, "train_auc_epoch": 0.7804538039299546, "train_acc_epoch": 0.6371368339431535, "valid_auc_epoch": 0.7413112012147947, "valid_acc_epoch": 0.4890282131661442, "_timestamp": 1670390071.947865, "_runtime": 424.4456889629364, "_step": 100, "best_epoch": 100, "best_train_loss": 0.5998057723045349, "best_train_auc": 0.7804538039299546, "best_train_acc": 0.6371368339431535, "best_valid_auc": 0.7413112012147947, "best_valid_acc": 0.4890282131661442, "_wandb": {"runtime": 423}}