{"epoch": 29, "train_loss_epoch": 0.4369578957557678, "train_auc_epoch": 0.859622150795956, "train_acc_epoch": 0.8000025249018444, "valid_auc_epoch": 0.8117076467207931, "valid_acc_epoch": 0.7317510076130765, "_timestamp": 1670028509.3868089, "_runtime": 1754.308364868164, "_step": 29, "best_epoch": 19, "best_train_loss": 0.44448310136795044, "best_train_auc": 0.8537808984136201, "best_train_acc": 0.7975218088396814, "best_valid_auc": 0.8166756556327108, "best_valid_acc": 0.7438423645320197, "_wandb": {"runtime": 1754}}