{"epoch": 35, "train_loss_epoch": 0.5551425814628601, "train_auc_epoch": 0.8176728056712163, "train_acc_epoch": 0.6451419986288781, "valid_auc_epoch": 0.772572337099068, "valid_acc_epoch": 0.4890282131661442, "_timestamp": 1670445826.2335565, "_runtime": 271.26570653915405, "_step": 35, "best_epoch": 25, "best_train_loss": 0.5620512962341309, "best_train_auc": 0.8111779787306043, "best_train_acc": 0.6451419986288781, "best_valid_auc": 0.776914328732909, "best_valid_acc": 0.4890282131661442, "_wandb": {"runtime": 270}}