{"epoch": 51, "train_loss_epoch": 0.43983763456344604, "train_auc_epoch": 0.8590097842403228, "train_acc_epoch": 0.7992684243579432, "valid_auc_epoch": 0.8113657449766127, "valid_acc_epoch": 0.7277205553067622, "_timestamp": 1670091478.3687475, "_runtime": 611.2602865695953, "_step": 51, "best_epoch": 41, "best_train_loss": 0.4448796510696411, "best_train_auc": 0.8552769807063886, "best_train_acc": 0.796370767823893, "best_valid_auc": 0.8120351019124026, "best_valid_acc": 0.7393640841916704, "_wandb": {"runtime": 610}}