{"epoch": 60, "train_loss_epoch": 0.5623050332069397, "train_auc_epoch": 0.8162409004315765, "train_acc_epoch": 0.6403838426812262, "valid_auc_epoch": 0.7769103158016392, "valid_acc_epoch": 0.4890282131661442, "_timestamp": 1670406116.5127172, "_runtime": 326.1698181629181, "_step": 60, "best_epoch": 50, "best_train_loss": 0.5653166174888611, "best_train_auc": 0.8130096990016937, "best_train_acc": 0.6403838426812262, "best_valid_auc": 0.777536333079716, "best_valid_acc": 0.4890282131661442, "_wandb": {"runtime": 325}}