{"epoch": 16, "train_loss_epoch": 0.491518497467041, "train_auc_epoch": 0.8195128371234426, "train_acc_epoch": 0.7739813951852569, "valid_auc_epoch": 0.7927754395764912, "valid_acc_epoch": 0.7210031347962382, "_timestamp": 1669752575.210807, "_runtime": 131.52944016456604, "_step": 16, "best_epoch": 6, "best_train_loss": 0.49115073680877686, "best_train_auc": 0.8197560048743764, "best_train_acc": 0.7746144512634744, "best_valid_auc": 0.7979292472061972, "best_valid_acc": 0.7241379310344828, "_wandb": {"runtime": 131}}