{"epoch": 48, "train_loss_epoch": 0.45907261967658997, "train_auc_epoch": 0.8442734541878625, "train_acc_epoch": 0.7915528291836349, "valid_auc_epoch": 0.7948268500415739, "valid_acc_epoch": 0.7183161665920287, "_timestamp": 1669988655.5727758, "_runtime": 959.1384108066559, "_step": 48, "best_epoch": 38, "best_train_loss": 0.4614677131175995, "best_train_auc": 0.8422780139760829, "best_train_acc": 0.7901896432233048, "best_valid_auc": 0.7966230380779022, "best_valid_acc": 0.7259292431706225, "_wandb": {"runtime": 956}}