{"epoch": 24, "train_loss_epoch": 0.4347991347312927, "train_auc_epoch": 0.8637938580142821, "train_acc_epoch": 0.7979496017022174, "valid_auc_epoch": 0.8037066643552183, "valid_acc_epoch": 0.7330944917151814, "_timestamp": 1670104917.943039, "_runtime": 408.8017909526825, "_step": 24, "best_epoch": 14, "best_train_loss": 0.4445984959602356, "best_train_auc": 0.8570448003756533, "best_train_acc": 0.7966131499815359, "best_valid_auc": 0.8056392920547171, "best_valid_acc": 0.7277205553067622, "_wandb": {"runtime": 408}}