{"epoch": 78, "train_loss_epoch": 0.45617902278900146, "train_auc_epoch": 0.8452805997492845, "train_acc_epoch": 0.791710658944527, "valid_auc_epoch": 0.8167254159804554, "valid_acc_epoch": 0.7375727720555306, "_timestamp": 1669974499.575655, "_runtime": 7471.653058052063, "_step": 78, "best_epoch": 68, "best_train_loss": 0.4589582681655884, "best_train_auc": 0.8429163456101234, "best_train_acc": 0.7900500572326722, "best_valid_auc": 0.8197254833977008, "best_valid_acc": 0.7402597402597403, "_wandb": {"runtime": 7472}}