{"epoch": 100, "train_loss_epoch": 0.4794434905052185, "train_auc_epoch": 0.8316142673562716, "train_acc_epoch": 0.778530989272944, "valid_auc_epoch": 0.7898235273344827, "valid_acc_epoch": 0.7205553067622034, "_timestamp": 1669842024.7870605, "_runtime": 447.73471546173096, "_step": 100, "best_epoch": 100, "best_train_loss": 0.4794434905052185, "best_train_auc": 0.8316142673562716, "best_train_acc": 0.778530989272944, "best_valid_auc": 0.7898235273344827, "best_valid_acc": 0.7205553067622034, "_wandb": {"runtime": 447}}