{"epoch": 16, "train_loss_epoch": 0.44191235303878784, "train_auc_epoch": 0.8596383428238366, "train_acc_epoch": 0.795085012144592, "valid_auc_epoch": 0.794558919152521, "valid_acc_epoch": 0.7228855721393035, "_timestamp": 1669710219.3758094, "_runtime": 123.98857045173645, "_step": 16, "best_epoch": 11, "best_train_loss": 0.4597867429256439, "best_train_auc": 0.8461969054968101, "best_train_acc": 0.7831690241463066, "best_valid_auc": 0.8050144934174691, "best_valid_acc": 0.7343283582089553, "_wandb": {"runtime": 123}}