{"epoch": 25, "train_loss_epoch": 0.45270970463752747, "train_auc_epoch": 0.850626001319359, "train_acc_epoch": 0.7926803095529661, "valid_auc_epoch": 0.7930764094217205, "valid_acc_epoch": 0.7187639946260636, "_timestamp": 1669743153.0714924, "_runtime": 582.7918305397034, "_step": 25, "best_epoch": 15, "best_train_loss": 0.45910561084747314, "best_train_auc": 0.8449897799105011, "best_train_acc": 0.7884700357273611, "best_valid_auc": 0.7970090820660496, "best_valid_acc": 0.7250335871025526, "_wandb": {"runtime": 582}}