{"epoch": 16, "train_loss_epoch": 0.4126797616481781, "train_auc_epoch": 0.8774696677272542, "train_acc_epoch": 0.8123555588796231, "valid_auc_epoch": 0.7985107209471802, "valid_acc_epoch": 0.7201074787281684, "_timestamp": 1669950348.389551, "_runtime": 347.5896108150482, "_step": 16, "best_epoch": 6, "best_train_loss": 0.4523318409919739, "best_train_auc": 0.8492539683471119, "best_train_acc": 0.7925507647432781, "best_valid_auc": 0.8056866446436999, "best_valid_acc": 0.735333631885356, "_wandb": {"runtime": 347}}