{"epoch": 44, "train_loss_epoch": 0.45597952604293823, "train_auc_epoch": 0.8470852303691575, "train_acc_epoch": 0.791518750403408, "valid_auc_epoch": 0.8047580523478859, "valid_acc_epoch": 0.7366771159874608, "_timestamp": 1670119111.2412734, "_runtime": 636.7923393249512, "_step": 44, "best_epoch": 34, "best_train_loss": 0.45974937081336975, "best_train_auc": 0.8442201256410842, "best_train_acc": 0.7889208029432647, "best_valid_auc": 0.806948310234901, "best_valid_acc": 0.742498880429915, "_wandb": {"runtime": 636}}