{"epoch": 11, "train_loss_epoch": 0.6477618217468262, "train_auc_epoch": 0.5010638134843365, "train_acc_epoch": 0.6501230889936267, "valid_auc_epoch": 0.5, "valid_acc_epoch": 0.4890282131661442, "_timestamp": 1670555947.6234295, "_runtime": 335.5198276042938, "_step": 11, "best_epoch": 1, "best_train_loss": 0.6421670913696289, "best_train_auc": 0.5412795403608586, "best_train_acc": 0.6501230889936267, "best_valid_auc": 0.5, "best_valid_acc": 0.4890282131661442, "_wandb": {"runtime": 335}}