{"epoch": 29, "train_loss_epoch": 0.457716166973114, "train_auc_epoch": 0.846220326574277, "train_acc_epoch": 0.7901237434123465, "valid_auc_epoch": 0.7991102528788769, "valid_acc_epoch": 0.7321988356471115, "_timestamp": 1670020069.1418471, "_runtime": 307.4696822166443, "_step": 29, "best_epoch": 19, "best_train_loss": 0.4684942960739136, "best_train_auc": 0.8378110087407036, "best_train_acc": 0.7853295567989228, "best_valid_auc": 0.799805292574793, "best_valid_acc": 0.7263770712046574, "_wandb": {"runtime": 307}}