{"epoch": 43, "train_loss_epoch": 0.4629255533218384, "train_auc_epoch": 0.8392991237336027, "train_acc_epoch": 0.788159009375231, "valid_auc_epoch": 0.8210216601978214, "valid_acc_epoch": 0.7380206000895656, "_timestamp": 1669849684.5286264, "_runtime": 3210.9951803684235, "_step": 43, "best_epoch": 33, "best_train_loss": 0.46270325779914856, "best_train_auc": 0.8395443415876678, "best_train_acc": 0.7882670320486216, "best_valid_auc": 0.8218419033493529, "best_valid_acc": 0.7411553963278101, "_wandb": {"runtime": 3211}}