{"epoch": 64, "train_loss_epoch": 0.4639208912849426, "train_auc_epoch": 0.8422531917212395, "train_acc_epoch": 0.7828862417022825, "valid_auc_epoch": 0.8115615760225752, "valid_acc_epoch": 0.742498880429915, "_timestamp": 1669738339.663064, "_runtime": 596.1864850521088, "_step": 64, "best_epoch": 54, "best_train_loss": 0.46838876605033875, "best_train_auc": 0.8385895012665971, "best_train_acc": 0.7826498135855233, "best_valid_auc": 0.8122044476119848, "best_valid_acc": 0.7299596954769368, "_wandb": {"runtime": 595}}