{"epoch": 18, "train_loss_epoch": 0.5592271685600281, "train_auc_epoch": 0.8116378862937568, "train_acc_epoch": 0.6496382975067443, "valid_auc_epoch": 0.774416680310633, "valid_acc_epoch": 0.4890282131661442, "_timestamp": 1670537744.9427552, "_runtime": 611.2681632041931, "_step": 18, "best_epoch": 8, "best_train_loss": 0.5629955530166626, "best_train_auc": 0.8067721373567456, "best_train_acc": 0.6496382975067443, "best_valid_auc": 0.780992269489202, "best_valid_acc": 0.4890282131661442, "_wandb": {"runtime": 610}}