{"epoch": 9, "train_loss_epoch": 0.4640909731388092, "train_auc_epoch": 0.8369242934353482, "train_acc_epoch": 0.77708033601745, "valid_auc_epoch": 0.8416927897512341, "valid_acc_epoch": 0.7706817205620666, "_timestamp": 1669307261.5981038, "_runtime": 4616.68362569809, "_step": 9, "_wandb": {"runtime": 4618}}