{"epoch": 100, "train_loss_epoch": 0.48084115982055664, "train_auc_epoch": 0.8270992778561915, "train_acc_epoch": 0.778777520860561, "valid_auc_epoch": 0.8008606934987303, "valid_acc_epoch": 0.7263770712046574, "_timestamp": 1669751817.770927, "_runtime": 5805.318932056427, "_step": 100, "best_epoch": 95, "best_train_loss": 0.48096439242362976, "best_train_auc": 0.8270921838125509, "best_train_acc": 0.7786541396675105, "best_valid_auc": 0.800909651260221, "best_valid_acc": 0.7272727272727273, "_wandb": {"runtime": 5805}}