{"epoch": 28, "train_loss_epoch": 0.49412885308265686, "train_auc_epoch": 0.8189322170496265, "train_acc_epoch": 0.7697904251092571, "valid_auc_epoch": 0.7937891060152236, "valid_acc_epoch": 0.7263770712046574, "_timestamp": 1670116247.7932773, "_runtime": 129.4149672985077, "_step": 28, "best_epoch": 18, "best_train_loss": 0.49727439880371094, "best_train_auc": 0.8163730572258503, "best_train_acc": 0.7722238776321018, "best_valid_auc": 0.7976302838266028, "best_valid_acc": 0.7232422749664129, "_wandb": {"runtime": 129}}