{"epoch": 39, "train_loss_epoch": 0.4562327563762665, "train_auc_epoch": 0.8487313239251078, "train_acc_epoch": 0.7930324030717363, "valid_auc_epoch": 0.7777092904174412, "valid_acc_epoch": 0.703537841468876, "_timestamp": 1670094123.057204, "_runtime": 729.7603349685669, "_step": 39, "best_epoch": 29, "best_train_loss": 0.47008416056632996, "best_train_auc": 0.8376129410971123, "best_train_acc": 0.7852318676112513, "best_valid_auc": 0.7916181101983031, "best_valid_acc": 0.7147335423197492, "_wandb": {"runtime": 729}}