{"epoch": 21, "train_loss_epoch": 0.47508805990219116, "train_auc_epoch": 0.8357509353958075, "train_acc_epoch": 0.7807993752266198, "valid_auc_epoch": 0.7956751837119935, "valid_acc_epoch": 0.7250335871025526, "_timestamp": 1669914545.632814, "_runtime": 191.8204689025879, "_step": 21, "best_epoch": 11, "best_train_loss": 0.4799712002277374, "best_train_auc": 0.8316223577813922, "best_train_acc": 0.7783170167071096, "best_valid_auc": 0.8032227048440896, "best_valid_acc": 0.7277205553067622, "_wandb": {"runtime": 187}}