{"epoch": 22, "train_loss_epoch": 0.45731866359710693, "train_auc_epoch": 0.8445369347988557, "train_acc_epoch": 0.7883473860557467, "valid_auc_epoch": 0.8059868119026752, "valid_acc_epoch": 0.7330944917151814, "_timestamp": 1670006849.749228, "_runtime": 2493.4440739154816, "_step": 22, "best_epoch": 12, "best_train_loss": 0.46595320105552673, "best_train_auc": 0.8377795933418726, "best_train_acc": 0.7845279870940165, "best_valid_auc": 0.8064499041712013, "best_valid_acc": 0.7380206000895656, "_wandb": {"runtime": 2494}}