{"epoch": 38, "train_loss_epoch": 0.4378531873226166, "train_auc_epoch": 0.8597996620044006, "train_acc_epoch": 0.7997083130772971, "valid_auc_epoch": 0.8174629927478306, "valid_acc_epoch": 0.7407075682937752, "_timestamp": 1670066823.8199863, "_runtime": 1023.0520262718201, "_step": 38, "best_epoch": 28, "best_train_loss": 0.4452216923236847, "best_train_auc": 0.854092109664973, "best_train_acc": 0.7966418608129838, "best_valid_auc": 0.8194718661414542, "best_valid_acc": 0.7429467084639498, "_wandb": {"runtime": 1022}}