{"epoch": 15, "train_loss_epoch": 0.4371190071105957, "train_auc_epoch": 0.8632772195688247, "train_acc_epoch": 0.7987530581643122, "valid_auc_epoch": 0.7966511285967903, "valid_acc_epoch": 0.7183161665920287, "_timestamp": 1669821924.18263, "_runtime": 116.55853295326233, "_step": 15, "best_epoch": 5, "best_train_loss": 0.4727307856082916, "best_train_auc": 0.8360784075326728, "best_train_acc": 0.7818640991239839, "best_valid_auc": 0.8050100644316245, "best_valid_acc": 0.729064039408867, "_wandb": {"runtime": 116}}