{"epoch": 62, "train_loss_epoch": 0.4637479782104492, "train_auc_epoch": 0.8435204089168428, "train_acc_epoch": 0.7837859340193063, "valid_auc_epoch": 0.8035766030137943, "valid_acc_epoch": 0.7368159203980099, "_timestamp": 1669713584.061204, "_runtime": 490.19920587539673, "_step": 62, "best_epoch": 57, "best_train_loss": 0.4674302339553833, "best_train_auc": 0.841185310549627, "best_train_acc": 0.7813196138750398, "best_valid_auc": 0.8046599996614386, "best_valid_acc": 0.7383084577114428, "_wandb": {"runtime": 489}}