{"epoch": 25, "train_loss_epoch": 0.41863855719566345, "train_auc_epoch": 0.8760104837943404, "train_acc_epoch": 0.808517451168748, "valid_auc_epoch": 0.8012595788669409, "valid_acc_epoch": 0.7223466188983431, "_timestamp": 1669833114.9525006, "_runtime": 816.9724495410919, "_step": 25, "best_epoch": 15, "best_train_loss": 0.4551282525062561, "best_train_auc": 0.8505897245617046, "best_train_acc": 0.7895380316129595, "best_valid_auc": 0.8065068877952315, "best_valid_acc": 0.728616211374832, "_wandb": {"runtime": 816}}