{"epoch": 27, "train_loss_epoch": 0.4774695336818695, "train_auc_epoch": 0.8285499299688497, "train_acc_epoch": 0.7807848056314473, "valid_auc_epoch": 0.8057982041329981, "valid_acc_epoch": 0.7330944917151814, "_timestamp": 1670011693.1335642, "_runtime": 1322.2282922267914, "_step": 27, "best_epoch": 17, "best_train_loss": 0.4771372377872467, "best_train_auc": 0.8291149209817659, "best_train_acc": 0.7808764483850829, "best_valid_auc": 0.806948310234901, "best_valid_acc": 0.7245857590685177, "_wandb": {"runtime": 1322}}