{"epoch": 12, "train_loss_epoch": 0.64919114112854, "train_auc_epoch": 0.49562475066691186, "train_acc_epoch": 0.6474476553036858, "valid_auc_epoch": 0.5, "valid_acc_epoch": 0.4890282131661442, "_timestamp": 1669882482.4475584, "_runtime": 138.6227583885193, "_step": 12, "best_epoch": 2, "best_train_loss": 0.6358813643455505, "best_train_auc": 0.5745359620602012, "best_train_acc": 0.6554940301090154, "best_valid_auc": 0.7259986580757833, "best_valid_acc": 0.6762203313927452, "_wandb": {"runtime": 137}}