{"epoch": 15, "train_loss_epoch": 0.44959092140197754, "train_auc_epoch": 0.8519467736193457, "train_acc_epoch": 0.7946703581934591, "valid_auc_epoch": 0.7959986259723333, "valid_acc_epoch": 0.7277205553067622, "_timestamp": 1669739374.037859, "_runtime": 181.53061604499817, "_step": 15, "best_epoch": 5, "best_train_loss": 0.4684622883796692, "best_train_auc": 0.8369608513364757, "best_train_acc": 0.7860442983215089, "best_valid_auc": 0.8053519661758048, "best_valid_acc": 0.7326466636811464, "_wandb": {"runtime": 181}}