{"epoch": 37, "train_loss_epoch": 0.5561584234237671, "train_auc_epoch": 0.8171144629092366, "train_acc_epoch": 0.64813266580767, "valid_auc_epoch": 0.7724258651077232, "valid_acc_epoch": 0.4890282131661442, "_timestamp": 1670508578.2816656, "_runtime": 527.1814215183258, "_step": 37, "best_epoch": 27, "best_train_loss": 0.5598851442337036, "best_train_auc": 0.8135762588683416, "best_train_acc": 0.64813266580767, "best_valid_auc": 0.7764989903464925, "best_valid_acc": 0.4890282131661442, "_wandb": {"runtime": 526}}