{"epoch": 16, "train_loss_epoch": 0.5646911263465881, "train_auc_epoch": 0.8059515342917729, "train_acc_epoch": 0.6426106909152716, "valid_auc_epoch": 0.7668077613301102, "valid_acc_epoch": 0.4890282131661442, "_timestamp": 1670544953.9405475, "_runtime": 264.1159484386444, "_step": 16, "best_epoch": 6, "best_train_loss": 0.5697277784347534, "best_train_auc": 0.8030126438910807, "best_train_acc": 0.6426106909152716, "best_valid_auc": 0.7713628396143734, "best_valid_acc": 0.4890282131661442, "_wandb": {"runtime": 263}}