{"epoch": 34, "train_loss_epoch": 0.457302451133728, "train_auc_epoch": 0.846823332562368, "train_acc_epoch": 0.7906816760475297, "valid_auc_epoch": 0.8054001213510416, "valid_acc_epoch": 0.7313031795790417, "_timestamp": 1669845714.1402466, "_runtime": 704.6151225566864, "_step": 34, "best_epoch": 24, "best_train_loss": 0.46332135796546936, "best_train_auc": 0.8424557148224061, "best_train_acc": 0.7876797998749219, "best_valid_auc": 0.8067107447037334, "best_valid_acc": 0.7389162561576355, "_wandb": {"runtime": 704}}