{"epoch": 22, "train_loss_epoch": 0.4711475372314453, "train_auc_epoch": 0.8336607378429517, "train_acc_epoch": 0.7825872081051027, "valid_auc_epoch": 0.8067982266054132, "valid_acc_epoch": 0.7277205553067622, "_timestamp": 1669759731.4372678, "_runtime": 385.2214448451996, "_step": 22, "best_epoch": 12, "best_train_loss": 0.47204992175102234, "best_train_auc": 0.8329222564479066, "best_train_acc": 0.7827725381985915, "best_valid_auc": 0.8090334293226493, "best_valid_acc": 0.7313031795790417, "_wandb": {"runtime": 384}}