{"epoch": 36, "train_loss_epoch": 0.4793783128261566, "train_auc_epoch": 0.8271605052854726, "train_acc_epoch": 0.7814463635897698, "valid_auc_epoch": 0.8019867220130148, "valid_acc_epoch": 0.7205553067622034, "_timestamp": 1670015005.1241965, "_runtime": 2233.1285355091095, "_step": 36, "best_epoch": 26, "best_train_loss": 0.4799806773662567, "best_train_auc": 0.8265299105747022, "best_train_acc": 0.7810500059795329, "best_valid_auc": 0.8034602703752571, "best_valid_acc": 0.7263770712046574, "_wandb": {"runtime": 2233}}