{"epoch": 46, "train_loss_epoch": 0.4491950273513794, "train_auc_epoch": 0.8538828320228873, "train_acc_epoch": 0.7948050908508765, "valid_auc_epoch": 0.8051970670287936, "valid_acc_epoch": 0.7344379758172862, "_timestamp": 1669909741.6006608, "_runtime": 455.7429208755493, "_step": 46, "best_epoch": 36, "best_train_loss": 0.45630887150764465, "best_train_auc": 0.8485459453784063, "best_train_acc": 0.7908628832146002, "best_valid_auc": 0.8066545636659572, "best_valid_acc": 0.735333631885356, "_wandb": {"runtime": 455}}