{"epoch": 18, "train_loss_epoch": 0.5670167803764343, "train_auc_epoch": 0.7973928444843572, "train_acc_epoch": 0.6464087789077047, "valid_auc_epoch": 0.7770515709823336, "valid_acc_epoch": 0.4890282131661442, "_timestamp": 1670541170.038442, "_runtime": 179.22774386405945, "_step": 18, "best_epoch": 8, "best_train_loss": 0.5675678253173828, "best_train_auc": 0.7955072125028488, "best_train_acc": 0.6464087789077047, "best_valid_auc": 0.7816981440995464, "best_valid_acc": 0.4890282131661442, "_wandb": {"runtime": 178}}