{"epoch": 11, "train_loss_epoch": 0.6479236483573914, "train_auc_epoch": 0.497479956651011, "train_acc_epoch": 0.6493675030746379, "valid_auc_epoch": 0.5, "valid_acc_epoch": 0.4890282131661442, "_timestamp": 1669953972.0876307, "_runtime": 856.5426917076111, "_step": 11, "best_epoch": 1, "best_train_loss": 0.6485305428504944, "best_train_auc": 0.5000933719790944, "best_train_acc": 0.6491279209059401, "best_valid_auc": 0.5, "best_valid_acc": 0.4890282131661442, "_wandb": {"runtime": 856}}