{"epoch": 47, "train_loss_epoch": 0.44374534487724304, "train_auc_epoch": 0.8561303155214232, "train_acc_epoch": 0.7983321491342882, "valid_auc_epoch": 0.8076264956194842, "valid_acc_epoch": 0.7366771159874608, "_timestamp": 1670110667.3720493, "_runtime": 579.876763343811, "_step": 47, "best_epoch": 37, "best_train_loss": 0.44573625922203064, "best_train_auc": 0.8549824695268331, "best_train_acc": 0.7969559851912793, "best_valid_auc": 0.8089146465570656, "best_valid_acc": 0.7362292879534259, "_wandb": {"runtime": 579}}