{"epoch": 34, "train_loss_epoch": 0.43437081575393677, "train_auc_epoch": 0.8628473789733626, "train_acc_epoch": 0.8009276631227851, "valid_auc_epoch": 0.8125423364248957, "valid_acc_epoch": 0.7362292879534259, "_timestamp": 1669895633.4049866, "_runtime": 984.3569405078888, "_step": 34, "best_epoch": 24, "best_train_loss": 0.44256794452667236, "best_train_auc": 0.8569474702438409, "best_train_acc": 0.7973629351678132, "best_valid_auc": 0.8167663478794066, "best_valid_acc": 0.7389162561576355, "_wandb": {"runtime": 984}}