{"epoch": 34, "train_loss_epoch": 0.4621162414550781, "train_auc_epoch": 0.8457810880182813, "train_acc_epoch": 0.788059542513248, "valid_auc_epoch": 0.8032186919128199, "valid_acc_epoch": 0.7348858038513211, "_timestamp": 1669891919.6970212, "_runtime": 260.77109813690186, "_step": 34, "best_epoch": 24, "best_train_loss": 0.463399738073349, "best_train_auc": 0.8441446071488573, "best_train_acc": 0.7867813490267089, "best_valid_auc": 0.8082709723814018, "best_valid_acc": 0.7357814599193909, "_wandb": {"runtime": 260}}