{"epoch": 36, "train_loss_epoch": 0.4696858823299408, "train_auc_epoch": 0.8353427424234149, "train_acc_epoch": 0.7838661417865687, "valid_auc_epoch": 0.8115728122301304, "valid_acc_epoch": 0.7371249440214958, "_timestamp": 1669849264.831772, "_runtime": 482.2397060394287, "_step": 36, "best_epoch": 26, "best_train_loss": 0.4700031578540802, "best_train_auc": 0.835067775752494, "best_train_acc": 0.7839971320036677, "best_valid_auc": 0.8118705717303439, "best_valid_acc": 0.7317510076130765, "_wandb": {"runtime": 481}}