{"epoch": 35, "train_loss_epoch": 0.4551081657409668, "train_auc_epoch": 0.8474716785645001, "train_acc_epoch": 0.7913566360962104, "valid_auc_epoch": 0.8043583643934213, "valid_acc_epoch": 0.7384684281236006, "_timestamp": 1670021724.2998197, "_runtime": 379.99103474617004, "_step": 35, "best_epoch": 25, "best_train_loss": 0.4643417000770569, "best_train_auc": 0.8401587675892708, "best_train_acc": 0.7873247966776259, "best_valid_auc": 0.8057187480938577, "best_valid_acc": 0.7308553515450067, "_wandb": {"runtime": 379}}