{"epoch": 21, "train_loss_epoch": 0.45954835414886475, "train_auc_epoch": 0.8430223546565798, "train_acc_epoch": 0.7895847994370162, "valid_auc_epoch": 0.7988181114824411, "valid_acc_epoch": 0.7254814151365876, "_timestamp": 1669949536.1284978, "_runtime": 1091.8147897720337, "_step": 21, "best_epoch": 11, "best_train_loss": 0.46456483006477356, "best_train_auc": 0.839017045462753, "best_train_acc": 0.7866236508038056, "best_valid_auc": 0.7995637141123557, "best_valid_acc": 0.7304075235109718, "_wandb": {"runtime": 1091}}