{"epoch": 30, "train_loss_epoch": 0.45105212926864624, "train_auc_epoch": 0.8495918331251533, "train_acc_epoch": 0.793820987336117, "valid_auc_epoch": 0.8031344203561557, "valid_acc_epoch": 0.7299596954769368, "_timestamp": 1669876240.6296175, "_runtime": 545.4864745140076, "_step": 30, "best_epoch": 20, "best_train_loss": 0.4585079848766327, "best_train_auc": 0.8437971798542003, "best_train_acc": 0.7898631659134778, "best_valid_auc": 0.805652936021034, "best_valid_acc": 0.7339901477832512, "_wandb": {"runtime": 545}}