{"epoch": 23, "train_loss_epoch": 0.45335614681243896, "train_auc_epoch": 0.8481415067726241, "train_acc_epoch": 0.7926413656768667, "valid_auc_epoch": 0.8047580523478857, "valid_acc_epoch": 0.7304075235109718, "_timestamp": 1669883646.1100216, "_runtime": 1124.8307316303253, "_step": 23, "best_epoch": 13, "best_train_loss": 0.4584641754627228, "best_train_auc": 0.844277696885532, "best_train_acc": 0.7900313001935669, "best_valid_auc": 0.80684638178065, "best_valid_acc": 0.7380206000895656, "_wandb": {"runtime": 1124}}