{"epoch": 24, "train_loss_epoch": 0.5896632075309753, "train_auc_epoch": 0.7605500583396957, "train_acc_epoch": 0.6512702236345309, "valid_auc_epoch": 0.746211391588254, "valid_acc_epoch": 0.4890282131661442, "_timestamp": 1670550610.6018393, "_runtime": 1815.2680163383484, "_step": 24, "best_epoch": 14, "best_train_loss": 0.5898536443710327, "best_train_auc": 0.7590493332040504, "best_train_acc": 0.6512702236345309, "best_valid_auc": 0.7500834689704102, "best_valid_acc": 0.4890282131661442, "_wandb": {"runtime": 1815}}