{"epoch": 54, "train_loss_epoch": 0.564805805683136, "train_auc_epoch": 0.8106529661083586, "train_acc_epoch": 0.646922448104421, "valid_auc_epoch": 0.762701730054929, "valid_acc_epoch": 0.4890282131661442, "_timestamp": 1670446258.9794562, "_runtime": 396.6583092212677, "_step": 54, "best_epoch": 44, "best_train_loss": 0.5686100125312805, "best_train_auc": 0.8065815768740143, "best_train_acc": 0.646922448104421, "best_valid_auc": 0.7643719120493879, "best_valid_acc": 0.4890282131661442, "_wandb": {"runtime": 396}}