{"epoch": 13, "train_loss_epoch": 0.5564287900924683, "train_auc_epoch": 0.8145062314528736, "train_acc_epoch": 0.6512333549631227, "valid_auc_epoch": 0.7693262769949887, "valid_acc_epoch": 0.4890282131661442, "_timestamp": 1670471987.1612105, "_runtime": 781.6978235244751, "_step": 13, "best_epoch": 3, "best_train_loss": 0.5622233748435974, "best_train_auc": 0.8071237955690129, "best_train_acc": 0.6512333549631227, "best_valid_auc": 0.778640691765144, "best_valid_acc": 0.4890282131661442, "_wandb": {"runtime": 781}}