{"epoch": 50, "train_loss_epoch": 0.4623551070690155, "train_auc_epoch": 0.8397711570854051, "train_acc_epoch": 0.7872550527053115, "valid_auc_epoch": 0.8165063099331286, "valid_acc_epoch": 0.7389162561576355, "_timestamp": 1669995623.6384015, "_runtime": 10819.54556441307, "_step": 50, "best_epoch": 40, "best_train_loss": 0.4619530439376831, "best_train_auc": 0.8402371234438379, "best_train_acc": 0.7869987870090376, "best_valid_auc": 0.8186291505748122, "best_valid_acc": 0.7402597402597403, "_wandb": {"runtime": 10821}}