{"epoch": 41, "train_loss_epoch": 0.4569507837295532, "train_auc_epoch": 0.8454175795492594, "train_acc_epoch": 0.7908497336490086, "valid_auc_epoch": 0.8089379215584298, "valid_acc_epoch": 0.7321988356471115, "_timestamp": 1670003213.7454789, "_runtime": 1299.1604809761047, "_step": 41, "best_epoch": 31, "best_train_loss": 0.46068233251571655, "best_train_auc": 0.8422622704981175, "best_train_acc": 0.7890925569695176, "best_valid_auc": 0.8096602491869801, "best_valid_acc": 0.7344379758172862, "_wandb": {"runtime": 1299}}