{"epoch": 31, "train_loss_epoch": 0.5747159123420715, "train_auc_epoch": 0.7850586697072818, "train_acc_epoch": 0.6501230889936267, "valid_auc_epoch": 0.7651825241658721, "valid_acc_epoch": 0.4890282131661442, "_timestamp": 1670506744.0074072, "_runtime": 5538.384078264236, "_step": 31, "best_epoch": 21, "best_train_loss": 0.5756704807281494, "best_train_auc": 0.7829673081356638, "best_train_acc": 0.6501230889936267, "best_valid_auc": 0.7677784894042563, "best_valid_acc": 0.4890282131661442, "_wandb": {"runtime": 5539}}