{"epoch": 48, "train_loss_epoch": 0.5707687735557556, "train_auc_epoch": 0.8018860264413649, "train_acc_epoch": 0.6492469480248956, "valid_auc_epoch": 0.7533861114053928, "valid_acc_epoch": 0.4890282131661442, "_timestamp": 1670423735.6145399, "_runtime": 720.8481907844543, "_step": 48, "best_epoch": 38, "best_train_loss": 0.572683572769165, "best_train_auc": 0.7991231692810583, "best_train_acc": 0.6492469480248956, "best_valid_auc": 0.75625736372888, "best_valid_acc": 0.4890282131661442, "_wandb": {"runtime": 720}}