{"epoch": 15, "train_loss_epoch": 0.6495718955993652, "train_auc_epoch": 0.5013326945620048, "train_acc_epoch": 0.646922448104421, "valid_auc_epoch": 0.5, "valid_acc_epoch": 0.4890282131661442, "_timestamp": 1670495742.9752944, "_runtime": 182.07406330108643, "_step": 15, "best_epoch": 5, "best_train_loss": 0.5926714539527893, "best_train_auc": 0.7527445462690323, "best_train_acc": 0.646922448104421, "best_valid_auc": 0.7433573948692266, "best_valid_acc": 0.4890282131661442, "_wandb": {"runtime": 181}}