{"fold": "full", "epoch": "full", "train_loss_epoch": 0.5894041061401367, "train_auc_epoch": 0.754913944444212, "train_acc_epoch": 0.6667288673259937, "valid_auc_epoch": 0.7357947406210735, "valid_acc_epoch": 0.6564600448095593, "_timestamp": 1669004179.8583724, "_runtime": 54.444316387176514, "_step": 42, "_wandb": {"runtime": 53}}