{"epoch": 20, "train_loss_epoch": 0.4373479187488556, "train_auc_epoch": 0.8603717197197297, "train_acc_epoch": 0.799006732761172, "valid_auc_epoch": 0.8050084592591167, "valid_acc_epoch": 0.7268248992386923, "_timestamp": 1669745612.2468183, "_runtime": 404.10796642303467, "_step": 20, "best_epoch": 10, "best_train_loss": 0.450652152299881, "best_train_auc": 0.8507141054304233, "best_train_acc": 0.7935317401598107, "best_valid_auc": 0.810634588899269, "best_valid_acc": 0.7339901477832512, "_wandb": {"runtime": 403}}