{"epoch": 33, "train_loss_epoch": 0.4565253257751465, "train_auc_epoch": 0.8452660300079204, "train_acc_epoch": 0.7931994114260124, "valid_auc_epoch": 0.8052540506528237, "valid_acc_epoch": 0.7236901030004478, "_timestamp": 1669934423.1778603, "_runtime": 803.3886642456055, "_step": 33, "best_epoch": 23, "best_train_loss": 0.46992161870002747, "best_train_auc": 0.8336780085321234, "best_train_acc": 0.7851247977919336, "best_valid_auc": 0.8114082820480717, "best_valid_acc": 0.735333631885356, "_wandb": {"runtime": 803}}