{"epoch": 20, "train_loss_epoch": 0.3857426047325134, "train_auc_epoch": 0.8949244070800164, "train_acc_epoch": 0.8230910315046549, "valid_auc_epoch": 0.7929134844121698, "valid_acc_epoch": 0.7147335423197492, "_timestamp": 1670086286.9495327, "_runtime": 604.3108148574829, "_step": 20, "best_epoch": 10, "best_train_loss": 0.42776450514793396, "best_train_auc": 0.8678104006971934, "best_train_acc": 0.8036821210503099, "best_valid_auc": 0.8046151919946838, "best_valid_acc": 0.7299596954769368, "_wandb": {"runtime": 604}}