{"epoch": 26, "train_loss_epoch": 0.6477718353271484, "train_auc_epoch": 0.49825094069367404, "train_acc_epoch": 0.6496382975067443, "valid_auc_epoch": 0.5, "valid_acc_epoch": 0.4890282131661442, "_timestamp": 1669725043.2012076, "_runtime": 1716.4018607139587, "_step": 26, "best_epoch": 1, "best_train_loss": 0.648497462272644, "best_train_auc": 0.4972901382343433, "best_train_acc": 0.6496382975067443, "best_valid_auc": 0.5, "best_valid_acc": 0.4890282131661442, "_wandb": {"runtime": 1716}}