{"epoch": 23, "train_loss_epoch": 0.45242762565612793, "train_auc_epoch": 0.8484597379835841, "train_acc_epoch": 0.7917095440874643, "valid_auc_epoch": 0.808240474103752, "valid_acc_epoch": 0.7241379310344828, "_timestamp": 1670081131.7877588, "_runtime": 2418.74258685112, "_step": 23, "best_epoch": 13, "best_train_loss": 0.4582090973854065, "best_train_auc": 0.8433964750129486, "best_train_acc": 0.7885569876456174, "best_valid_auc": 0.809530230213841, "best_valid_acc": 0.729064039408867, "_wandb": {"runtime": 2419}}