{"epoch": 50, "train_loss_epoch": 0.45615264773368835, "train_auc_epoch": 0.8450066792620805, "train_acc_epoch": 0.7885447779073296, "valid_auc_epoch": 0.8105992751040955, "valid_acc_epoch": 0.7357814599193909, "_timestamp": 1670061939.5339828, "_runtime": 3088.5335767269135, "_step": 50, "best_epoch": 40, "best_train_loss": 0.45833340287208557, "best_train_auc": 0.8432595981704154, "best_train_acc": 0.7876862751361625, "best_valid_auc": 0.8109893320235125, "best_valid_acc": 0.7398119122257053, "_wandb": {"runtime": 3088}}