{"epoch": 24, "train_loss_epoch": 0.4800737798213959, "train_auc_epoch": 0.8308423319104787, "train_acc_epoch": 0.777981876071516, "valid_auc_epoch": 0.8132863463145097, "valid_acc_epoch": 0.7427860696517413, "_timestamp": 1669721141.4848778, "_runtime": 233.34034991264343, "_step": 24, "best_epoch": 19, "best_train_loss": 0.480216383934021, "best_train_auc": 0.830447626522288, "best_train_acc": 0.7774614254224834, "best_valid_auc": 0.8166281470033827, "best_valid_acc": 0.7467661691542289, "_wandb": {"runtime": 232}}