{"epoch": 27, "train_loss_epoch": 0.4096715450286865, "train_auc_epoch": 0.8816579017225236, "train_acc_epoch": 0.8139124837323854, "valid_auc_epoch": 0.7822350743034353, "valid_acc_epoch": 0.7174205105239588, "_timestamp": 1669759965.0609846, "_runtime": 196.57377171516418, "_step": 27, "best_epoch": 17, "best_train_loss": 0.42727383971214294, "best_train_auc": 0.8700214417962194, "best_train_acc": 0.8060060732427478, "best_valid_auc": 0.7900883807982844, "best_valid_acc": 0.7156291983878191, "_wandb": {"runtime": 196}}