{"epoch": 22, "train_loss_epoch": 0.4172748625278473, "train_auc_epoch": 0.8758340181658204, "train_acc_epoch": 0.806945306183842, "valid_auc_epoch": 0.7872400021830346, "valid_acc_epoch": 0.7210031347962382, "_timestamp": 1669908279.6236377, "_runtime": 409.8645257949829, "_step": 22, "best_epoch": 12, "best_train_loss": 0.44506627321243286, "best_train_auc": 0.8561910594482285, "best_train_acc": 0.7937465922123828, "best_valid_auc": 0.7904712144414161, "best_valid_acc": 0.7205553067622034, "_wandb": {"runtime": 409}}