{"epoch": 100, "train_loss_epoch": 0.5738834142684937, "train_auc_epoch": 0.7384319661122754, "train_acc_epoch": 0.7164830119375574, "valid_auc_epoch": 0.7176782463811385, "valid_acc_epoch": 0.6426332288401254, "_timestamp": 1669728552.301861, "_runtime": 723.0901219844818, "_step": 100, "best_epoch": 100, "best_train_loss": 0.5738834142684937, "best_train_auc": 0.7384319661122754, "best_train_acc": 0.7164830119375574, "best_valid_auc": 0.7176782463811385, "best_valid_acc": 0.6426332288401254, "_wandb": {"runtime": 722}}