{"epoch": 2, "train_loss_epoch": 0.49932441115379333, "train_auc_epoch": 0.8151980545963187, "train_acc_epoch": 0.7682260627731426, "valid_auc_epoch": 0.7922200498887615, "valid_acc_epoch": 0.7205553067622034, "_timestamp": 1669726606.7742956, "_runtime": 142.57233357429504, "_step": 1}