{"epoch": 26, "train_loss_epoch": 0.49018001556396484, "train_auc_epoch": 0.8243704880545597, "train_acc_epoch": 0.776293191278782, "valid_auc_epoch": 0.8013952159438574, "valid_acc_epoch": 0.7201074787281684, "_timestamp": 1669735667.7552679, "_runtime": 197.69706892967224, "_step": 26, "best_epoch": 16, "best_train_loss": 0.4889811873435974, "best_train_auc": 0.8256215680072162, "best_train_acc": 0.776642505749134, "best_valid_auc": 0.8027106548140728, "best_valid_acc": 0.7281683833407971, "_wandb": {"runtime": 197}}