{"epoch": 49, "train_loss_epoch": 0.46141910552978516, "train_auc_epoch": 0.841015410274867, "train_acc_epoch": 0.7886696393487435, "valid_auc_epoch": 0.8171824888520771, "valid_acc_epoch": 0.7380206000895656, "_timestamp": 1669974810.0949845, "_runtime": 1247.510148525238, "_step": 49, "best_epoch": 39, "best_train_loss": 0.4604388177394867, "best_train_auc": 0.8418986232282798, "best_train_acc": 0.7895341089641741, "best_valid_auc": 0.8176869143126811, "best_valid_acc": 0.7402597402597403, "_wandb": {"runtime": 1247}}