{"epoch": 100, "train_loss_epoch": 0.45130935311317444, "train_auc_epoch": 0.8489103082837816, "train_acc_epoch": 0.792509862799278, "valid_auc_epoch": 0.8131719653411152, "valid_acc_epoch": 0.7321988356471115, "_timestamp": 1669776515.6972241, "_runtime": 2268.727587223053, "_step": 100, "best_epoch": 100, "best_train_loss": 0.45130935311317444, "best_train_auc": 0.8489103082837816, "best_train_acc": 0.792509862799278, "best_valid_auc": 0.8131719653411152, "best_valid_acc": 0.7321988356471115, "_wandb": {"runtime": 2268}}