{"epoch": 20, "train_loss_epoch": 0.47038623690605164, "train_auc_epoch": 0.8341105021422442, "train_acc_epoch": 0.784056605280391, "valid_auc_epoch": 0.8117549993097759, "valid_acc_epoch": 0.7366771159874608, "_timestamp": 1670124973.2051094, "_runtime": 1654.882402420044, "_step": 20, "best_epoch": 10, "best_train_loss": 0.4707435965538025, "best_train_auc": 0.8335542565385543, "best_train_acc": 0.7848871567985434, "best_valid_auc": 0.8177142022453153, "best_valid_acc": 0.7380206000895656, "_wandb": {"runtime": 1655}}