{"epoch": 21, "train_loss_epoch": 0.574262261390686, "train_auc_epoch": 0.7945443081282002, "train_acc_epoch": 0.6496382975067443, "valid_auc_epoch": 0.7665685906264347, "valid_acc_epoch": 0.4890282131661442, "_timestamp": 1670513701.7072167, "_runtime": 1229.9361908435822, "_step": 21, "best_epoch": 11, "best_train_loss": 0.5730611681938171, "best_train_auc": 0.795114377937614, "best_train_acc": 0.6496382975067443, "best_valid_auc": 0.7684807523764579, "best_valid_acc": 0.4890282131661442, "_wandb": {"runtime": 1229}}