{"epoch": 31, "train_loss_epoch": 0.4550703763961792, "train_auc_epoch": 0.8465197774913911, "train_acc_epoch": 0.7916788379698839, "valid_auc_epoch": 0.8048920842522945, "valid_acc_epoch": 0.7272727272727273, "_timestamp": 1669821772.2745419, "_runtime": 486.51945090293884, "_step": 31, "best_epoch": 21, "best_train_loss": 0.46280667185783386, "best_train_auc": 0.840467972285414, "best_train_acc": 0.7880245831686628, "best_valid_auc": 0.8054426584225007, "best_valid_acc": 0.7304075235109718, "_wandb": {"runtime": 486}}