{"epoch": 53, "train_loss_epoch": 0.5733185410499573, "train_auc_epoch": 0.8017021490510391, "train_acc_epoch": 0.6492469480248956, "valid_auc_epoch": 0.7523335195333443, "valid_acc_epoch": 0.4890282131661442, "_timestamp": 1670529651.7135322, "_runtime": 738.7717592716217, "_step": 53, "best_epoch": 43, "best_train_loss": 0.5782443881034851, "best_train_auc": 0.7974152269652139, "best_train_acc": 0.6492469480248956, "best_valid_auc": 0.7552489141007984, "best_valid_acc": 0.4890282131661442, "_wandb": {"runtime": 738}}