{"epoch": 37, "train_loss_epoch": 0.5556706190109253, "train_auc_epoch": 0.8236914028279024, "train_acc_epoch": 0.6415204146585433, "valid_auc_epoch": 0.7768380830387841, "valid_acc_epoch": 0.4890282131661442, "_timestamp": 1670429260.1896436, "_runtime": 411.91213870048523, "_step": 37, "best_epoch": 27, "best_train_loss": 0.5608765482902527, "best_train_auc": 0.8180151918071494, "best_train_acc": 0.6415204146585433, "best_valid_auc": 0.7794368573290571, "best_valid_acc": 0.4890282131661442, "_wandb": {"runtime": 411}}