{"epoch": 20, "train_loss_epoch": 0.440777987241745, "train_auc_epoch": 0.8574481652360437, "train_acc_epoch": 0.797123730601383, "valid_auc_epoch": 0.8028005444745148, "valid_acc_epoch": 0.7313031795790417, "_timestamp": 1669924582.618657, "_runtime": 464.64203000068665, "_step": 20, "best_epoch": 10, "best_train_loss": 0.45648548007011414, "best_train_auc": 0.8456081763799739, "best_train_acc": 0.7901605664292757, "best_valid_auc": 0.8050975463333044, "best_valid_acc": 0.7326466636811464, "_wandb": {"runtime": 464}}