{"epoch": 25, "train_loss_epoch": 0.4362635612487793, "train_auc_epoch": 0.8618135127740176, "train_acc_epoch": 0.7993160931823039, "valid_auc_epoch": 0.8011720969652608, "valid_acc_epoch": 0.7348858038513211, "_timestamp": 1669869091.2458084, "_runtime": 446.59647941589355, "_step": 25, "best_epoch": 15, "best_train_loss": 0.4469486176967621, "best_train_auc": 0.8539850932531075, "best_train_acc": 0.794931368020462, "best_valid_auc": 0.804799786833091, "best_valid_acc": 0.7326466636811464, "_wandb": {"runtime": 445}}