{"epoch": 26, "train_loss_epoch": 0.4745483696460724, "train_auc_epoch": 0.8303103525496337, "train_acc_epoch": 0.7816655547127046, "valid_auc_epoch": 0.8075847611342792, "valid_acc_epoch": 0.728616211374832, "_timestamp": 1669773462.00644, "_runtime": 937.5682280063629, "_step": 26, "best_epoch": 16, "best_train_loss": 0.4743078351020813, "best_train_auc": 0.830662461735771, "best_train_acc": 0.7818848990559054, "best_valid_auc": 0.8109475975383075, "best_valid_acc": 0.729064039408867, "_wandb": {"runtime": 937}}