{"epoch": 34, "train_loss_epoch": 0.45551958680152893, "train_auc_epoch": 0.8462216876733597, "train_acc_epoch": 0.7910487940386389, "valid_auc_epoch": 0.8082067654810863, "valid_acc_epoch": 0.7263770712046574, "_timestamp": 1669869936.6220214, "_runtime": 636.4446115493774, "_step": 34, "best_epoch": 24, "best_train_loss": 0.4604606330394745, "best_train_auc": 0.8423378165472, "best_train_acc": 0.7886947208046233, "best_valid_auc": 0.809705595310328, "best_valid_acc": 0.7393640841916704, "_wandb": {"runtime": 636}}