{"loss": 0.5394539833068848, "acc": 0.7295069387227581, "auc": 0.7695702814767904, "_timestamp": 1669040468.3374658, "_runtime": 60.16004276275635, "_step": 99, "_wandb": {"runtime": 59}}