{"epoch": 49, "train_loss_epoch": 0.441061407327652, "train_auc_epoch": 0.8579211549796191, "train_acc_epoch": 0.8002812842556654, "valid_auc_epoch": 0.8052556558253317, "valid_acc_epoch": 0.7407075682937752, "_timestamp": 1669958952.1795194, "_runtime": 1137.617770433426, "_step": 49, "best_epoch": 39, "best_train_loss": 0.4458743929862976, "best_train_auc": 0.8544149871441242, "best_train_acc": 0.7964687795158877, "best_valid_auc": 0.8067785632421917, "best_valid_acc": 0.7304075235109718, "_wandb": {"runtime": 1137}}