{"epoch": 24, "train_loss_epoch": 0.4776880741119385, "train_auc_epoch": 0.8292720827966873, "train_acc_epoch": 0.780605019385694, "valid_auc_epoch": 0.8005300279621052, "valid_acc_epoch": 0.7223466188983431, "_timestamp": 1669768928.8828442, "_runtime": 212.7470932006836, "_step": 24, "best_epoch": 14, "best_train_loss": 0.47798970341682434, "best_train_auc": 0.8292205695557539, "best_train_acc": 0.780628235785759, "best_valid_auc": 0.8059330386236608, "best_valid_acc": 0.7339901477832512, "_wandb": {"runtime": 212}}