{"epoch": 48, "train_loss_epoch": 0.4052477478981018, "train_auc_epoch": 0.8857398610523637, "train_acc_epoch": 0.815745474811602, "valid_auc_epoch": 0.8019353564927623, "valid_acc_epoch": 0.7304075235109718, "_timestamp": 1670028140.4916527, "_runtime": 724.67897772789, "_step": 48, "best_epoch": 38, "best_train_loss": 0.42420440912246704, "best_train_auc": 0.873135773181463, "best_train_acc": 0.8086214834379316, "best_valid_auc": 0.8068676503163795, "best_valid_acc": 0.7362292879534259, "_wandb": {"runtime": 724}}