{"epoch": 14, "train_loss_epoch": 0.5641553997993469, "train_auc_epoch": 0.8024071886464206, "train_acc_epoch": 0.6480011966642982, "valid_auc_epoch": 0.7759086881567162, "valid_acc_epoch": 0.4890282131661442, "_timestamp": 1670538054.9336383, "_runtime": 273.52911829948425, "_step": 14, "best_epoch": 4, "best_train_loss": 0.567539393901825, "best_train_auc": 0.7977415645138213, "best_train_acc": 0.6480011966642982, "best_valid_auc": 0.7797221767423345, "best_valid_acc": 0.4890282131661442, "_wandb": {"runtime": 273}}