{"epoch": 25, "train_loss_epoch": 0.5630270838737488, "train_auc_epoch": 0.7357338963046037, "train_acc_epoch": 0.7277708217187457, "valid_auc_epoch": 0.7319739127364018, "valid_acc_epoch": 0.651141961486789, "_timestamp": 1670104474.2082906, "_runtime": 1613.6493334770203, "_step": 25, "best_epoch": 15, "best_train_loss": 0.5622026324272156, "best_train_auc": 0.7368419870613161, "best_train_acc": 0.7277342643282122, "best_valid_auc": 0.7378961967042598, "best_valid_acc": 0.6247201074787282, "_wandb": {"runtime": 1613}}