{"epoch": 46, "train_loss_epoch": 0.5377568006515503, "train_auc_epoch": 0.7692449128150302, "train_acc_epoch": 0.7407481352521204, "valid_auc_epoch": 0.7466492023897809, "valid_acc_epoch": 0.664128974473802, "_timestamp": 1669807603.3437874, "_runtime": 1293.9263353347778, "_step": 46, "best_epoch": 36, "best_train_loss": 0.5411146283149719, "best_train_auc": 0.7655516473780846, "best_train_acc": 0.737861170119312, "best_valid_auc": 0.7498210232653703, "best_valid_acc": 0.6524854455888939, "_wandb": {"runtime": 1293}}