{"epoch": 25, "train_loss_epoch": 0.4616401791572571, "train_auc_epoch": 0.8400222671984107, "train_acc_epoch": 0.788235696103053, "valid_auc_epoch": 0.820186970493719, "valid_acc_epoch": 0.7313031795790417, "_timestamp": 1670097672.0344775, "_runtime": 1958.6634175777435, "_step": 25, "best_epoch": 15, "best_train_loss": 0.4624730348587036, "best_train_auc": 0.8394503330399418, "best_train_acc": 0.7882596142347053, "best_valid_auc": 0.8228499516843074, "best_valid_acc": 0.7429467084639498, "_wandb": {"runtime": 1959}}