{"epoch": 59, "train_loss_epoch": 0.445683091878891, "train_auc_epoch": 0.8587743811671131, "train_acc_epoch": 0.7986036939588923, "valid_auc_epoch": 0.7981543726504288, "valid_acc_epoch": 0.7304075235109718, "_timestamp": 1669792610.5569828, "_runtime": 449.96237874031067, "_step": 59, "best_epoch": 49, "best_train_loss": 0.4555535912513733, "best_train_auc": 0.851604493066703, "best_train_acc": 0.7929507385312736, "best_valid_auc": 0.8003189477773176, "best_valid_acc": 0.7263770712046574, "_wandb": {"runtime": 449}}