{"epoch": 39, "train_loss_epoch": 0.5745660066604614, "train_auc_epoch": 0.7892255601402356, "train_acc_epoch": 0.6493812034100738, "valid_auc_epoch": 0.7543163088737146, "valid_acc_epoch": 0.4890282131661442, "_timestamp": 1670527926.1383772, "_runtime": 1601.4378871917725, "_step": 39, "best_epoch": 29, "best_train_loss": 0.5741710066795349, "best_train_auc": 0.7892397007870537, "best_train_acc": 0.6493812034100738, "best_valid_auc": 0.7586843845608088, "best_valid_acc": 0.4890282131661442, "_wandb": {"runtime": 1601}}