{"epoch": 64, "train_loss_epoch": 0.5722174644470215, "train_auc_epoch": 0.7961302557935279, "train_acc_epoch": 0.6492469480248956, "valid_auc_epoch": 0.7598898691142337, "valid_acc_epoch": 0.4890282131661442, "_timestamp": 1670398819.6529846, "_runtime": 1353.6303036212921, "_step": 64, "best_epoch": 54, "best_train_loss": 0.57314532995224, "best_train_auc": 0.795623932270594, "best_train_acc": 0.6492469480248956, "best_valid_auc": 0.7629063895496849, "best_valid_acc": 0.4890282131661442, "_wandb": {"runtime": 1353}}