{"epoch": 28, "train_loss_epoch": 0.44627511501312256, "train_auc_epoch": 0.8588710531250808, "train_acc_epoch": 0.8014843402107763, "valid_auc_epoch": 0.7902657523604063, "valid_acc_epoch": 0.7214509628302732, "_timestamp": 1669772450.0483048, "_runtime": 113.58361077308655, "_step": 28, "best_epoch": 18, "best_train_loss": 0.4555778205394745, "best_train_auc": 0.8523630761936141, "best_train_acc": 0.7967938251447232, "best_valid_auc": 0.7965592324707136, "best_valid_acc": 0.7236901030004478, "_wandb": {"runtime": 113}}