{"epoch": 13, "train_loss_epoch": 0.5571975111961365, "train_auc_epoch": 0.8123952884151823, "train_acc_epoch": 0.6480011966642982, "valid_auc_epoch": 0.7673543225690465, "valid_acc_epoch": 0.4890282131661442, "_timestamp": 1670459935.849232, "_runtime": 494.07049107551575, "_step": 13, "best_epoch": 3, "best_train_loss": 0.5663272738456726, "best_train_auc": 0.804972264856189, "best_train_acc": 0.6480011966642982, "best_valid_auc": 0.7759187204848905, "best_valid_acc": 0.4890282131661442, "_wandb": {"runtime": 493}}