{"epoch": 20, "train_loss_epoch": 0.4708574116230011, "train_auc_epoch": 0.833363521774384, "train_acc_epoch": 0.7846240582235662, "valid_auc_epoch": 0.8004264943353463, "valid_acc_epoch": 0.7357814599193909, "_timestamp": 1669889388.1212559, "_runtime": 1155.9760479927063, "_step": 20, "best_epoch": 10, "best_train_loss": 0.47062748670578003, "best_train_auc": 0.8340193937207372, "best_train_acc": 0.784032938684161, "best_valid_auc": 0.8030686082833323, "best_valid_acc": 0.7339901477832512, "_wandb": {"runtime": 1147}}