{"epoch": 52, "train_loss_epoch": 0.5665578246116638, "train_auc_epoch": 0.8073669720097417, "train_acc_epoch": 0.6414805461289559, "valid_auc_epoch": 0.748231099896306, "valid_acc_epoch": 0.4890282131661442, "_timestamp": 1670556932.9361672, "_runtime": 950.864586353302, "_step": 52, "best_epoch": 42, "best_train_loss": 0.5688652992248535, "best_train_auc": 0.802895914121748, "best_train_acc": 0.6414805461289559, "best_valid_auc": 0.7548251485587156, "best_valid_acc": 0.4890282131661442, "_wandb": {"runtime": 950}}