{"epoch": 85, "train_loss_epoch": 0.4441550672054291, "train_auc_epoch": 0.8548907948490657, "train_acc_epoch": 0.7966516698390725, "valid_auc_epoch": 0.8133401071613167, "valid_acc_epoch": 0.7362292879534259, "_timestamp": 1669810701.1931906, "_runtime": 970.6563785076141, "_step": 85, "best_epoch": 75, "best_train_loss": 0.4472523331642151, "best_train_auc": 0.8525343113589329, "best_train_acc": 0.7956393839764665, "best_valid_auc": 0.813654720972863, "best_valid_acc": 0.7348858038513211, "_wandb": {"runtime": 970}}