{"epoch": 70, "train_loss_epoch": 0.45859047770500183, "train_auc_epoch": 0.8432166050038356, "train_acc_epoch": 0.7898142927921001, "valid_auc_epoch": 0.8166989306340752, "valid_acc_epoch": 0.7389162561576355, "_timestamp": 1669770732.5563056, "_runtime": 1765.7516486644745, "_step": 70, "best_epoch": 60, "best_train_loss": 0.458469957113266, "best_train_auc": 0.8432436039582106, "best_train_acc": 0.790070558488374, "best_valid_auc": 0.8180697479558128, "best_valid_acc": 0.7348858038513211, "_wandb": {"runtime": 1765}}