{"epoch": 30, "train_loss_epoch": 0.4335925877094269, "train_auc_epoch": 0.8609382932694236, "train_acc_epoch": 0.8027420702829625, "valid_auc_epoch": 0.815800836615911, "valid_acc_epoch": 0.729511867442902, "_timestamp": 1669785726.5843105, "_runtime": 1466.4412715435028, "_step": 30, "best_epoch": 20, "best_train_loss": 0.44284018874168396, "best_train_auc": 0.8543101079669146, "best_train_acc": 0.7978895780861793, "best_valid_auc": 0.8209662817462993, "best_valid_acc": 0.7375727720555306, "_wandb": {"runtime": 1466}}