{"epoch": 43, "train_loss_epoch": 0.4313776195049286, "train_auc_epoch": 0.8637872425901674, "train_acc_epoch": 0.802142379215008, "valid_auc_epoch": 0.80885043965675, "valid_acc_epoch": 0.7245857590685177, "_timestamp": 1670082272.1463928, "_runtime": 842.1388509273529, "_step": 43, "best_epoch": 33, "best_train_loss": 0.4600266218185425, "best_train_auc": 0.8421623468447227, "best_train_acc": 0.7893726881367487, "best_valid_auc": 0.8184028212511998, "best_valid_acc": 0.7465293327362292, "_wandb": {"runtime": 841}}