{"epoch": 22, "train_loss_epoch": 0.46181899309158325, "train_auc_epoch": 0.8399877968131314, "train_acc_epoch": 0.7882971998701587, "valid_auc_epoch": 0.8182021746877138, "valid_acc_epoch": 0.7456336766681594, "_timestamp": 1669739841.1048973, "_runtime": 596.1536133289337, "_step": 22, "best_epoch": 12, "best_train_loss": 0.4621798098087311, "best_train_auc": 0.8397123423171069, "best_train_acc": 0.7881673585840466, "best_valid_auc": 0.8201107247995942, "best_valid_acc": 0.7375727720555306, "_wandb": {"runtime": 595}}